fecha,hora,spot,altura_m,periodo_s,dir_swell_deg,viento_kmh,viento_dir_deg,calidad_0_5,feedback_usuario
2026-09-25,00:00,Almenara,0.17,4.8,84,4.5,284,0,
2026-09-25,00:00,Burriana,0.17,4.8,84,4.5,284,0,
2026-09-25,00:00,Gurugu,0.17,4.8,84,4.5,284,0,
2026-09-25,00:00,La Renegà,0.20,4.8,84,4.5,284,1,
2026-09-25,00:00,Nules,0.17,4.8,84,4.5,284,0,
2026-09-25,00:00,Peñíscola N,0.19,4.8,84,4.5,284,0,
2026-09-25,00:00,Pirámides,0.14,4.8,84,4.5,284,0,
2026-09-25,00:00,Planetario,0.17,4.8,84,4.5,284,0,
2026-09-25,00:00,Vinaròs,0.19,4.8,84,4.5,284,0,
2026-09-25,00:00,Voramar,0.09,4.8,84,4.5,284,0,
2026-09-25,01:00,Almenara,0.20,4.7,89,4.6,315,1,
2026-09-25,01:00,Burriana,0.20,4.7,89,4.6,315,1,
2026-09-25,01:00,Gurugu,0.20,4.7,89,4.6,315,1,
2026-09-25,01:00,La Renegà,0.22,4.7,89,4.6,315,1,
2026-09-25,01:00,Nules,0.20,4.7,89,4.6,315,1,
2026-09-25,01:00,Peñíscola N,0.22,4.7,89,4.6,315,1,
2026-09-25,01:00,Pirámides,0.17,4.7,89,4.6,315,0,
2026-09-25,01:00,Planetario,0.20,4.7,89,4.6,315,1,
2026-09-25,01:00,Vinaròs,0.22,4.7,89,4.6,315,1,
2026-09-25,01:00,Voramar,0.12,4.7,89,4.6,315,0,
2026-09-25,02:00,Almenara,0.21,4.6,95,5.8,338,1,
2026-09-25,02:00,Burriana,0.21,4.6,95,5.8,338,1,
2026-09-25,02:00,Gurugu,0.21,4.6,95,5.8,338,1,
2026-09-25,02:00,La Renegà,0.21,4.6,95,5.8,338,1,
2026-09-25,02:00,Nules,0.21,4.6,95,5.8,338,1,
2026-09-25,02:00,Peñíscola N,0.22,4.6,95,5.8,338,1,
2026-09-25,02:00,Pirámides,0.18,4.6,95,5.8,338,0,
2026-09-25,02:00,Planetario,0.21,4.6,95,5.8,338,1,
2026-09-25,02:00,Vinaròs,0.22,4.6,95,5.8,338,1,
2026-09-25,02:00,Voramar,0.14,4.6,95,5.8,338,0,
2026-09-25,03:00,Almenara,0.21,4.5,99,5.8,353,1,
2026-09-25,03:00,Burriana,0.21,4.5,99,5.8,353,1,
2026-09-25,03:00,Gurugu,0.21,4.5,99,5.8,353,1,
2026-09-25,03:00,La Renegà,0.21,4.5,99,5.8,353,1,
2026-09-25,03:00,Nules,0.21,4.5,99,5.8,353,1,
2026-09-25,03:00,Peñíscola N,0.22,4.5,99,5.8,353,1,
2026-09-25,03:00,Pirámides,0.19,4.5,99,5.8,353,0,
2026-09-25,03:00,Planetario,0.21,4.5,99,5.8,353,1,
2026-09-25,03:00,Vinaròs,0.22,4.5,99,5.8,353,1,
2026-09-25,03:00,Voramar,0.15,4.5,99,5.8,353,0,
2026-09-25,04:00,Almenara,0.23,4.5,102,5.1,352,1,
2026-09-25,04:00,Burriana,0.23,4.5,102,5.1,352,1,
2026-09-25,04:00,Gurugu,0.23,4.5,102,5.1,352,1,
2026-09-25,04:00,La Renegà,0.23,4.5,102,5.1,352,1,
2026-09-25,04:00,Nules,0.23,4.5,102,5.1,352,1,
2026-09-25,04:00,Peñíscola N,0.24,4.5,102,5.1,352,1,
2026-09-25,04:00,Pirámides,0.22,4.5,102,5.1,352,1,
2026-09-25,04:00,Planetario,0.23,4.5,102,5.1,352,1,
2026-09-25,04:00,Vinaròs,0.24,4.5,102,5.1,352,1,
2026-09-25,04:00,Voramar,0.18,4.5,102,5.1,352,0,
2026-09-25,05:00,Almenara,0.24,4.5,106,5.5,337,1,
2026-09-25,05:00,Burriana,0.24,4.5,106,5.5,337,1,
2026-09-25,05:00,Gurugu,0.24,4.5,106,5.5,337,1,
2026-09-25,05:00,La Renegà,0.22,4.5,106,5.5,337,1,
2026-09-25,05:00,Nules,0.24,4.5,106,5.5,337,1,
2026-09-25,05:00,Peñíscola N,0.24,4.5,106,5.5,337,1,
2026-09-25,05:00,Pirámides,0.22,4.5,106,5.5,337,1,
2026-09-25,05:00,Planetario,0.24,4.5,106,5.5,337,1,
2026-09-25,05:00,Vinaròs,0.24,4.5,106,5.5,337,1,
2026-09-25,05:00,Voramar,0.19,4.5,106,5.5,337,0,
2026-09-25,06:00,Almenara,0.24,4.4,107,5.7,325,1,
2026-09-25,06:00,Burriana,0.24,4.4,107,5.7,325,1,
2026-09-25,06:00,Gurugu,0.24,4.4,107,5.7,325,1,
2026-09-25,06:00,La Renegà,0.22,4.4,107,5.7,325,1,
2026-09-25,06:00,Nules,0.24,4.4,107,5.7,325,1,
2026-09-25,06:00,Peñíscola N,0.24,4.4,107,5.7,325,1,
2026-09-25,06:00,Pirámides,0.22,4.4,107,5.7,325,1,
2026-09-25,06:00,Planetario,0.24,4.4,107,5.7,325,1,
2026-09-25,06:00,Vinaròs,0.24,4.4,107,5.7,325,1,
2026-09-25,06:00,Voramar,0.19,4.4,107,5.7,325,0,
2026-09-25,07:00,Almenara,0.26,4.4,109,5.7,325,1,
2026-09-25,07:00,Burriana,0.26,4.4,109,5.7,325,1,
2026-09-25,07:00,Gurugu,0.26,4.4,109,5.7,325,1,
2026-09-25,07:00,La Renegà,0.23,4.4,109,5.7,325,1,
2026-09-25,07:00,Nules,0.26,4.4,109,5.7,325,1,
2026-09-25,07:00,Peñíscola N,0.26,4.4,109,5.7,325,1,
2026-09-25,07:00,Pirámides,0.25,4.4,109,5.7,325,1,
2026-09-25,07:00,Planetario,0.26,4.4,109,5.7,325,1,
2026-09-25,07:00,Vinaròs,0.26,4.4,109,5.7,325,1,
2026-09-25,07:00,Voramar,0.21,4.4,109,5.7,325,1,
2026-09-25,08:00,Almenara,0.26,4.4,110,6.0,327,1,
2026-09-25,08:00,Burriana,0.26,4.4,110,6.0,327,1,
2026-09-25,08:00,Gurugu,0.26,4.4,110,6.0,327,1,
2026-09-25,08:00,La Renegà,0.23,4.4,110,6.0,327,1,
2026-09-25,08:00,Nules,0.26,4.4,110,6.0,327,1,
2026-09-25,08:00,Peñíscola N,0.26,4.4,110,6.0,327,1,
2026-09-25,08:00,Pirámides,0.25,4.4,110,6.0,327,1,
2026-09-25,08:00,Planetario,0.26,4.4,110,6.0,327,1,
2026-09-25,08:00,Vinaròs,0.26,4.4,110,6.0,327,1,
2026-09-25,08:00,Voramar,0.22,4.4,110,6.0,327,1,
2026-09-25,09:00,Almenara,0.26,4.4,109,5.5,328,1,
2026-09-25,09:00,Burriana,0.26,4.4,109,5.5,328,1,
2026-09-25,09:00,Gurugu,0.26,4.4,109,5.5,328,1,
2026-09-25,09:00,La Renegà,0.23,4.4,109,5.5,328,1,
2026-09-25,09:00,Nules,0.26,4.4,109,5.5,328,1,
2026-09-25,09:00,Peñíscola N,0.26,4.4,109,5.5,328,1,
2026-09-25,09:00,Pirámides,0.25,4.4,109,5.5,328,1,
2026-09-25,09:00,Planetario,0.26,4.4,109,5.5,328,1,
2026-09-25,09:00,Vinaròs,0.26,4.4,109,5.5,328,1,
2026-09-25,09:00,Voramar,0.21,4.4,109,5.5,328,1,
2026-09-25,10:00,Almenara,0.24,4.5,109,2.1,329,1,
2026-09-25,10:00,Burriana,0.24,4.5,109,2.1,329,1,
2026-09-25,10:00,Gurugu,0.24,4.5,109,2.1,329,1,
2026-09-25,10:00,La Renegà,0.21,4.5,109,2.1,329,1,
2026-09-25,10:00,Nules,0.24,4.5,109,2.1,329,1,
2026-09-25,10:00,Peñíscola N,0.24,4.5,109,2.1,329,1,
2026-09-25,10:00,Pirámides,0.23,4.5,109,2.1,329,1,
2026-09-25,10:00,Planetario,0.24,4.5,109,2.1,329,1,
2026-09-25,10:00,Vinaròs,0.24,4.5,109,2.1,329,1,
2026-09-25,10:00,Voramar,0.20,4.5,109,2.1,329,1,
2026-09-25,11:00,Almenara,0.24,4.5,108,4.1,142,1,
2026-09-25,11:00,Burriana,0.24,4.5,108,4.1,142,1,
2026-09-25,11:00,Gurugu,0.24,4.5,108,4.1,142,1,
2026-09-25,11:00,La Renegà,0.22,4.5,108,4.1,142,1,
2026-09-25,11:00,Nules,0.24,4.5,108,4.1,142,1,
2026-09-25,11:00,Peñíscola N,0.24,4.5,108,4.1,142,1,
2026-09-25,11:00,Pirámides,0.23,4.5,108,4.1,142,1,
2026-09-25,11:00,Planetario,0.24,4.5,108,4.1,142,1,
2026-09-25,11:00,Vinaròs,0.24,4.5,108,4.1,142,1,
2026-09-25,11:00,Voramar,0.19,4.5,108,4.1,142,0,
2026-09-25,12:00,Almenara,0.24,4.5,107,7.5,125,1,
2026-09-25,12:00,Burriana,0.24,4.5,107,7.5,125,1,
2026-09-25,12:00,Gurugu,0.24,4.5,107,7.5,125,1,
2026-09-25,12:00,La Renegà,0.22,4.5,107,7.5,125,1,
2026-09-25,12:00,Nules,0.24,4.5,107,7.5,125,1,
2026-09-25,12:00,Peñíscola N,0.24,4.5,107,7.5,125,1,
2026-09-25,12:00,Pirámides,0.22,4.5,107,7.5,125,1,
2026-09-25,12:00,Planetario,0.24,4.5,107,7.5,125,1,
2026-09-25,12:00,Vinaròs,0.24,4.5,107,7.5,125,1,
2026-09-25,12:00,Voramar,0.19,4.5,107,7.5,125,0,
2026-09-25,13:00,Almenara,0.22,4.5,106,9.1,124,1,
2026-09-25,13:00,Burriana,0.22,4.5,106,9.1,124,1,
2026-09-25,13:00,Gurugu,0.22,4.5,106,9.1,124,1,
2026-09-25,13:00,La Renegà,0.20,4.5,106,9.1,124,1,
2026-09-25,13:00,Nules,0.22,4.5,106,9.1,124,1,
2026-09-25,13:00,Peñíscola N,0.22,4.5,106,9.1,124,1,
2026-09-25,13:00,Pirámides,0.20,4.5,106,9.1,124,1,
2026-09-25,13:00,Planetario,0.22,4.5,106,9.1,124,1,
2026-09-25,13:00,Vinaròs,0.22,4.5,106,9.1,124,1,
2026-09-25,13:00,Voramar,0.17,4.5,106,9.1,124,0,
2026-09-25,14:00,Almenara,0.22,4.5,105,10.5,112,1,
2026-09-25,14:00,Burriana,0.22,4.5,105,10.5,112,1,
2026-09-25,14:00,Gurugu,0.22,4.5,105,10.5,112,1,
2026-09-25,14:00,La Renegà,0.20,4.5,105,10.5,112,1,
2026-09-25,14:00,Nules,0.22,4.5,105,10.5,112,1,
2026-09-25,14:00,Peñíscola N,0.22,4.5,105,10.5,112,1,
2026-09-25,14:00,Pirámides,0.20,4.5,105,10.5,112,1,
2026-09-25,14:00,Planetario,0.22,4.5,105,10.5,112,1,
2026-09-25,14:00,Vinaròs,0.22,4.5,105,10.5,112,1,
2026-09-25,14:00,Voramar,0.17,4.5,105,10.5,112,0,
2026-09-25,15:00,Almenara,0.22,4.5,104,10.9,99,1,
2026-09-25,15:00,Burriana,0.22,4.5,104,10.9,99,1,
2026-09-25,15:00,Gurugu,0.22,4.5,104,10.9,99,1,
2026-09-25,15:00,La Renegà,0.20,4.5,104,10.9,99,1,
2026-09-25,15:00,Nules,0.22,4.5,104,10.9,99,1,
2026-09-25,15:00,Peñíscola N,0.22,4.5,104,10.9,99,1,
2026-09-25,15:00,Pirámides,0.20,4.5,104,10.9,99,1,
2026-09-25,15:00,Planetario,0.22,4.5,104,10.9,99,1,
2026-09-25,15:00,Vinaròs,0.22,4.5,104,10.9,99,1,
2026-09-25,15:00,Voramar,0.17,4.5,104,10.9,99,0,
2026-09-25,16:00,Almenara,0.20,4.5,104,9.7,105,1,
2026-09-25,16:00,Burriana,0.20,4.5,104,9.7,105,1,
2026-09-25,16:00,Gurugu,0.20,4.5,104,9.7,105,1,
2026-09-25,16:00,La Renegà,0.19,4.5,104,9.7,105,0,
2026-09-25,16:00,Nules,0.20,4.5,104,9.7,105,1,
2026-09-25,16:00,Peñíscola N,0.20,4.5,104,9.7,105,1,
2026-09-25,16:00,Pirámides,0.18,4.5,104,9.7,105,0,
2026-09-25,16:00,Planetario,0.20,4.5,104,9.7,105,1,
2026-09-25,16:00,Vinaròs,0.20,4.5,104,9.7,105,1,
2026-09-25,16:00,Voramar,0.15,4.5,104,9.7,105,0,
2026-09-25,17:00,Almenara,0.19,4.5,103,7.1,114,0,
2026-09-25,17:00,Burriana,0.19,4.5,103,7.1,114,0,
2026-09-25,17:00,Gurugu,0.19,4.5,103,7.1,114,0,
2026-09-25,17:00,La Renegà,0.19,4.5,103,7.1,114,0,
2026-09-25,17:00,Nules,0.19,4.5,103,7.1,114,0,
2026-09-25,17:00,Peñíscola N,0.20,4.5,103,7.1,114,1,
2026-09-25,17:00,Pirámides,0.18,4.5,103,7.1,114,0,
2026-09-25,17:00,Planetario,0.19,4.5,103,7.1,114,0,
2026-09-25,17:00,Vinaròs,0.20,4.5,103,7.1,114,1,
2026-09-25,17:00,Voramar,0.15,4.5,103,7.1,114,0,
2026-09-25,18:00,Almenara,0.19,4.5,102,5.6,117,0,
2026-09-25,18:00,Burriana,0.19,4.5,102,5.6,117,0,
2026-09-25,18:00,Gurugu,0.19,4.5,102,5.6,117,0,
2026-09-25,18:00,La Renegà,0.19,4.5,102,5.6,117,0,
2026-09-25,18:00,Nules,0.19,4.5,102,5.6,117,0,
2026-09-25,18:00,Peñíscola N,0.20,4.5,102,5.6,117,1,
2026-09-25,18:00,Pirámides,0.18,4.5,102,5.6,117,0,
2026-09-25,18:00,Planetario,0.19,4.5,102,5.6,117,0,
2026-09-25,18:00,Vinaròs,0.20,4.5,102,5.6,117,1,
2026-09-25,18:00,Voramar,0.15,4.5,102,5.6,117,0,
2026-09-25,19:00,Almenara,0.17,4.5,101,5.2,102,0,
2026-09-25,19:00,Burriana,0.17,4.5,101,5.2,102,0,
2026-09-25,19:00,Gurugu,0.17,4.5,101,5.2,102,0,
2026-09-25,19:00,La Renegà,0.17,4.5,101,5.2,102,0,
2026-09-25,19:00,Nules,0.17,4.5,101,5.2,102,0,
2026-09-25,19:00,Peñíscola N,0.18,4.5,101,5.2,102,0,
2026-09-25,19:00,Pirámides,0.16,4.5,101,5.2,102,0,
2026-09-25,19:00,Planetario,0.17,4.5,101,5.2,102,0,
2026-09-25,19:00,Vinaròs,0.18,4.5,101,5.2,102,0,
2026-09-25,19:00,Voramar,0.13,4.5,101,5.2,102,0,
2026-09-25,20:00,Almenara,0.17,4.5,100,5.1,86,0,
2026-09-25,20:00,Burriana,0.17,4.5,100,5.1,86,0,
2026-09-25,20:00,Gurugu,0.17,4.5,100,5.1,86,0,
2026-09-25,20:00,La Renegà,0.17,4.5,100,5.1,86,0,
2026-09-25,20:00,Nules,0.17,4.5,100,5.1,86,0,
2026-09-25,20:00,Peñíscola N,0.18,4.5,100,5.1,86,0,
2026-09-25,20:00,Pirámides,0.16,4.5,100,5.1,86,0,
2026-09-25,20:00,Planetario,0.17,4.5,100,5.1,86,0,
2026-09-25,20:00,Vinaròs,0.18,4.5,100,5.1,86,0,
2026-09-25,20:00,Voramar,0.13,4.5,100,5.1,86,0,
2026-09-25,21:00,Almenara,0.15,4.5,100,3.4,32,0,
2026-09-25,21:00,Burriana,0.15,4.5,100,3.4,32,0,
2026-09-25,21:00,Gurugu,0.15,4.5,100,3.4,32,0,
2026-09-25,21:00,La Renegà,0.15,4.5,100,3.4,32,0,
2026-09-25,21:00,Nules,0.15,4.5,100,3.4,32,0,
2026-09-25,21:00,Peñíscola N,0.16,4.5,100,3.4,32,0,
2026-09-25,21:00,Pirámides,0.14,4.5,100,3.4,32,0,
2026-09-25,21:00,Planetario,0.15,4.5,100,3.4,32,0,
2026-09-25,21:00,Vinaròs,0.16,4.5,100,3.4,32,0,
2026-09-25,21:00,Voramar,0.11,4.5,100,3.4,32,0,
2026-09-25,22:00,Almenara,0.15,4.5,101,4.0,333,0,
2026-09-25,22:00,Burriana,0.15,4.5,101,4.0,333,0,
2026-09-25,22:00,Gurugu,0.15,4.5,101,4.0,333,0,
2026-09-25,22:00,La Renegà,0.15,4.5,101,4.0,333,0,
2026-09-25,22:00,Nules,0.15,4.5,101,4.0,333,0,
2026-09-25,22:00,Peñíscola N,0.16,4.5,101,4.0,333,0,
2026-09-25,22:00,Pirámides,0.14,4.5,101,4.0,333,0,
2026-09-25,22:00,Planetario,0.15,4.5,101,4.0,333,0,
2026-09-25,22:00,Vinaròs,0.16,4.5,101,4.0,333,0,
2026-09-25,22:00,Voramar,0.12,4.5,101,4.0,333,0,
2026-09-25,23:00,Almenara,0.14,4.5,101,4.9,324,0,
2026-09-25,23:00,Burriana,0.14,4.5,101,4.9,324,0,
2026-09-25,23:00,Gurugu,0.14,4.5,101,4.9,324,0,
2026-09-25,23:00,La Renegà,0.13,4.5,101,4.9,324,0,
2026-09-25,23:00,Nules,0.14,4.5,101,4.9,324,0,
2026-09-25,23:00,Peñíscola N,0.14,4.5,101,4.9,324,0,
2026-09-25,23:00,Pirámides,0.12,4.5,101,4.9,324,0,
2026-09-25,23:00,Planetario,0.14,4.5,101,4.9,324,0,
2026-09-25,23:00,Vinaròs,0.14,4.5,101,4.9,324,0,
2026-09-25,23:00,Voramar,0.10,4.5,101,4.9,324,0,
2026-10-01,00:00,Almenara,0.35,5.8,100,3.6,307,4,
2026-10-01,00:00,Burriana,0.35,5.8,100,3.6,307,4,
2026-10-01,00:00,Gurugu,0.35,5.8,100,3.6,307,4,
2026-10-01,00:00,La Renegà,0.34,5.8,100,3.6,307,1,
2026-10-01,00:00,Nules,0.35,5.8,100,3.6,307,4,
2026-10-01,00:00,Peñíscola N,0.36,5.8,100,3.6,307,2,
2026-10-01,00:00,Pirámides,0.32,5.8,100,3.6,307,1,
2026-10-01,00:00,Planetario,0.35,5.8,100,3.6,307,4,
2026-10-01,00:00,Vinaròs,0.36,5.8,100,3.6,307,2,
2026-10-01,00:00,Voramar,0.26,5.8,100,3.6,307,1,
2026-10-01,01:00,Almenara,0.35,5.8,101,4.4,351,2,
2026-10-01,01:00,Burriana,0.35,5.8,101,4.4,351,2,
2026-10-01,01:00,Gurugu,0.35,5.8,101,4.4,351,2,
2026-10-01,01:00,La Renegà,0.34,5.8,101,4.4,351,1,
2026-10-01,01:00,Nules,0.35,5.8,101,4.4,351,2,
2026-10-01,01:00,Peñíscola N,0.36,5.8,101,4.4,351,2,
2026-10-01,01:00,Pirámides,0.32,5.8,101,4.4,351,1,
2026-10-01,01:00,Planetario,0.35,5.8,101,4.4,351,2,
2026-10-01,01:00,Vinaròs,0.36,5.8,101,4.4,351,2,
2026-10-01,01:00,Voramar,0.26,5.8,101,4.4,351,1,
2026-10-01,02:00,Almenara,0.35,5.8,101,3.2,333,2,
2026-10-01,02:00,Burriana,0.35,5.8,101,3.2,333,2,
2026-10-01,02:00,Gurugu,0.35,5.8,101,3.2,333,2,
2026-10-01,02:00,La Renegà,0.34,5.8,101,3.2,333,1,
2026-10-01,02:00,Nules,0.35,5.8,101,3.2,333,2,
2026-10-01,02:00,Peñíscola N,0.36,5.8,101,3.2,333,2,
2026-10-01,02:00,Pirámides,0.32,5.8,101,3.2,333,1,
2026-10-01,02:00,Planetario,0.35,5.8,101,3.2,333,2,
2026-10-01,02:00,Vinaròs,0.36,5.8,101,3.2,333,2,
2026-10-01,02:00,Voramar,0.26,5.8,101,3.2,333,1,
2026-10-01,03:00,Almenara,0.35,5.8,101,6.1,3,2,
2026-10-01,03:00,Burriana,0.35,5.8,101,6.1,3,2,
2026-10-01,03:00,Gurugu,0.35,5.8,101,6.1,3,2,
2026-10-01,03:00,La Renegà,0.34,5.8,101,6.1,3,1,
2026-10-01,03:00,Nules,0.35,5.8,101,6.1,3,2,
2026-10-01,03:00,Peñíscola N,0.36,5.8,101,6.1,3,2,
2026-10-01,03:00,Pirámides,0.32,5.8,101,6.1,3,1,
2026-10-01,03:00,Planetario,0.35,5.8,101,6.1,3,2,
2026-10-01,03:00,Vinaròs,0.36,5.8,101,6.1,3,2,
2026-10-01,03:00,Voramar,0.26,5.8,101,6.1,3,1,
2026-10-01,04:00,Almenara,0.37,5.7,102,5.8,353,2,
2026-10-01,04:00,Burriana,0.37,5.7,102,5.8,353,2,
2026-10-01,04:00,Gurugu,0.37,5.7,102,5.8,353,2,
2026-10-01,04:00,La Renegà,0.36,5.7,102,5.8,353,2,
2026-10-01,04:00,Nules,0.37,5.7,102,5.8,353,2,
2026-10-01,04:00,Peñíscola N,0.38,5.7,102,5.8,353,2,
2026-10-01,04:00,Pirámides,0.34,5.7,102,5.8,353,1,
2026-10-01,04:00,Planetario,0.37,5.7,102,5.8,353,2,
2026-10-01,04:00,Vinaròs,0.38,5.7,102,5.8,353,2,
2026-10-01,04:00,Voramar,0.28,5.7,102,5.8,353,1,
2026-10-01,05:00,Almenara,0.37,5.7,102,4.5,331,2,
2026-10-01,05:00,Burriana,0.37,5.7,102,4.5,331,2,
2026-10-01,05:00,Gurugu,0.37,5.7,102,4.5,331,2,
2026-10-01,05:00,La Renegà,0.36,5.7,102,4.5,331,2,
2026-10-01,05:00,Nules,0.37,5.7,102,4.5,331,2,
2026-10-01,05:00,Peñíscola N,0.38,5.7,102,4.5,331,2,
2026-10-01,05:00,Pirámides,0.34,5.7,102,4.5,331,1,
2026-10-01,05:00,Planetario,0.37,5.7,102,4.5,331,2,
2026-10-01,05:00,Vinaròs,0.38,5.7,102,4.5,331,2,
2026-10-01,05:00,Voramar,0.28,5.7,102,4.5,331,1,
2026-10-01,06:00,Almenara,0.37,5.7,102,5.5,337,2,
2026-10-01,06:00,Burriana,0.37,5.7,102,5.5,337,2,
2026-10-01,06:00,Gurugu,0.37,5.7,102,5.5,337,2,
2026-10-01,06:00,La Renegà,0.36,5.7,102,5.5,337,2,
2026-10-01,06:00,Nules,0.37,5.7,102,5.5,337,2,
2026-10-01,06:00,Peñíscola N,0.38,5.7,102,5.5,337,2,
2026-10-01,06:00,Pirámides,0.34,5.7,102,5.5,337,1,
2026-10-01,06:00,Planetario,0.37,5.7,102,5.5,337,2,
2026-10-01,06:00,Vinaròs,0.38,5.7,102,5.5,337,2,
2026-10-01,06:00,Voramar,0.28,5.7,102,5.5,337,1,
2026-10-01,07:00,Almenara,0.37,5.7,102,6.4,344,2,
2026-10-01,07:00,Burriana,0.37,5.7,102,6.4,344,2,
2026-10-01,07:00,Gurugu,0.37,5.7,102,6.4,344,2,
2026-10-01,07:00,La Renegà,0.36,5.7,102,6.4,344,2,
2026-10-01,07:00,Nules,0.37,5.7,102,6.4,344,2,
2026-10-01,07:00,Peñíscola N,0.38,5.7,102,6.4,344,2,
2026-10-01,07:00,Pirámides,0.34,5.7,102,6.4,344,1,
2026-10-01,07:00,Planetario,0.37,5.7,102,6.4,344,2,
2026-10-01,07:00,Vinaròs,0.38,5.7,102,6.4,344,2,
2026-10-01,07:00,Voramar,0.28,5.7,102,6.4,344,1,
2026-10-01,08:00,Almenara,0.37,5.7,102,6.5,341,2,
2026-10-01,08:00,Burriana,0.37,5.7,102,6.5,341,2,
2026-10-01,08:00,Gurugu,0.37,5.7,102,6.5,341,2,
2026-10-01,08:00,La Renegà,0.36,5.7,102,6.5,341,2,
2026-10-01,08:00,Nules,0.37,5.7,102,6.5,341,2,
2026-10-01,08:00,Peñíscola N,0.38,5.7,102,6.5,341,2,
2026-10-01,08:00,Pirámides,0.34,5.7,102,6.5,341,1,
2026-10-01,08:00,Planetario,0.37,5.7,102,6.5,341,2,
2026-10-01,08:00,Vinaròs,0.38,5.7,102,6.5,341,2,
2026-10-01,08:00,Voramar,0.28,5.7,102,6.5,341,1,
2026-10-01,09:00,Almenara,0.37,5.7,102,6.2,339,2,
2026-10-01,09:00,Burriana,0.37,5.7,102,6.2,339,2,
2026-10-01,09:00,Gurugu,0.37,5.7,102,6.2,339,2,
2026-10-01,09:00,La Renegà,0.36,5.7,102,6.2,339,2,
2026-10-01,09:00,Nules,0.37,5.7,102,6.2,339,2,
2026-10-01,09:00,Peñíscola N,0.38,5.7,102,6.2,339,2,
2026-10-01,09:00,Pirámides,0.34,5.7,102,6.2,339,1,
2026-10-01,09:00,Planetario,0.37,5.7,102,6.2,339,2,
2026-10-01,09:00,Vinaròs,0.38,5.7,102,6.2,339,2,
2026-10-01,09:00,Voramar,0.28,5.7,102,6.2,339,1,
2026-10-01,10:00,Almenara,0.37,5.7,101,5.8,356,2,
2026-10-01,10:00,Burriana,0.37,5.7,101,5.8,356,2,
2026-10-01,10:00,Gurugu,0.37,5.7,101,5.8,356,2,
2026-10-01,10:00,La Renegà,0.36,5.7,101,5.8,356,2,
2026-10-01,10:00,Nules,0.37,5.7,101,5.8,356,2,
2026-10-01,10:00,Peñíscola N,0.38,5.7,101,5.8,356,2,
2026-10-01,10:00,Pirámides,0.34,5.7,101,5.8,356,1,
2026-10-01,10:00,Planetario,0.37,5.7,101,5.8,356,2,
2026-10-01,10:00,Vinaròs,0.38,5.7,101,5.8,356,2,
2026-10-01,10:00,Voramar,0.28,5.7,101,5.8,356,1,
2026-10-01,11:00,Almenara,0.37,5.5,101,7.2,27,2,
2026-10-01,11:00,Burriana,0.37,5.5,101,7.2,27,2,
2026-10-01,11:00,Gurugu,0.37,5.5,101,7.2,27,2,
2026-10-01,11:00,La Renegà,0.36,5.5,101,7.2,27,2,
2026-10-01,11:00,Nules,0.37,5.5,101,7.2,27,2,
2026-10-01,11:00,Peñíscola N,0.38,5.5,101,7.2,27,2,
2026-10-01,11:00,Pirámides,0.34,5.5,101,7.2,27,1,
2026-10-01,11:00,Planetario,0.37,5.5,101,7.2,27,2,
2026-10-01,11:00,Vinaròs,0.38,5.5,101,7.2,27,2,
2026-10-01,11:00,Voramar,0.28,5.5,101,7.2,27,1,
2026-10-01,12:00,Almenara,0.44,5.0,93,12.6,77,2,
2026-10-01,12:00,Burriana,0.44,5.0,93,12.6,77,2,
2026-10-01,12:00,Gurugu,0.44,5.0,93,12.6,77,2,
2026-10-01,12:00,La Renegà,0.47,5.0,93,12.6,77,2,
2026-10-01,12:00,Nules,0.44,5.0,93,12.6,77,2,
2026-10-01,12:00,Peñíscola N,0.48,5.0,93,12.6,77,2,
2026-10-01,12:00,Pirámides,0.39,5.0,93,12.6,77,2,
2026-10-01,12:00,Planetario,0.44,5.0,93,12.6,77,2,
2026-10-01,12:00,Vinaròs,0.48,5.0,93,12.6,77,2,
2026-10-01,12:00,Voramar,0.30,5.0,93,12.6,77,1,
2026-10-01,13:00,Almenara,0.48,4.3,85,12.0,69,2,
2026-10-01,13:00,Burriana,0.48,4.3,85,12.0,69,2,
2026-10-01,13:00,Gurugu,0.48,4.3,85,12.0,69,2,
2026-10-01,13:00,La Renegà,0.56,4.3,85,12.0,69,3,
2026-10-01,13:00,Nules,0.48,4.3,85,12.0,69,2,
2026-10-01,13:00,Peñíscola N,0.54,4.3,85,12.0,69,3,
2026-10-01,13:00,Pirámides,0.41,4.3,85,12.0,69,2,
2026-10-01,13:00,Planetario,0.48,4.3,85,12.0,69,2,
2026-10-01,13:00,Vinaròs,0.54,4.3,85,12.0,69,3,
2026-10-01,13:00,Voramar,0.28,4.3,85,12.0,69,1,
2026-10-01,14:00,Almenara,0.51,3.8,77,16.5,67,3,
2026-10-01,14:00,Burriana,0.51,3.8,77,16.5,67,3,
2026-10-01,14:00,Gurugu,0.51,3.8,77,16.5,67,3,
2026-10-01,14:00,La Renegà,0.66,3.8,77,16.5,67,3,
2026-10-01,14:00,Nules,0.51,3.8,77,16.5,67,3,
2026-10-01,14:00,Peñíscola N,0.61,3.8,77,16.5,67,3,
2026-10-01,14:00,Pirámides,0.41,3.8,77,16.5,67,2,
2026-10-01,14:00,Planetario,0.51,3.8,77,16.5,67,3,
2026-10-01,14:00,Vinaròs,0.61,3.8,77,16.5,67,3,
2026-10-01,14:00,Voramar,0.22,3.8,77,16.5,67,1,
2026-10-01,15:00,Almenara,0.56,3.8,77,14.8,64,3,
2026-10-01,15:00,Burriana,0.56,3.8,77,14.8,64,3,
2026-10-01,15:00,Gurugu,0.56,3.8,77,14.8,64,3,
2026-10-01,15:00,La Renegà,0.72,3.8,77,14.8,64,3,
2026-10-01,15:00,Nules,0.56,3.8,77,14.8,64,3,
2026-10-01,15:00,Peñíscola N,0.66,3.8,77,14.8,64,3,
2026-10-01,15:00,Pirámides,0.45,3.8,77,14.8,64,2,
2026-10-01,15:00,Planetario,0.56,3.8,77,14.8,64,3,
2026-10-01,15:00,Vinaròs,0.66,3.8,77,14.8,64,3,
2026-10-01,15:00,Voramar,0.24,3.8,77,14.8,64,1,
2026-10-01,16:00,Almenara,0.61,4.1,77,15.9,65,3,
2026-10-01,16:00,Burriana,0.60,4.1,77,15.9,65,3,
2026-10-01,16:00,Gurugu,0.60,4.1,77,15.9,65,3,
2026-10-01,16:00,La Renegà,0.78,4.1,77,15.9,65,3,
2026-10-01,16:00,Nules,0.60,4.1,77,15.9,65,3,
2026-10-01,16:00,Peñíscola N,0.72,4.1,77,15.9,65,3,
2026-10-01,16:00,Pirámides,0.48,4.1,77,15.9,65,2,
2026-10-01,16:00,Planetario,0.60,4.1,77,15.9,65,3,
2026-10-01,16:00,Vinaròs,0.72,4.1,77,15.9,65,3,
2026-10-01,16:00,Voramar,0.26,4.1,77,15.9,65,1,
2026-10-01,17:00,Almenara,0.65,4.3,77,11.2,69,3,
2026-10-01,17:00,Burriana,0.65,4.3,77,11.2,69,3,
2026-10-01,17:00,Gurugu,0.65,4.3,77,11.2,69,3,
2026-10-01,17:00,La Renegà,0.84,4.3,77,11.2,69,3,
2026-10-01,17:00,Nules,0.65,4.3,77,11.2,69,3,
2026-10-01,17:00,Peñíscola N,0.77,4.3,77,11.2,69,3,
2026-10-01,17:00,Pirámides,0.52,4.3,77,11.2,69,3,
2026-10-01,17:00,Planetario,0.65,4.3,77,11.2,69,3,
2026-10-01,17:00,Vinaròs,0.77,4.3,77,11.2,69,3,
2026-10-01,17:00,Voramar,0.28,4.3,77,11.2,69,1,
2026-10-01,18:00,Almenara,0.63,4.3,78,12.2,43,3,
2026-10-01,18:00,Burriana,0.63,4.3,78,12.2,43,3,
2026-10-01,18:00,Gurugu,0.63,4.3,78,12.2,43,3,
2026-10-01,18:00,La Renegà,0.80,4.3,78,12.2,43,3,
2026-10-01,18:00,Nules,0.63,4.3,78,12.2,43,3,
2026-10-01,18:00,Peñíscola N,0.74,4.3,78,12.2,43,3,
2026-10-01,18:00,Pirámides,0.51,4.3,78,12.2,43,3,
2026-10-01,18:00,Planetario,0.63,4.3,78,12.2,43,3,
2026-10-01,18:00,Vinaròs,0.74,4.3,78,12.2,43,3,
2026-10-01,18:00,Voramar,0.29,4.3,78,12.2,43,1,
2026-10-01,19:00,Almenara,0.59,4.3,79,10.7,50,3,
2026-10-01,19:00,Burriana,0.59,4.3,79,10.7,50,3,
2026-10-01,19:00,Gurugu,0.59,4.3,79,10.7,50,3,
2026-10-01,19:00,La Renegà,0.74,4.3,79,10.7,50,3,
2026-10-01,19:00,Nules,0.59,4.3,79,10.7,50,3,
2026-10-01,19:00,Peñíscola N,0.69,4.3,79,10.7,50,3,
2026-10-01,19:00,Pirámides,0.48,4.3,79,10.7,50,2,
2026-10-01,19:00,Planetario,0.59,4.3,79,10.7,50,3,
2026-10-01,19:00,Vinaròs,0.69,4.3,79,10.7,50,3,
2026-10-01,19:00,Voramar,0.28,4.3,79,10.7,50,1,
2026-10-01,20:00,Almenara,0.57,4.3,80,10.7,50,3,
2026-10-01,20:00,Burriana,0.56,4.3,80,10.7,50,3,
2026-10-01,20:00,Gurugu,0.56,4.3,80,10.7,50,3,
2026-10-01,20:00,La Renegà,0.70,4.3,80,10.7,50,3,
2026-10-01,20:00,Nules,0.57,4.3,80,10.7,50,3,
2026-10-01,20:00,Peñíscola N,0.66,4.3,80,10.7,50,3,
2026-10-01,20:00,Pirámides,0.46,4.3,80,10.7,50,2,
2026-10-01,20:00,Planetario,0.56,4.3,80,10.7,50,3,
2026-10-01,20:00,Vinaròs,0.66,4.3,80,10.7,50,3,
2026-10-01,20:00,Voramar,0.28,4.3,80,10.7,50,1,
2026-10-01,21:00,Almenara,0.54,4.3,81,9.5,29,3,
2026-10-01,21:00,Burriana,0.54,4.3,81,9.5,29,3,
2026-10-01,21:00,Gurugu,0.54,4.3,81,9.5,29,3,
2026-10-01,21:00,La Renegà,0.66,4.3,81,9.5,29,3,
2026-10-01,21:00,Nules,0.54,4.3,81,9.5,29,3,
2026-10-01,21:00,Peñíscola N,0.62,4.3,81,9.5,29,3,
2026-10-01,21:00,Pirámides,0.45,4.3,81,9.5,29,2,
2026-10-01,21:00,Planetario,0.54,4.3,81,9.5,29,3,
2026-10-01,21:00,Vinaròs,0.62,4.3,81,9.5,29,3,
2026-10-01,21:00,Voramar,0.28,4.3,81,9.5,29,1,
2026-10-01,22:00,Almenara,0.51,4.3,81,10.8,30,3,
2026-10-01,22:00,Burriana,0.51,4.3,81,10.8,30,3,
2026-10-01,22:00,Gurugu,0.51,4.3,81,10.8,30,3,
2026-10-01,22:00,La Renegà,0.62,4.3,81,10.8,30,3,
2026-10-01,22:00,Nules,0.51,4.3,81,10.8,30,3,
2026-10-01,22:00,Peñíscola N,0.59,4.3,81,10.8,30,3,
2026-10-01,22:00,Pirámides,0.42,4.3,81,10.8,30,2,
2026-10-01,22:00,Planetario,0.51,4.3,81,10.8,30,3,
2026-10-01,22:00,Vinaròs,0.59,4.3,81,10.8,30,3,
2026-10-01,22:00,Voramar,0.26,4.3,81,10.8,30,1,
2026-10-01,23:00,Almenara,0.48,4.4,82,11.4,18,2,
2026-10-01,23:00,Burriana,0.48,4.4,82,11.4,18,2,
2026-10-01,23:00,Gurugu,0.48,4.4,82,11.4,18,2,
2026-10-01,23:00,La Renegà,0.58,4.4,82,11.4,18,3,
2026-10-01,23:00,Nules,0.48,4.4,82,11.4,18,2,
2026-10-01,23:00,Peñíscola N,0.55,4.4,82,11.4,18,3,
2026-10-01,23:00,Pirámides,0.40,4.4,82,11.4,18,2,
2026-10-01,23:00,Planetario,0.48,4.4,82,11.4,18,2,
2026-10-01,23:00,Vinaròs,0.55,4.4,82,11.4,18,3,
2026-10-01,23:00,Voramar,0.25,4.4,82,11.4,18,1,
2026-10-02,00:00,Almenara,0.59,4.9,74,11.1,25,3,
2026-10-02,00:00,Burriana,0.59,4.9,74,11.1,25,3,
2026-10-02,00:00,Gurugu,0.59,4.9,74,11.1,25,3,
2026-10-02,00:00,La Renegà,0.79,4.9,74,11.1,25,3,
2026-10-02,00:00,Nules,0.59,4.9,74,11.1,25,3,
2026-10-02,00:00,Peñíscola N,0.72,4.9,74,11.1,25,3,
2026-10-02,00:00,Pirámides,0.46,4.9,74,11.1,25,2,
2026-10-02,00:00,Planetario,0.59,4.9,74,11.1,25,3,
2026-10-02,00:00,Vinaròs,0.72,4.9,74,11.1,25,3,
2026-10-02,00:00,Voramar,0.24,4.9,74,11.1,25,1,
2026-10-02,01:00,Almenara,0.62,5.0,75,11.7,18,3,
2026-10-02,01:00,Burriana,0.61,5.0,75,11.7,18,3,
2026-10-02,01:00,Gurugu,0.61,5.0,75,11.7,18,3,
2026-10-02,01:00,La Renegà,0.81,5.0,75,11.7,18,3,
2026-10-02,01:00,Nules,0.62,5.0,75,11.7,18,3,
2026-10-02,01:00,Peñíscola N,0.74,5.0,75,11.7,18,3,
2026-10-02,01:00,Pirámides,0.48,5.0,75,11.7,18,2,
2026-10-02,01:00,Planetario,0.61,5.0,75,11.7,18,3,
2026-10-02,01:00,Vinaròs,0.74,5.0,75,11.7,18,3,
2026-10-02,01:00,Voramar,0.24,5.0,75,11.7,18,1,
2026-10-02,02:00,Almenara,0.62,5.0,75,13.5,25,3,
2026-10-02,02:00,Burriana,0.61,5.0,75,13.5,25,3,
2026-10-02,02:00,Gurugu,0.61,5.0,75,13.5,25,3,
2026-10-02,02:00,La Renegà,0.81,5.0,75,13.5,25,3,
2026-10-02,02:00,Nules,0.62,5.0,75,13.5,25,3,
2026-10-02,02:00,Peñíscola N,0.74,5.0,75,13.5,25,3,
2026-10-02,02:00,Pirámides,0.48,5.0,75,13.5,25,2,
2026-10-02,02:00,Planetario,0.61,5.0,75,13.5,25,3,
2026-10-02,02:00,Vinaròs,0.74,5.0,75,13.5,25,3,
2026-10-02,02:00,Voramar,0.24,5.0,75,13.5,25,1,
2026-10-02,03:00,Almenara,0.64,5.0,77,13.8,33,3,
2026-10-02,03:00,Burriana,0.63,5.0,77,13.8,33,3,
2026-10-02,03:00,Gurugu,0.63,5.0,77,13.8,33,3,
2026-10-02,03:00,La Renegà,0.82,5.0,77,13.8,33,3,
2026-10-02,03:00,Nules,0.64,5.0,77,13.8,33,3,
2026-10-02,03:00,Peñíscola N,0.75,5.0,77,13.8,33,3,
2026-10-02,03:00,Pirámides,0.51,5.0,77,13.8,33,3,
2026-10-02,03:00,Planetario,0.63,5.0,77,13.8,33,3,
2026-10-02,03:00,Vinaròs,0.75,5.0,77,13.8,33,3,
2026-10-02,03:00,Voramar,0.28,5.0,77,13.8,33,1,
2026-10-02,04:00,Almenara,0.64,5.0,79,13.5,25,3,
2026-10-02,04:00,Burriana,0.64,5.0,79,13.5,25,3,
2026-10-02,04:00,Gurugu,0.64,5.0,79,13.5,25,3,
2026-10-02,04:00,La Renegà,0.80,5.0,79,13.5,25,3,
2026-10-02,04:00,Nules,0.64,5.0,79,13.5,25,3,
2026-10-02,04:00,Peñíscola N,0.75,5.0,79,13.5,25,3,
2026-10-02,04:00,Pirámides,0.52,5.0,79,13.5,25,3,
2026-10-02,04:00,Planetario,0.64,5.0,79,13.5,25,3,
2026-10-02,04:00,Vinaròs,0.75,5.0,79,13.5,25,3,
2026-10-02,04:00,Voramar,0.30,5.0,79,13.5,25,1,
2026-10-02,05:00,Almenara,0.65,5.0,81,12.7,45,3,
2026-10-02,05:00,Burriana,0.65,5.0,81,12.7,45,3,
2026-10-02,05:00,Gurugu,0.65,5.0,81,12.7,45,3,
2026-10-02,05:00,La Renegà,0.80,5.0,81,12.7,45,3,
2026-10-02,05:00,Nules,0.65,5.0,81,12.7,45,3,
2026-10-02,05:00,Peñíscola N,0.76,5.0,81,12.7,45,3,
2026-10-02,05:00,Pirámides,0.54,5.0,81,12.7,45,3,
2026-10-02,05:00,Planetario,0.65,5.0,81,12.7,45,3,
2026-10-02,05:00,Vinaròs,0.76,5.0,81,12.7,45,3,
2026-10-02,05:00,Voramar,0.33,5.0,81,12.7,45,1,
2026-10-02,06:00,Almenara,0.65,5.1,81,13.0,56,3,
2026-10-02,06:00,Burriana,0.65,5.1,81,13.0,56,3,
2026-10-02,06:00,Gurugu,0.65,5.1,81,13.0,56,3,
2026-10-02,06:00,La Renegà,0.80,5.1,81,13.0,56,3,
2026-10-02,06:00,Nules,0.65,5.1,81,13.0,56,3,
2026-10-02,06:00,Peñíscola N,0.76,5.1,81,13.0,56,3,
2026-10-02,06:00,Pirámides,0.54,5.1,81,13.0,56,3,
2026-10-02,06:00,Planetario,0.65,5.1,81,13.0,56,3,
2026-10-02,06:00,Vinaròs,0.76,5.1,81,13.0,56,3,
2026-10-02,06:00,Voramar,0.33,5.1,81,13.0,56,1,
2026-10-02,07:00,Almenara,0.67,5.2,81,12.8,58,3,
2026-10-02,07:00,Burriana,0.67,5.2,81,12.8,58,3,
2026-10-02,07:00,Gurugu,0.67,5.2,81,12.8,58,3,
2026-10-02,07:00,La Renegà,0.82,5.2,81,12.8,58,3,
2026-10-02,07:00,Nules,0.67,5.2,81,12.8,58,3,
2026-10-02,07:00,Peñíscola N,0.78,5.2,81,12.8,58,3,
2026-10-02,07:00,Pirámides,0.55,5.2,81,12.8,58,3,
2026-10-02,07:00,Planetario,0.67,5.2,81,12.8,58,3,
2026-10-02,07:00,Vinaròs,0.78,5.2,81,12.8,58,3,
2026-10-02,07:00,Voramar,0.34,5.2,81,12.8,58,1,
2026-10-02,08:00,Almenara,0.67,5.2,81,14.5,60,3,
2026-10-02,08:00,Burriana,0.67,5.2,81,14.5,60,3,
2026-10-02,08:00,Gurugu,0.67,5.2,81,14.5,60,3,
2026-10-02,08:00,La Renegà,0.82,5.2,81,14.5,60,3,
2026-10-02,08:00,Nules,0.67,5.2,81,14.5,60,3,
2026-10-02,08:00,Peñíscola N,0.78,5.2,81,14.5,60,3,
2026-10-02,08:00,Pirámides,0.55,5.2,81,14.5,60,3,
2026-10-02,08:00,Planetario,0.67,5.2,81,14.5,60,3,
2026-10-02,08:00,Vinaròs,0.78,5.2,81,14.5,60,3,
2026-10-02,08:00,Voramar,0.34,5.2,81,14.5,60,1,
2026-10-02,09:00,Almenara,0.67,5.3,81,13.2,61,3,
2026-10-02,09:00,Burriana,0.67,5.3,81,13.2,61,3,
2026-10-02,09:00,Gurugu,0.67,5.3,81,13.2,61,3,
2026-10-02,09:00,La Renegà,0.82,5.3,81,13.2,61,3,
2026-10-02,09:00,Nules,0.67,5.3,81,13.2,61,3,
2026-10-02,09:00,Peñíscola N,0.78,5.3,81,13.2,61,3,
2026-10-02,09:00,Pirámides,0.55,5.3,81,13.2,61,3,
2026-10-02,09:00,Planetario,0.67,5.3,81,13.2,61,3,
2026-10-02,09:00,Vinaròs,0.78,5.3,81,13.2,61,3,
2026-10-02,09:00,Voramar,0.34,5.3,81,13.2,61,1,
2026-10-02,10:00,Almenara,0.66,5.4,80,13.2,61,3,
2026-10-02,10:00,Burriana,0.66,5.4,80,13.2,61,3,
2026-10-02,10:00,Gurugu,0.66,5.4,80,13.2,61,3,
2026-10-02,10:00,La Renegà,0.82,5.4,80,13.2,61,3,
2026-10-02,10:00,Nules,0.66,5.4,80,13.2,61,3,
2026-10-02,10:00,Peñíscola N,0.77,5.4,80,13.2,61,3,
2026-10-02,10:00,Pirámides,0.54,5.4,80,13.2,61,3,
2026-10-02,10:00,Planetario,0.66,5.4,80,13.2,61,3,
2026-10-02,10:00,Vinaròs,0.77,5.4,80,13.2,61,3,
2026-10-02,10:00,Voramar,0.33,5.4,80,13.2,61,1,
2026-10-02,11:00,Almenara,0.66,5.5,80,11.5,51,3,
2026-10-02,11:00,Burriana,0.66,5.5,80,11.5,51,3,
2026-10-02,11:00,Gurugu,0.66,5.5,80,11.5,51,3,
2026-10-02,11:00,La Renegà,0.82,5.5,80,11.5,51,3,
2026-10-02,11:00,Nules,0.66,5.5,80,11.5,51,3,
2026-10-02,11:00,Peñíscola N,0.77,5.5,80,11.5,51,3,
2026-10-02,11:00,Pirámides,0.54,5.5,80,11.5,51,3,
2026-10-02,11:00,Planetario,0.66,5.5,80,11.5,51,3,
2026-10-02,11:00,Vinaròs,0.77,5.5,80,11.5,51,3,
2026-10-02,11:00,Voramar,0.33,5.5,80,11.5,51,1,
2026-10-02,12:00,Almenara,0.68,5.4,80,10.5,52,3,
2026-10-02,12:00,Burriana,0.68,5.4,80,10.5,52,3,
2026-10-02,12:00,Gurugu,0.68,5.4,80,10.5,52,3,
2026-10-02,12:00,La Renegà,0.84,5.4,80,10.5,52,3,
2026-10-02,12:00,Nules,0.68,5.4,80,10.5,52,3,
2026-10-02,12:00,Peñíscola N,0.79,5.4,80,10.5,52,3,
2026-10-02,12:00,Pirámides,0.56,5.4,80,10.5,52,3,
2026-10-02,12:00,Planetario,0.68,5.4,80,10.5,52,3,
2026-10-02,12:00,Vinaròs,0.79,5.4,80,10.5,52,3,
2026-10-02,12:00,Voramar,0.33,5.4,80,10.5,52,1,
2026-10-02,13:00,Almenara,0.69,5.3,81,10.0,60,3,
2026-10-02,13:00,Burriana,0.69,5.3,81,10.0,60,3,
2026-10-02,13:00,Gurugu,0.69,5.3,81,10.0,60,3,
2026-10-02,13:00,La Renegà,0.84,5.3,81,10.0,60,3,
2026-10-02,13:00,Nules,0.69,5.3,81,10.0,60,3,
2026-10-02,13:00,Peñíscola N,0.79,5.3,81,10.0,60,3,
2026-10-02,13:00,Pirámides,0.57,5.3,81,10.0,60,3,
2026-10-02,13:00,Planetario,0.69,5.3,81,10.0,60,3,
2026-10-02,13:00,Vinaròs,0.79,5.3,81,10.0,60,3,
2026-10-02,13:00,Voramar,0.35,5.3,81,10.0,60,2,
2026-10-02,14:00,Almenara,0.70,5.2,81,8.2,52,3,
2026-10-02,14:00,Burriana,0.70,5.2,81,8.2,52,3,
2026-10-02,14:00,Gurugu,0.70,5.2,81,8.2,52,3,
2026-10-02,14:00,La Renegà,0.86,5.2,81,8.2,52,3,
2026-10-02,14:00,Nules,0.70,5.2,81,8.2,52,3,
2026-10-02,14:00,Peñíscola N,0.81,5.2,81,8.2,52,3,
2026-10-02,14:00,Pirámides,0.58,5.2,81,8.2,52,3,
2026-10-02,14:00,Planetario,0.70,5.2,81,8.2,52,3,
2026-10-02,14:00,Vinaròs,0.81,5.2,81,8.2,52,3,
2026-10-02,14:00,Voramar,0.36,5.2,81,8.2,52,2,
2026-10-02,15:00,Almenara,0.71,5.2,82,7.4,51,3,
2026-10-02,15:00,Burriana,0.71,5.2,82,7.4,51,3,
2026-10-02,15:00,Gurugu,0.71,5.2,82,7.4,51,3,
2026-10-02,15:00,La Renegà,0.86,5.2,82,7.4,51,3,
2026-10-02,15:00,Nules,0.71,5.2,82,7.4,51,3,
2026-10-02,15:00,Peñíscola N,0.82,5.2,82,7.4,51,3,
2026-10-02,15:00,Pirámides,0.59,5.2,82,7.4,51,3,
2026-10-02,15:00,Planetario,0.71,5.2,82,7.4,51,3,
2026-10-02,15:00,Vinaròs,0.82,5.2,82,7.4,51,3,
2026-10-02,15:00,Voramar,0.38,5.2,82,7.4,51,2,
2026-10-02,16:00,Almenara,0.74,5.1,83,8.4,47,3,
2026-10-02,16:00,Burriana,0.74,5.1,83,8.4,47,3,
2026-10-02,16:00,Gurugu,0.74,5.1,83,8.4,47,3,
2026-10-02,16:00,La Renegà,0.88,5.1,83,8.4,47,3,
2026-10-02,16:00,Nules,0.74,5.1,83,8.4,47,3,
2026-10-02,16:00,Peñíscola N,0.84,5.1,83,8.4,47,3,
2026-10-02,16:00,Pirámides,0.62,5.1,83,8.4,47,3,
2026-10-02,16:00,Planetario,0.74,5.1,83,8.4,47,3,
2026-10-02,16:00,Vinaròs,0.84,5.1,83,8.4,47,3,
2026-10-02,16:00,Voramar,0.40,5.1,83,8.4,47,2,
2026-10-02,17:00,Almenara,0.75,5.0,84,9.5,53,3,
2026-10-02,17:00,Burriana,0.74,5.0,84,9.5,53,3,
2026-10-02,17:00,Gurugu,0.74,5.0,84,9.5,53,3,
2026-10-02,17:00,La Renegà,0.88,5.0,84,9.5,53,3,
2026-10-02,17:00,Nules,0.75,5.0,84,9.5,53,3,
2026-10-02,17:00,Peñíscola N,0.85,5.0,84,9.5,53,3,
2026-10-02,17:00,Pirámides,0.63,5.0,84,9.5,53,3,
2026-10-02,17:00,Planetario,0.74,5.0,84,9.5,53,3,
2026-10-02,17:00,Vinaròs,0.85,5.0,84,9.5,53,3,
2026-10-02,17:00,Voramar,0.42,5.0,84,9.5,53,2,
2026-10-02,18:00,Almenara,0.74,5.0,86,10.6,55,3,
2026-10-02,18:00,Burriana,0.74,5.0,86,10.6,55,3,
2026-10-02,18:00,Gurugu,0.74,5.0,86,10.6,55,3,
2026-10-02,18:00,La Renegà,0.86,5.0,86,10.6,55,3,
2026-10-02,18:00,Nules,0.74,5.0,86,10.6,55,3,
2026-10-02,18:00,Peñíscola N,0.83,5.0,86,10.6,55,3,
2026-10-02,18:00,Pirámides,0.64,5.0,86,10.6,55,3,
2026-10-02,18:00,Planetario,0.74,5.0,86,10.6,55,3,
2026-10-02,18:00,Vinaròs,0.83,5.0,86,10.6,55,3,
2026-10-02,18:00,Voramar,0.44,5.0,86,10.6,55,2,
2026-10-02,19:00,Almenara,0.76,5.1,88,11.5,51,3,
2026-10-02,19:00,Burriana,0.76,5.1,88,11.5,51,3,
2026-10-02,19:00,Gurugu,0.76,5.1,88,11.5,51,3,
2026-10-02,19:00,La Renegà,0.86,5.1,88,11.5,51,3,
2026-10-02,19:00,Nules,0.76,5.1,88,11.5,51,3,
2026-10-02,19:00,Peñíscola N,0.84,5.1,88,11.5,51,3,
2026-10-02,19:00,Pirámides,0.66,5.1,88,11.5,51,3,
2026-10-02,19:00,Planetario,0.76,5.1,88,11.5,51,3,
2026-10-02,19:00,Vinaròs,0.84,5.1,88,11.5,51,3,
2026-10-02,19:00,Voramar,0.47,5.1,88,11.5,51,2,
2026-10-02,20:00,Almenara,0.75,5.2,90,11.0,41,3,
2026-10-02,20:00,Burriana,0.75,5.2,90,11.0,41,3,
2026-10-02,20:00,Gurugu,0.75,5.2,90,11.0,41,3,
2026-10-02,20:00,La Renegà,0.83,5.2,90,11.0,41,3,
2026-10-02,20:00,Nules,0.75,5.2,90,11.0,41,3,
2026-10-02,20:00,Peñíscola N,0.83,5.2,90,11.0,41,3,
2026-10-02,20:00,Pirámides,0.66,5.2,90,11.0,41,3,
2026-10-02,20:00,Planetario,0.75,5.2,90,11.0,41,3,
2026-10-02,20:00,Vinaròs,0.83,5.2,90,11.0,41,3,
2026-10-02,20:00,Voramar,0.48,5.2,90,11.0,41,2,
2026-10-02,21:00,Almenara,0.77,5.2,92,10.6,35,3,
2026-10-02,21:00,Burriana,0.77,5.2,92,10.6,35,3,
2026-10-02,21:00,Gurugu,0.77,5.2,92,10.6,35,3,
2026-10-02,21:00,La Renegà,0.83,5.2,92,10.6,35,3,
2026-10-02,21:00,Nules,0.77,5.2,92,10.6,35,3,
2026-10-02,21:00,Peñíscola N,0.83,5.2,92,10.6,35,3,
2026-10-02,21:00,Pirámides,0.68,5.2,92,10.6,35,3,
2026-10-02,21:00,Planetario,0.77,5.2,92,10.6,35,3,
2026-10-02,21:00,Vinaròs,0.83,5.2,92,10.6,35,3,
2026-10-02,21:00,Voramar,0.51,5.2,92,10.6,35,3,
2026-10-02,22:00,Almenara,0.78,5.2,95,10.1,35,3,
2026-10-02,22:00,Burriana,0.78,5.2,95,10.1,35,3,
2026-10-02,22:00,Gurugu,0.78,5.2,95,10.1,35,3,
2026-10-02,22:00,La Renegà,0.82,5.2,95,10.1,35,3,
2026-10-02,22:00,Nules,0.78,5.2,95,10.1,35,3,
2026-10-02,22:00,Peñíscola N,0.84,5.2,95,10.1,35,3,
2026-10-02,22:00,Pirámides,0.70,5.2,95,10.1,35,3,
2026-10-02,22:00,Planetario,0.78,5.2,95,10.1,35,3,
2026-10-02,22:00,Vinaròs,0.84,5.2,95,10.1,35,3,
2026-10-02,22:00,Voramar,0.55,5.2,95,10.1,35,3,
2026-10-02,23:00,Almenara,0.79,5.2,97,9.4,32,3,
2026-10-02,23:00,Burriana,0.79,5.2,97,9.4,32,3,
2026-10-02,23:00,Gurugu,0.79,5.2,97,9.4,32,3,
2026-10-02,23:00,La Renegà,0.81,5.2,97,9.4,32,3,
2026-10-02,23:00,Nules,0.79,5.2,97,9.4,32,3,
2026-10-02,23:00,Peñíscola N,0.84,5.2,97,9.4,32,3,
2026-10-02,23:00,Pirámides,0.72,5.2,97,9.4,32,3,
2026-10-02,23:00,Planetario,0.79,5.2,97,9.4,32,3,
2026-10-02,23:00,Vinaròs,0.84,5.2,97,9.4,32,3,
2026-10-02,23:00,Voramar,0.57,5.2,97,9.4,32,3,
2026-10-03,00:00,Almenara,0.77,5.4,95,10.1,27,3,
2026-10-03,00:00,Burriana,0.77,5.4,95,10.1,27,3,
2026-10-03,00:00,Gurugu,0.77,5.4,95,10.1,27,3,
2026-10-03,00:00,La Renegà,0.80,5.4,95,10.1,27,3,
2026-10-03,00:00,Nules,0.77,5.4,95,10.1,27,3,
2026-10-03,00:00,Peñíscola N,0.82,5.4,95,10.1,27,3,
2026-10-03,00:00,Pirámides,0.69,5.4,95,10.1,27,3,
2026-10-03,00:00,Planetario,0.77,5.4,95,10.1,27,3,
2026-10-03,00:00,Vinaròs,0.82,5.4,95,10.1,27,3,
2026-10-03,00:00,Voramar,0.53,5.4,95,10.1,27,3,
2026-10-03,01:00,Almenara,0.75,5.4,96,9.5,25,3,
2026-10-03,01:00,Burriana,0.75,5.4,96,9.5,25,3,
2026-10-03,01:00,Gurugu,0.75,5.4,96,9.5,25,3,
2026-10-03,01:00,La Renegà,0.78,5.4,96,9.5,25,3,
2026-10-03,01:00,Nules,0.75,5.4,96,9.5,25,3,
2026-10-03,01:00,Peñíscola N,0.80,5.4,96,9.5,25,3,
2026-10-03,01:00,Pirámides,0.68,5.4,96,9.5,25,3,
2026-10-03,01:00,Planetario,0.75,5.4,96,9.5,25,3,
2026-10-03,01:00,Vinaròs,0.80,5.4,96,9.5,25,3,
2026-10-03,01:00,Voramar,0.53,5.4,96,9.5,25,3,
2026-10-03,02:00,Almenara,0.76,5.4,98,8.2,15,3,
2026-10-03,02:00,Burriana,0.76,5.4,98,8.2,15,3,
2026-10-03,02:00,Gurugu,0.76,5.4,98,8.2,15,3,
2026-10-03,02:00,La Renegà,0.77,5.4,98,8.2,15,3,
2026-10-03,02:00,Nules,0.76,5.4,98,8.2,15,3,
2026-10-03,02:00,Peñíscola N,0.80,5.4,98,8.2,15,3,
2026-10-03,02:00,Pirámides,0.69,5.4,98,8.2,15,3,
2026-10-03,02:00,Planetario,0.76,5.4,98,8.2,15,3,
2026-10-03,02:00,Vinaròs,0.80,5.4,98,8.2,15,3,
2026-10-03,02:00,Voramar,0.55,5.4,98,8.2,15,3,
2026-10-03,03:00,Almenara,0.75,5.4,99,8.0,10,3,
2026-10-03,03:00,Burriana,0.75,5.4,99,8.0,10,3,
2026-10-03,03:00,Gurugu,0.75,5.4,99,8.0,10,3,
2026-10-03,03:00,La Renegà,0.75,5.4,99,8.0,10,3,
2026-10-03,03:00,Nules,0.75,5.4,99,8.0,10,3,
2026-10-03,03:00,Peñíscola N,0.78,5.4,99,8.0,10,3,
2026-10-03,03:00,Pirámides,0.68,5.4,99,8.0,10,3,
2026-10-03,03:00,Planetario,0.75,5.4,99,8.0,10,3,
2026-10-03,03:00,Vinaròs,0.78,5.4,99,8.0,10,3,
2026-10-03,03:00,Voramar,0.55,5.4,99,8.0,10,3,
2026-10-03,04:00,Almenara,0.75,5.4,101,8.1,13,3,
2026-10-03,04:00,Burriana,0.75,5.4,101,8.1,13,3,
2026-10-03,04:00,Gurugu,0.75,5.4,101,8.1,13,3,
2026-10-03,04:00,La Renegà,0.74,5.4,101,8.1,13,3,
2026-10-03,04:00,Nules,0.75,5.4,101,8.1,13,3,
2026-10-03,04:00,Peñíscola N,0.78,5.4,101,8.1,13,3,
2026-10-03,04:00,Pirámides,0.69,5.4,101,8.1,13,3,
2026-10-03,04:00,Planetario,0.75,5.4,101,8.1,13,3,
2026-10-03,04:00,Vinaròs,0.78,5.4,101,8.1,13,3,
2026-10-03,04:00,Voramar,0.57,5.4,101,8.1,13,3,
2026-10-03,05:00,Almenara,0.74,5.4,102,7.5,17,3,
2026-10-03,05:00,Burriana,0.74,5.4,102,7.5,17,3,
2026-10-03,05:00,Gurugu,0.74,5.4,102,7.5,17,3,
2026-10-03,05:00,La Renegà,0.71,5.4,102,7.5,17,3,
2026-10-03,05:00,Nules,0.74,5.4,102,7.5,17,3,
2026-10-03,05:00,Peñíscola N,0.76,5.4,102,7.5,17,3,
2026-10-03,05:00,Pirámides,0.68,5.4,102,7.5,17,3,
2026-10-03,05:00,Planetario,0.74,5.4,102,7.5,17,3,
2026-10-03,05:00,Vinaròs,0.76,5.4,102,7.5,17,3,
2026-10-03,05:00,Voramar,0.56,5.4,102,7.5,17,3,
2026-10-03,06:00,Almenara,0.72,5.4,102,7.6,19,3,
2026-10-03,06:00,Burriana,0.72,5.4,102,7.6,19,3,
2026-10-03,06:00,Gurugu,0.72,5.4,102,7.6,19,3,
2026-10-03,06:00,La Renegà,0.70,5.4,102,7.6,19,3,
2026-10-03,06:00,Nules,0.72,5.4,102,7.6,19,3,
2026-10-03,06:00,Peñíscola N,0.74,5.4,102,7.6,19,3,
2026-10-03,06:00,Pirámides,0.66,5.4,102,7.6,19,3,
2026-10-03,06:00,Planetario,0.72,5.4,102,7.6,19,3,
2026-10-03,06:00,Vinaròs,0.74,5.4,102,7.6,19,3,
2026-10-03,06:00,Voramar,0.55,5.4,102,7.6,19,3,
2026-10-03,07:00,Almenara,0.68,5.4,102,8.8,12,3,
2026-10-03,07:00,Burriana,0.68,5.4,102,8.8,12,3,
2026-10-03,07:00,Gurugu,0.68,5.4,102,8.8,12,3,
2026-10-03,07:00,La Renegà,0.66,5.4,102,8.8,12,3,
2026-10-03,07:00,Nules,0.68,5.4,102,8.8,12,3,
2026-10-03,07:00,Peñíscola N,0.70,5.4,102,8.8,12,3,
2026-10-03,07:00,Pirámides,0.63,5.4,102,8.8,12,3,
2026-10-03,07:00,Planetario,0.68,5.4,102,8.8,12,3,
2026-10-03,07:00,Vinaròs,0.70,5.4,102,8.8,12,3,
2026-10-03,07:00,Voramar,0.52,5.4,102,8.8,12,3,
2026-10-03,08:00,Almenara,0.66,5.3,102,8.1,13,3,
2026-10-03,08:00,Burriana,0.66,5.3,102,8.1,13,3,
2026-10-03,08:00,Gurugu,0.66,5.3,102,8.1,13,3,
2026-10-03,08:00,La Renegà,0.64,5.3,102,8.1,13,3,
2026-10-03,08:00,Nules,0.66,5.3,102,8.1,13,3,
2026-10-03,08:00,Peñíscola N,0.68,5.3,102,8.1,13,3,
2026-10-03,08:00,Pirámides,0.61,5.3,102,8.1,13,3,
2026-10-03,08:00,Planetario,0.66,5.3,102,8.1,13,3,
2026-10-03,08:00,Vinaròs,0.68,5.3,102,8.1,13,3,
2026-10-03,08:00,Voramar,0.50,5.3,102,8.1,13,3,
2026-10-03,09:00,Almenara,0.64,5.3,101,7.8,13,3,
2026-10-03,09:00,Burriana,0.64,5.3,101,7.8,13,3,
2026-10-03,09:00,Gurugu,0.64,5.3,101,7.8,13,3,
2026-10-03,09:00,La Renegà,0.62,5.3,101,7.8,13,3,
2026-10-03,09:00,Nules,0.64,5.3,101,7.8,13,3,
2026-10-03,09:00,Peñíscola N,0.66,5.3,101,7.8,13,3,
2026-10-03,09:00,Pirámides,0.59,5.3,101,7.8,13,3,
2026-10-03,09:00,Planetario,0.64,5.3,101,7.8,13,3,
2026-10-03,09:00,Vinaròs,0.66,5.3,101,7.8,13,3,
2026-10-03,09:00,Voramar,0.48,5.3,101,7.8,13,2,
2026-10-03,10:00,Almenara,0.62,5.2,101,11.4,28,3,
2026-10-03,10:00,Burriana,0.62,5.2,101,11.4,28,3,
2026-10-03,10:00,Gurugu,0.62,5.2,101,11.4,28,3,
2026-10-03,10:00,La Renegà,0.61,5.2,101,11.4,28,3,
2026-10-03,10:00,Nules,0.62,5.2,101,11.4,28,3,
2026-10-03,10:00,Peñíscola N,0.64,5.2,101,11.4,28,3,
2026-10-03,10:00,Pirámides,0.57,5.2,101,11.4,28,3,
2026-10-03,10:00,Planetario,0.62,5.2,101,11.4,28,3,
2026-10-03,10:00,Vinaròs,0.64,5.2,101,11.4,28,3,
2026-10-03,10:00,Voramar,0.47,5.2,101,11.4,28,2,
2026-10-03,11:00,Almenara,0.60,5.1,100,16.8,42,3,
2026-10-03,11:00,Burriana,0.60,5.1,100,16.8,42,3,
2026-10-03,11:00,Gurugu,0.60,5.1,100,16.8,42,3,
2026-10-03,11:00,La Renegà,0.59,5.1,100,16.8,42,3,
2026-10-03,11:00,Nules,0.60,5.1,100,16.8,42,3,
2026-10-03,11:00,Peñíscola N,0.62,5.1,100,16.8,42,3,
2026-10-03,11:00,Pirámides,0.55,5.1,100,16.8,42,3,
2026-10-03,11:00,Planetario,0.60,5.1,100,16.8,42,3,
2026-10-03,11:00,Vinaròs,0.62,5.1,100,16.8,42,3,
2026-10-03,11:00,Voramar,0.44,5.1,100,16.8,42,2,
2026-10-03,12:00,Almenara,0.58,5.0,100,15.9,38,3,
2026-10-03,12:00,Burriana,0.58,5.0,100,15.9,38,3,
2026-10-03,12:00,Gurugu,0.58,5.0,100,15.9,38,3,
2026-10-03,12:00,La Renegà,0.57,5.0,100,15.9,38,3,
2026-10-03,12:00,Nules,0.58,5.0,100,15.9,38,3,
2026-10-03,12:00,Peñíscola N,0.60,5.0,100,15.9,38,3,
2026-10-03,12:00,Pirámides,0.53,5.0,100,15.9,38,3,
2026-10-03,12:00,Planetario,0.58,5.0,100,15.9,38,3,
2026-10-03,12:00,Vinaròs,0.60,5.0,100,15.9,38,3,
2026-10-03,12:00,Voramar,0.43,5.0,100,15.9,38,2,
2026-10-03,13:00,Almenara,0.58,5.0,100,17.4,38,3,
2026-10-03,13:00,Burriana,0.58,5.0,100,17.4,38,3,
2026-10-03,13:00,Gurugu,0.58,5.0,100,17.4,38,3,
2026-10-03,13:00,La Renegà,0.57,5.0,100,17.4,38,3,
2026-10-03,13:00,Nules,0.58,5.0,100,17.4,38,3,
2026-10-03,13:00,Peñíscola N,0.60,5.0,100,17.4,38,3,
2026-10-03,13:00,Pirámides,0.53,5.0,100,17.4,38,3,
2026-10-03,13:00,Planetario,0.58,5.0,100,17.4,38,3,
2026-10-03,13:00,Vinaròs,0.60,5.0,100,17.4,38,3,
2026-10-03,13:00,Voramar,0.43,5.0,100,17.4,38,2,
2026-10-03,14:00,Almenara,0.56,4.9,100,17.1,41,3,
2026-10-03,14:00,Burriana,0.56,4.9,100,17.1,41,3,
2026-10-03,14:00,Gurugu,0.56,4.9,100,17.1,41,3,
2026-10-03,14:00,La Renegà,0.55,4.9,100,17.1,41,3,
2026-10-03,14:00,Nules,0.56,4.9,100,17.1,41,3,
2026-10-03,14:00,Peñíscola N,0.58,4.9,100,17.1,41,3,
2026-10-03,14:00,Pirámides,0.51,4.9,100,17.1,41,3,
2026-10-03,14:00,Planetario,0.56,4.9,100,17.1,41,3,
2026-10-03,14:00,Vinaròs,0.58,4.9,100,17.1,41,3,
2026-10-03,14:00,Voramar,0.42,4.9,100,17.1,41,2,
2026-10-03,15:00,Almenara,0.56,4.8,100,16.9,40,3,
2026-10-03,15:00,Burriana,0.56,4.8,100,16.9,40,3,
2026-10-03,15:00,Gurugu,0.56,4.8,100,16.9,40,3,
2026-10-03,15:00,La Renegà,0.55,4.8,100,16.9,40,3,
2026-10-03,15:00,Nules,0.56,4.8,100,16.9,40,3,
2026-10-03,15:00,Peñíscola N,0.58,4.8,100,16.9,40,3,
2026-10-03,15:00,Pirámides,0.51,4.8,100,16.9,40,3,
2026-10-03,15:00,Planetario,0.56,4.8,100,16.9,40,3,
2026-10-03,15:00,Vinaròs,0.58,4.8,100,16.9,40,3,
2026-10-03,15:00,Voramar,0.42,4.8,100,16.9,40,2,
2026-10-03,16:00,Almenara,0.54,4.8,101,15.8,41,3,
2026-10-03,16:00,Burriana,0.54,4.8,101,15.8,41,3,
2026-10-03,16:00,Gurugu,0.54,4.8,101,15.8,41,3,
2026-10-03,16:00,La Renegà,0.53,4.8,101,15.8,41,3,
2026-10-03,16:00,Nules,0.54,4.8,101,15.8,41,3,
2026-10-03,16:00,Peñíscola N,0.56,4.8,101,15.8,41,3,
2026-10-03,16:00,Pirámides,0.50,4.8,101,15.8,41,3,
2026-10-03,16:00,Planetario,0.54,4.8,101,15.8,41,3,
2026-10-03,16:00,Vinaròs,0.56,4.8,101,15.8,41,3,
2026-10-03,16:00,Voramar,0.41,4.8,101,15.8,41,2,
2026-10-03,17:00,Almenara,0.54,4.8,101,16.8,45,3,
2026-10-03,17:00,Burriana,0.54,4.8,101,16.8,45,3,
2026-10-03,17:00,Gurugu,0.54,4.8,101,16.8,45,3,
2026-10-03,17:00,La Renegà,0.53,4.8,101,16.8,45,3,
2026-10-03,17:00,Nules,0.54,4.8,101,16.8,45,3,
2026-10-03,17:00,Peñíscola N,0.56,4.8,101,16.8,45,3,
2026-10-03,17:00,Pirámides,0.50,4.8,101,16.8,45,3,
2026-10-03,17:00,Planetario,0.54,4.8,101,16.8,45,3,
2026-10-03,17:00,Vinaròs,0.56,4.8,101,16.8,45,3,
2026-10-03,17:00,Voramar,0.41,4.8,101,16.8,45,2,
2026-10-03,18:00,Almenara,0.54,4.8,102,16.3,47,3,
2026-10-03,18:00,Burriana,0.54,4.8,102,16.3,47,3,
2026-10-03,18:00,Gurugu,0.54,4.8,102,16.3,47,3,
2026-10-03,18:00,La Renegà,0.53,4.8,102,16.3,47,3,
2026-10-03,18:00,Nules,0.54,4.8,102,16.3,47,3,
2026-10-03,18:00,Peñíscola N,0.56,4.8,102,16.3,47,3,
2026-10-03,18:00,Pirámides,0.50,4.8,102,16.3,47,3,
2026-10-03,18:00,Planetario,0.54,4.8,102,16.3,47,3,
2026-10-03,18:00,Vinaròs,0.56,4.8,102,16.3,47,3,
2026-10-03,18:00,Voramar,0.41,4.8,102,16.3,47,2,
2026-10-03,19:00,Almenara,0.54,4.8,102,14.5,48,3,
2026-10-03,19:00,Burriana,0.54,4.8,102,14.5,48,3,
2026-10-03,19:00,Gurugu,0.54,4.8,102,14.5,48,3,
2026-10-03,19:00,La Renegà,0.53,4.8,102,14.5,48,3,
2026-10-03,19:00,Nules,0.54,4.8,102,14.5,48,3,
2026-10-03,19:00,Peñíscola N,0.56,4.8,102,14.5,48,3,
2026-10-03,19:00,Pirámides,0.50,4.8,102,14.5,48,3,
2026-10-03,19:00,Planetario,0.54,4.8,102,14.5,48,3,
2026-10-03,19:00,Vinaròs,0.56,4.8,102,14.5,48,3,
2026-10-03,19:00,Voramar,0.41,4.8,102,14.5,48,2,
2026-10-03,20:00,Almenara,0.55,4.8,103,13.8,41,3,
2026-10-03,20:00,Burriana,0.55,4.8,103,13.8,41,3,
2026-10-03,20:00,Gurugu,0.55,4.8,103,13.8,41,3,
2026-10-03,20:00,La Renegà,0.52,4.8,103,13.8,41,3,
2026-10-03,20:00,Nules,0.55,4.8,103,13.8,41,3,
2026-10-03,20:00,Peñíscola N,0.56,4.8,103,13.8,41,3,
2026-10-03,20:00,Pirámides,0.51,4.8,103,13.8,41,3,
2026-10-03,20:00,Planetario,0.55,4.8,103,13.8,41,3,
2026-10-03,20:00,Vinaròs,0.56,4.8,103,13.8,41,3,
2026-10-03,20:00,Voramar,0.42,4.8,103,13.8,41,2,
2026-10-03,21:00,Almenara,0.55,4.8,104,12.3,32,3,
2026-10-03,21:00,Burriana,0.55,4.8,104,12.3,32,3,
2026-10-03,21:00,Gurugu,0.55,4.8,104,12.3,32,3,
2026-10-03,21:00,La Renegà,0.52,4.8,104,12.3,32,3,
2026-10-03,21:00,Nules,0.55,4.8,104,12.3,32,3,
2026-10-03,21:00,Peñíscola N,0.56,4.8,104,12.3,32,3,
2026-10-03,21:00,Pirámides,0.51,4.8,104,12.3,32,3,
2026-10-03,21:00,Planetario,0.55,4.8,104,12.3,32,3,
2026-10-03,21:00,Vinaròs,0.56,4.8,104,12.3,32,3,
2026-10-03,21:00,Voramar,0.43,4.8,104,12.3,32,2,
2026-10-03,22:00,Almenara,0.57,4.9,105,10.6,24,3,
2026-10-03,22:00,Burriana,0.57,4.9,105,10.6,24,3,
2026-10-03,22:00,Gurugu,0.57,4.9,105,10.6,24,3,
2026-10-03,22:00,La Renegà,0.53,4.9,105,10.6,24,3,
2026-10-03,22:00,Nules,0.57,4.9,105,10.6,24,3,
2026-10-03,22:00,Peñíscola N,0.58,4.9,105,10.6,24,3,
2026-10-03,22:00,Pirámides,0.53,4.9,105,10.6,24,3,
2026-10-03,22:00,Planetario,0.57,4.9,105,10.6,24,3,
2026-10-03,22:00,Vinaròs,0.58,4.9,105,10.6,24,3,
2026-10-03,22:00,Voramar,0.45,4.9,105,10.6,24,2,
2026-10-03,23:00,Almenara,0.57,5.0,106,6.5,3,3,
2026-10-03,23:00,Burriana,0.57,5.0,106,6.5,3,3,
2026-10-03,23:00,Gurugu,0.57,5.0,106,6.5,3,3,
2026-10-03,23:00,La Renegà,0.53,5.0,106,6.5,3,3,
2026-10-03,23:00,Nules,0.57,5.0,106,6.5,3,3,
2026-10-03,23:00,Peñíscola N,0.58,5.0,106,6.5,3,3,
2026-10-03,23:00,Pirámides,0.54,5.0,106,6.5,3,3,
2026-10-03,23:00,Planetario,0.57,5.0,106,6.5,3,3,
2026-10-03,23:00,Vinaròs,0.58,5.0,106,6.5,3,3,
2026-10-03,23:00,Voramar,0.46,5.0,106,6.5,3,2,
2026-10-04,00:00,Almenara,0.68,5.8,103,4.8,13,3,
2026-10-04,00:00,Burriana,0.68,5.8,103,4.8,13,3,
2026-10-04,00:00,Gurugu,0.68,5.8,103,4.8,13,3,
2026-10-04,00:00,La Renegà,0.65,5.8,103,4.8,13,3,
2026-10-04,00:00,Nules,0.68,5.8,103,4.8,13,3,
2026-10-04,00:00,Peñíscola N,0.70,5.8,103,4.8,13,3,
2026-10-04,00:00,Pirámides,0.63,5.8,103,4.8,13,3,
2026-10-04,00:00,Planetario,0.68,5.8,103,4.8,13,3,
2026-10-04,00:00,Vinaròs,0.70,5.8,103,4.8,13,3,
2026-10-04,00:00,Voramar,0.53,5.8,103,4.8,13,3,
2026-10-04,01:00,Almenara,0.68,5.8,104,5.0,339,3,
2026-10-04,01:00,Burriana,0.68,5.8,104,5.0,339,3,
2026-10-04,01:00,Gurugu,0.68,5.8,104,5.0,339,3,
2026-10-04,01:00,La Renegà,0.65,5.8,104,5.0,339,3,
2026-10-04,01:00,Nules,0.68,5.8,104,5.0,339,3,
2026-10-04,01:00,Peñíscola N,0.70,5.8,104,5.0,339,3,
2026-10-04,01:00,Pirámides,0.64,5.8,104,5.0,339,3,
2026-10-04,01:00,Planetario,0.68,5.8,104,5.0,339,3,
2026-10-04,01:00,Vinaròs,0.70,5.8,104,5.0,339,3,
2026-10-04,01:00,Voramar,0.53,5.8,104,5.0,339,5,
2026-10-04,02:00,Almenara,0.67,5.8,104,4.8,333,3,
2026-10-04,02:00,Burriana,0.67,5.8,104,4.8,333,3,
2026-10-04,02:00,Gurugu,0.67,5.8,104,4.8,333,3,
2026-10-04,02:00,La Renegà,0.63,5.8,104,4.8,333,3,
2026-10-04,02:00,Nules,0.67,5.8,104,4.8,333,3,
2026-10-04,02:00,Peñíscola N,0.68,5.8,104,4.8,333,3,
2026-10-04,02:00,Pirámides,0.62,5.8,104,4.8,333,3,
2026-10-04,02:00,Planetario,0.67,5.8,104,4.8,333,3,
2026-10-04,02:00,Vinaròs,0.68,5.8,104,4.8,333,3,
2026-10-04,02:00,Voramar,0.52,5.8,104,4.8,333,5,
2026-10-04,03:00,Almenara,0.64,5.8,103,5.2,335,3,
2026-10-04,03:00,Burriana,0.64,5.8,103,5.2,335,3,
2026-10-04,03:00,Gurugu,0.64,5.8,103,5.2,335,3,
2026-10-04,03:00,La Renegà,0.62,5.8,103,5.2,335,3,
2026-10-04,03:00,Nules,0.64,5.8,103,5.2,335,3,
2026-10-04,03:00,Peñíscola N,0.66,5.8,103,5.2,335,3,
2026-10-04,03:00,Pirámides,0.60,5.8,103,5.2,335,3,
2026-10-04,03:00,Planetario,0.64,5.8,103,5.2,335,3,
2026-10-04,03:00,Vinaròs,0.66,5.8,103,5.2,335,3,
2026-10-04,03:00,Voramar,0.50,5.8,103,5.2,335,5,
2026-10-04,04:00,Almenara,0.62,5.8,103,5.2,326,3,
2026-10-04,04:00,Burriana,0.62,5.8,103,5.2,326,3,
2026-10-04,04:00,Gurugu,0.62,5.8,103,5.2,326,3,
2026-10-04,04:00,La Renegà,0.60,5.8,103,5.2,326,3,
2026-10-04,04:00,Nules,0.62,5.8,103,5.2,326,3,
2026-10-04,04:00,Peñíscola N,0.64,5.8,103,5.2,326,3,
2026-10-04,04:00,Pirámides,0.58,5.8,103,5.2,326,5,
2026-10-04,04:00,Planetario,0.62,5.8,103,5.2,326,3,
2026-10-04,04:00,Vinaròs,0.64,5.8,103,5.2,326,3,
2026-10-04,04:00,Voramar,0.48,5.8,103,5.2,326,4,
2026-10-04,05:00,Almenara,0.60,5.8,102,5.0,330,3,
2026-10-04,05:00,Burriana,0.60,5.8,102,5.0,330,3,
2026-10-04,05:00,Gurugu,0.60,5.8,102,5.0,330,3,
2026-10-04,05:00,La Renegà,0.58,5.8,102,5.0,330,3,
2026-10-04,05:00,Nules,0.60,5.8,102,5.0,330,3,
2026-10-04,05:00,Peñíscola N,0.62,5.8,102,5.0,330,3,
2026-10-04,05:00,Pirámides,0.56,5.8,102,5.0,330,5,
2026-10-04,05:00,Planetario,0.60,5.8,102,5.0,330,3,
2026-10-04,05:00,Vinaròs,0.62,5.8,102,5.0,330,3,
2026-10-04,05:00,Voramar,0.46,5.8,102,5.0,330,4,
2026-10-04,06:00,Almenara,0.58,5.8,101,4.9,324,3,
2026-10-04,06:00,Burriana,0.58,5.8,101,4.9,324,3,
2026-10-04,06:00,Gurugu,0.58,5.8,101,4.9,324,3,
2026-10-04,06:00,La Renegà,0.57,5.8,101,4.9,324,3,
2026-10-04,06:00,Nules,0.58,5.8,101,4.9,324,3,
2026-10-04,06:00,Peñíscola N,0.60,5.8,101,4.9,324,3,
2026-10-04,06:00,Pirámides,0.53,5.8,101,4.9,324,5,
2026-10-04,06:00,Planetario,0.58,5.8,101,4.9,324,3,
2026-10-04,06:00,Vinaròs,0.60,5.8,101,4.9,324,3,
2026-10-04,06:00,Voramar,0.44,5.8,101,4.9,324,4,
2026-10-04,07:00,Almenara,0.56,5.8,100,5.4,340,3,
2026-10-04,07:00,Burriana,0.56,5.8,100,5.4,340,3,
2026-10-04,07:00,Gurugu,0.56,5.8,100,5.4,340,3,
2026-10-04,07:00,La Renegà,0.55,5.8,100,5.4,340,3,
2026-10-04,07:00,Nules,0.56,5.8,100,5.4,340,3,
2026-10-04,07:00,Peñíscola N,0.58,5.8,100,5.4,340,3,
2026-10-04,07:00,Pirámides,0.51,5.8,100,5.4,340,3,
2026-10-04,07:00,Planetario,0.56,5.8,100,5.4,340,3,
2026-10-04,07:00,Vinaròs,0.58,5.8,100,5.4,340,3,
2026-10-04,07:00,Voramar,0.42,5.8,100,5.4,340,4,
2026-10-04,08:00,Almenara,0.54,5.8,99,5.7,342,3,
2026-10-04,08:00,Burriana,0.54,5.8,99,5.7,342,3,
2026-10-04,08:00,Gurugu,0.54,5.8,99,5.7,342,3,
2026-10-04,08:00,La Renegà,0.54,5.8,99,5.7,342,3,
2026-10-04,08:00,Nules,0.54,5.8,99,5.7,342,3,
2026-10-04,08:00,Peñíscola N,0.56,5.8,99,5.7,342,3,
2026-10-04,08:00,Pirámides,0.49,5.8,99,5.7,342,2,
2026-10-04,08:00,Planetario,0.54,5.8,99,5.7,342,3,
2026-10-04,08:00,Vinaròs,0.56,5.8,99,5.7,342,3,
2026-10-04,08:00,Voramar,0.39,5.8,99,5.7,342,4,
2026-10-04,09:00,Almenara,0.51,5.8,98,5.7,342,3,
2026-10-04,09:00,Burriana,0.51,5.8,98,5.7,342,3,
2026-10-04,09:00,Gurugu,0.51,5.8,98,5.7,342,3,
2026-10-04,09:00,La Renegà,0.52,5.8,98,5.7,342,3,
2026-10-04,09:00,Nules,0.51,5.8,98,5.7,342,3,
2026-10-04,09:00,Peñíscola N,0.54,5.8,98,5.7,342,3,
2026-10-04,09:00,Pirámides,0.47,5.8,98,5.7,342,2,
2026-10-04,09:00,Planetario,0.51,5.8,98,5.7,342,3,
2026-10-04,09:00,Vinaròs,0.54,5.8,98,5.7,342,3,
2026-10-04,09:00,Voramar,0.37,5.8,98,5.7,342,4,
2026-10-04,10:00,Almenara,0.51,5.7,96,4.3,312,5,
2026-10-04,10:00,Burriana,0.51,5.7,96,4.3,312,5,
2026-10-04,10:00,Gurugu,0.51,5.7,96,4.3,312,5,
2026-10-04,10:00,La Renegà,0.52,5.7,96,4.3,312,3,
2026-10-04,10:00,Nules,0.51,5.7,96,4.3,312,5,
2026-10-04,10:00,Peñíscola N,0.54,5.7,96,4.3,312,3,
2026-10-04,10:00,Pirámides,0.46,5.7,96,4.3,312,4,
2026-10-04,10:00,Planetario,0.51,5.7,96,4.3,312,5,
2026-10-04,10:00,Vinaròs,0.54,5.7,96,4.3,312,3,
2026-10-04,10:00,Voramar,0.36,5.7,96,4.3,312,4,
2026-10-04,11:00,Almenara,0.49,5.7,95,2.5,278,4,
2026-10-04,11:00,Burriana,0.49,5.7,95,2.5,278,4,
2026-10-04,11:00,Gurugu,0.49,5.7,95,2.5,278,4,
2026-10-04,11:00,La Renegà,0.51,5.7,95,2.5,278,5,
2026-10-04,11:00,Nules,0.49,5.7,95,2.5,278,4,
2026-10-04,11:00,Peñíscola N,0.52,5.7,95,2.5,278,5,
2026-10-04,11:00,Pirámides,0.44,5.7,95,2.5,278,2,
2026-10-04,11:00,Planetario,0.49,5.7,95,2.5,278,4,
2026-10-04,11:00,Vinaròs,0.52,5.7,95,2.5,278,5,
2026-10-04,11:00,Voramar,0.34,5.7,95,2.5,278,1,
2026-10-04,12:00,Almenara,0.48,5.7,94,1.3,326,2,
2026-10-04,12:00,Burriana,0.48,5.7,94,1.3,326,2,
2026-10-04,12:00,Gurugu,0.48,5.7,94,1.3,326,2,
2026-10-04,12:00,La Renegà,0.51,5.7,94,1.3,326,3,
2026-10-04,12:00,Nules,0.48,5.7,94,1.3,326,2,
2026-10-04,12:00,Peñíscola N,0.52,5.7,94,1.3,326,3,
2026-10-04,12:00,Pirámides,0.43,5.7,94,1.3,326,4,
2026-10-04,12:00,Planetario,0.48,5.7,94,1.3,326,2,
2026-10-04,12:00,Vinaròs,0.52,5.7,94,1.3,326,3,
2026-10-04,12:00,Voramar,0.33,5.7,94,1.3,326,1,
2026-10-04,13:00,Almenara,0.48,5.7,93,3.5,114,2,
2026-10-04,13:00,Burriana,0.48,5.7,93,3.5,114,2,
2026-10-04,13:00,Gurugu,0.48,5.7,93,3.5,114,2,
2026-10-04,13:00,La Renegà,0.51,5.7,93,3.5,114,3,
2026-10-04,13:00,Nules,0.48,5.7,93,3.5,114,2,
2026-10-04,13:00,Peñíscola N,0.52,5.7,93,3.5,114,3,
2026-10-04,13:00,Pirámides,0.43,5.7,93,3.5,114,2,
2026-10-04,13:00,Planetario,0.48,5.7,93,3.5,114,2,
2026-10-04,13:00,Vinaròs,0.52,5.7,93,3.5,114,3,
2026-10-04,13:00,Voramar,0.32,5.7,93,3.5,114,1,
2026-10-04,14:00,Almenara,0.47,5.7,92,4.7,148,2,
2026-10-04,14:00,Burriana,0.47,5.7,92,4.7,148,2,
2026-10-04,14:00,Gurugu,0.47,5.7,92,4.7,148,2,
2026-10-04,14:00,La Renegà,0.51,5.7,92,4.7,148,3,
2026-10-04,14:00,Nules,0.47,5.7,92,4.7,148,2,
2026-10-04,14:00,Peñíscola N,0.51,5.7,92,4.7,148,3,
2026-10-04,14:00,Pirámides,0.42,5.7,92,4.7,148,2,
2026-10-04,14:00,Planetario,0.47,5.7,92,4.7,148,2,
2026-10-04,14:00,Vinaròs,0.51,5.7,92,4.7,148,3,
2026-10-04,14:00,Voramar,0.31,5.7,92,4.7,148,1,
2026-10-04,15:00,Almenara,0.47,5.6,91,8.1,135,2,
2026-10-04,15:00,Burriana,0.47,5.6,91,8.1,135,2,
2026-10-04,15:00,Gurugu,0.47,5.6,91,8.1,135,2,
2026-10-04,15:00,La Renegà,0.51,5.6,91,8.1,135,3,
2026-10-04,15:00,Nules,0.47,5.6,91,8.1,135,2,
2026-10-04,15:00,Peñíscola N,0.51,5.6,91,8.1,135,3,
2026-10-04,15:00,Pirámides,0.41,5.6,91,8.1,135,2,
2026-10-04,15:00,Planetario,0.47,5.6,91,8.1,135,2,
2026-10-04,15:00,Vinaròs,0.51,5.6,91,8.1,135,3,
2026-10-04,15:00,Voramar,0.31,5.6,91,8.1,135,1,
2026-10-04,16:00,Almenara,0.47,5.5,90,8.1,122,2,
2026-10-04,16:00,Burriana,0.47,5.5,90,8.1,122,2,
2026-10-04,16:00,Gurugu,0.47,5.5,90,8.1,122,2,
2026-10-04,16:00,La Renegà,0.51,5.5,90,8.1,122,3,
2026-10-04,16:00,Nules,0.47,5.5,90,8.1,122,2,
2026-10-04,16:00,Peñíscola N,0.51,5.5,90,8.1,122,3,
2026-10-04,16:00,Pirámides,0.41,5.5,90,8.1,122,2,
2026-10-04,16:00,Planetario,0.47,5.5,90,8.1,122,2,
2026-10-04,16:00,Vinaròs,0.51,5.5,90,8.1,122,3,
2026-10-04,16:00,Voramar,0.30,5.5,90,8.1,122,1,
2026-10-04,17:00,Almenara,0.46,5.5,89,7.1,105,2,
2026-10-04,17:00,Burriana,0.46,5.5,89,7.1,105,2,
2026-10-04,17:00,Gurugu,0.46,5.5,89,7.1,105,2,
2026-10-04,17:00,La Renegà,0.52,5.5,89,7.1,105,3,
2026-10-04,17:00,Nules,0.46,5.5,89,7.1,105,2,
2026-10-04,17:00,Peñíscola N,0.51,5.5,89,7.1,105,3,
2026-10-04,17:00,Pirámides,0.40,5.5,89,7.1,105,2,
2026-10-04,17:00,Planetario,0.46,5.5,89,7.1,105,2,
2026-10-04,17:00,Vinaròs,0.51,5.5,89,7.1,105,3,
2026-10-04,17:00,Voramar,0.29,5.5,89,7.1,105,1,
2026-10-04,18:00,Almenara,0.46,5.4,89,7.2,108,2,
2026-10-04,18:00,Burriana,0.46,5.4,89,7.2,108,2,
2026-10-04,18:00,Gurugu,0.46,5.4,89,7.2,108,2,
2026-10-04,18:00,La Renegà,0.52,5.4,89,7.2,108,3,
2026-10-04,18:00,Nules,0.46,5.4,89,7.2,108,2,
2026-10-04,18:00,Peñíscola N,0.51,5.4,89,7.2,108,3,
2026-10-04,18:00,Pirámides,0.40,5.4,89,7.2,108,2,
2026-10-04,18:00,Planetario,0.46,5.4,89,7.2,108,2,
2026-10-04,18:00,Vinaròs,0.51,5.4,89,7.2,108,3,
2026-10-04,18:00,Voramar,0.29,5.4,89,7.2,108,1,
2026-10-04,19:00,Almenara,0.46,5.4,89,5.4,86,2,
2026-10-04,19:00,Burriana,0.46,5.4,89,5.4,86,2,
2026-10-04,19:00,Gurugu,0.46,5.4,89,5.4,86,2,
2026-10-04,19:00,La Renegà,0.52,5.4,89,5.4,86,3,
2026-10-04,19:00,Nules,0.46,5.4,89,5.4,86,2,
2026-10-04,19:00,Peñíscola N,0.51,5.4,89,5.4,86,3,
2026-10-04,19:00,Pirámides,0.40,5.4,89,5.4,86,2,
2026-10-04,19:00,Planetario,0.46,5.4,89,5.4,86,2,
2026-10-04,19:00,Vinaròs,0.51,5.4,89,5.4,86,3,
2026-10-04,19:00,Voramar,0.29,5.4,89,5.4,86,1,
2026-10-04,20:00,Almenara,0.46,5.3,89,4.8,63,2,
2026-10-04,20:00,Burriana,0.46,5.3,89,4.8,63,2,
2026-10-04,20:00,Gurugu,0.46,5.3,89,4.8,63,2,
2026-10-04,20:00,La Renegà,0.52,5.3,89,4.8,63,3,
2026-10-04,20:00,Nules,0.46,5.3,89,4.8,63,2,
2026-10-04,20:00,Peñíscola N,0.51,5.3,89,4.8,63,3,
2026-10-04,20:00,Pirámides,0.40,5.3,89,4.8,63,2,
2026-10-04,20:00,Planetario,0.46,5.3,89,4.8,63,2,
2026-10-04,20:00,Vinaròs,0.51,5.3,89,4.8,63,3,
2026-10-04,20:00,Voramar,0.29,5.3,89,4.8,63,1,
2026-10-04,21:00,Almenara,0.46,5.3,89,5.6,45,2,
2026-10-04,21:00,Burriana,0.46,5.3,89,5.6,45,2,
2026-10-04,21:00,Gurugu,0.46,5.3,89,5.6,45,2,
2026-10-04,21:00,La Renegà,0.52,5.3,89,5.6,45,3,
2026-10-04,21:00,Nules,0.46,5.3,89,5.6,45,2,
2026-10-04,21:00,Peñíscola N,0.51,5.3,89,5.6,45,3,
2026-10-04,21:00,Pirámides,0.40,5.3,89,5.6,45,2,
2026-10-04,21:00,Planetario,0.46,5.3,89,5.6,45,2,
2026-10-04,21:00,Vinaròs,0.51,5.3,89,5.6,45,3,
2026-10-04,21:00,Voramar,0.29,5.3,89,5.6,45,1,
2026-10-04,22:00,Almenara,0.46,5.3,89,5.2,16,2,
2026-10-04,22:00,Burriana,0.46,5.3,89,5.2,16,2,
2026-10-04,22:00,Gurugu,0.46,5.3,89,5.2,16,2,
2026-10-04,22:00,La Renegà,0.52,5.3,89,5.2,16,3,
2026-10-04,22:00,Nules,0.46,5.3,89,5.2,16,2,
2026-10-04,22:00,Peñíscola N,0.51,5.3,89,5.2,16,3,
2026-10-04,22:00,Pirámides,0.40,5.3,89,5.2,16,2,
2026-10-04,22:00,Planetario,0.46,5.3,89,5.2,16,2,
2026-10-04,22:00,Vinaròs,0.51,5.3,89,5.2,16,3,
2026-10-04,22:00,Voramar,0.29,5.3,89,5.2,16,1,
2026-10-04,23:00,Almenara,0.46,5.3,89,5.0,339,2,
2026-10-04,23:00,Burriana,0.46,5.3,89,5.0,339,2,
2026-10-04,23:00,Gurugu,0.46,5.3,89,5.0,339,2,
2026-10-04,23:00,La Renegà,0.52,5.3,89,5.0,339,3,
2026-10-04,23:00,Nules,0.46,5.3,89,5.0,339,2,
2026-10-04,23:00,Peñíscola N,0.51,5.3,89,5.0,339,3,
2026-10-04,23:00,Pirámides,0.40,5.3,89,5.0,339,2,
2026-10-04,23:00,Planetario,0.46,5.3,89,5.0,339,2,
2026-10-04,23:00,Vinaròs,0.51,5.3,89,5.0,339,3,
2026-10-04,23:00,Voramar,0.29,5.3,89,5.0,339,1,
2026-10-05,00:00,Almenara,0.47,5.5,96,5.9,346,2,
2026-10-05,00:00,Burriana,0.47,5.5,96,5.9,346,2,
2026-10-05,00:00,Gurugu,0.47,5.5,96,5.9,346,2,
2026-10-05,00:00,La Renegà,0.49,5.5,96,5.9,346,2,
2026-10-05,00:00,Nules,0.47,5.5,96,5.9,346,2,
2026-10-05,00:00,Peñíscola N,0.50,5.5,96,5.9,346,3,
2026-10-05,00:00,Pirámides,0.42,5.5,96,5.9,346,2,
2026-10-05,00:00,Planetario,0.47,5.5,96,5.9,346,2,
2026-10-05,00:00,Vinaròs,0.50,5.5,96,5.9,346,3,
2026-10-05,00:00,Voramar,0.33,5.5,96,5.9,346,1,
2026-10-05,01:00,Almenara,0.47,5.5,96,6.2,339,2,
2026-10-05,01:00,Burriana,0.47,5.5,96,6.2,339,2,
2026-10-05,01:00,Gurugu,0.47,5.5,96,6.2,339,2,
2026-10-05,01:00,La Renegà,0.49,5.5,96,6.2,339,2,
2026-10-05,01:00,Nules,0.47,5.5,96,6.2,339,2,
2026-10-05,01:00,Peñíscola N,0.50,5.5,96,6.2,339,3,
2026-10-05,01:00,Pirámides,0.42,5.5,96,6.2,339,2,
2026-10-05,01:00,Planetario,0.47,5.5,96,6.2,339,2,
2026-10-05,01:00,Vinaròs,0.50,5.5,96,6.2,339,3,
2026-10-05,01:00,Voramar,0.33,5.5,96,6.2,339,1,
2026-10-05,02:00,Almenara,0.45,5.5,95,5.3,332,2,
2026-10-05,02:00,Burriana,0.45,5.5,95,5.3,332,2,
2026-10-05,02:00,Gurugu,0.45,5.5,95,5.3,332,2,
2026-10-05,02:00,La Renegà,0.47,5.5,95,5.3,332,2,
2026-10-05,02:00,Nules,0.45,5.5,95,5.3,332,2,
2026-10-05,02:00,Peñíscola N,0.48,5.5,95,5.3,332,2,
2026-10-05,02:00,Pirámides,0.40,5.5,95,5.3,332,2,
2026-10-05,02:00,Planetario,0.45,5.5,95,5.3,332,2,
2026-10-05,02:00,Vinaròs,0.48,5.5,95,5.3,332,2,
2026-10-05,02:00,Voramar,0.31,5.5,95,5.3,332,1,
2026-10-05,03:00,Almenara,0.45,5.5,94,5.5,337,2,
2026-10-05,03:00,Burriana,0.44,5.5,94,5.5,337,2,
2026-10-05,03:00,Gurugu,0.44,5.5,94,5.5,337,2,
2026-10-05,03:00,La Renegà,0.47,5.5,94,5.5,337,2,
2026-10-05,03:00,Nules,0.44,5.5,94,5.5,337,2,
2026-10-05,03:00,Peñíscola N,0.48,5.5,94,5.5,337,2,
2026-10-05,03:00,Pirámides,0.40,5.5,94,5.5,337,2,
2026-10-05,03:00,Planetario,0.44,5.5,94,5.5,337,2,
2026-10-05,03:00,Vinaròs,0.48,5.5,94,5.5,337,2,
2026-10-05,03:00,Voramar,0.30,5.5,94,5.5,337,1,
2026-10-05,04:00,Almenara,0.43,5.5,94,6.0,343,2,
2026-10-05,04:00,Burriana,0.43,5.5,94,6.0,343,2,
2026-10-05,04:00,Gurugu,0.43,5.5,94,6.0,343,2,
2026-10-05,04:00,La Renegà,0.45,5.5,94,6.0,343,2,
2026-10-05,04:00,Nules,0.43,5.5,94,6.0,343,2,
2026-10-05,04:00,Peñíscola N,0.46,5.5,94,6.0,343,2,
2026-10-05,04:00,Pirámides,0.38,5.5,94,6.0,343,2,
2026-10-05,04:00,Planetario,0.43,5.5,94,6.0,343,2,
2026-10-05,04:00,Vinaròs,0.46,5.5,94,6.0,343,2,
2026-10-05,04:00,Voramar,0.29,5.5,94,6.0,343,1,
2026-10-05,05:00,Almenara,0.42,5.5,93,6.2,339,2,
2026-10-05,05:00,Burriana,0.42,5.5,93,6.2,339,2,
2026-10-05,05:00,Gurugu,0.42,5.5,93,6.2,339,2,
2026-10-05,05:00,La Renegà,0.45,5.5,93,6.2,339,2,
2026-10-05,05:00,Nules,0.42,5.5,93,6.2,339,2,
2026-10-05,05:00,Peñíscola N,0.46,5.5,93,6.2,339,2,
2026-10-05,05:00,Pirámides,0.38,5.5,93,6.2,339,2,
2026-10-05,05:00,Planetario,0.42,5.5,93,6.2,339,2,
2026-10-05,05:00,Vinaròs,0.46,5.5,93,6.2,339,2,
2026-10-05,05:00,Voramar,0.29,5.5,93,6.2,339,1,
2026-10-05,06:00,Almenara,0.40,5.5,92,5.6,320,2,
2026-10-05,06:00,Burriana,0.40,5.5,92,5.6,320,2,
2026-10-05,06:00,Gurugu,0.40,5.5,92,5.6,320,2,
2026-10-05,06:00,La Renegà,0.43,5.5,92,5.6,320,2,
2026-10-05,06:00,Nules,0.40,5.5,92,5.6,320,2,
2026-10-05,06:00,Peñíscola N,0.44,5.5,92,5.6,320,2,
2026-10-05,06:00,Pirámides,0.36,5.5,92,5.6,320,4,
2026-10-05,06:00,Planetario,0.40,5.5,92,5.6,320,2,
2026-10-05,06:00,Vinaròs,0.44,5.5,92,5.6,320,2,
2026-10-05,06:00,Voramar,0.27,5.5,92,5.6,320,1,
2026-10-05,07:00,Almenara,0.40,5.5,91,5.5,328,2,
2026-10-05,07:00,Burriana,0.40,5.5,91,5.5,328,2,
2026-10-05,07:00,Gurugu,0.40,5.5,91,5.5,328,2,
2026-10-05,07:00,La Renegà,0.43,5.5,91,5.5,328,2,
2026-10-05,07:00,Nules,0.40,5.5,91,5.5,328,2,
2026-10-05,07:00,Peñíscola N,0.43,5.5,91,5.5,328,2,
2026-10-05,07:00,Pirámides,0.35,5.5,91,5.5,328,4,
2026-10-05,07:00,Planetario,0.40,5.5,91,5.5,328,2,
2026-10-05,07:00,Vinaròs,0.43,5.5,91,5.5,328,2,
2026-10-05,07:00,Voramar,0.26,5.5,91,5.5,328,1,
2026-10-05,08:00,Almenara,0.38,5.5,90,5.4,323,2,
2026-10-05,08:00,Burriana,0.38,5.5,90,5.4,323,2,
2026-10-05,08:00,Gurugu,0.38,5.5,90,5.4,323,2,
2026-10-05,08:00,La Renegà,0.42,5.5,90,5.4,323,2,
2026-10-05,08:00,Nules,0.38,5.5,90,5.4,323,2,
2026-10-05,08:00,Peñíscola N,0.41,5.5,90,5.4,323,2,
2026-10-05,08:00,Pirámides,0.33,5.5,90,5.4,323,1,
2026-10-05,08:00,Planetario,0.38,5.5,90,5.4,323,2,
2026-10-05,08:00,Vinaròs,0.41,5.5,90,5.4,323,2,
2026-10-05,08:00,Voramar,0.24,5.5,90,5.4,323,1,
2026-10-05,09:00,Almenara,0.37,5.5,89,5.4,318,2,
2026-10-05,09:00,Burriana,0.37,5.5,89,5.4,318,2,
2026-10-05,09:00,Gurugu,0.37,5.5,89,5.4,318,2,
2026-10-05,09:00,La Renegà,0.42,5.5,89,5.4,318,2,
2026-10-05,09:00,Nules,0.37,5.5,89,5.4,318,2,
2026-10-05,09:00,Peñíscola N,0.41,5.5,89,5.4,318,2,
2026-10-05,09:00,Pirámides,0.33,5.5,89,5.4,318,1,
2026-10-05,09:00,Planetario,0.37,5.5,89,5.4,318,2,
2026-10-05,09:00,Vinaròs,0.41,5.5,89,5.4,318,2,
2026-10-05,09:00,Voramar,0.23,5.5,89,5.4,318,1,
2026-10-05,10:00,Almenara,0.37,5.5,87,4.6,309,4,
2026-10-05,10:00,Burriana,0.37,5.5,87,4.6,309,4,
2026-10-05,10:00,Gurugu,0.37,5.5,87,4.6,309,4,
2026-10-05,10:00,La Renegà,0.42,5.5,87,4.6,309,2,
2026-10-05,10:00,Nules,0.37,5.5,87,4.6,309,4,
2026-10-05,10:00,Peñíscola N,0.41,5.5,87,4.6,309,2,
2026-10-05,10:00,Pirámides,0.32,5.5,87,4.6,309,1,
2026-10-05,10:00,Planetario,0.37,5.5,87,4.6,309,4,
2026-10-05,10:00,Vinaròs,0.41,5.5,87,4.6,309,2,
2026-10-05,10:00,Voramar,0.22,5.5,87,4.6,309,1,
2026-10-05,11:00,Almenara,0.36,5.5,86,2.5,270,2,
2026-10-05,11:00,Burriana,0.36,5.5,86,2.5,270,2,
2026-10-05,11:00,Gurugu,0.36,5.5,86,2.5,270,2,
2026-10-05,11:00,La Renegà,0.42,5.5,86,2.5,270,4,
2026-10-05,11:00,Nules,0.36,5.5,86,2.5,270,2,
2026-10-05,11:00,Peñíscola N,0.41,5.5,86,2.5,270,4,
2026-10-05,11:00,Pirámides,0.31,5.5,86,2.5,270,1,
2026-10-05,11:00,Planetario,0.36,5.5,86,2.5,270,2,
2026-10-05,11:00,Vinaròs,0.41,5.5,86,2.5,270,4,
2026-10-05,11:00,Voramar,0.21,5.5,86,2.5,270,1,
2026-10-05,12:00,Almenara,0.36,5.5,86,3.4,148,2,
2026-10-05,12:00,Burriana,0.36,5.5,86,3.4,148,2,
2026-10-05,12:00,Gurugu,0.36,5.5,86,3.4,148,2,
2026-10-05,12:00,La Renegà,0.42,5.5,86,3.4,148,2,
2026-10-05,12:00,Nules,0.36,5.5,86,3.4,148,2,
2026-10-05,12:00,Peñíscola N,0.41,5.5,86,3.4,148,2,
2026-10-05,12:00,Pirámides,0.31,5.5,86,3.4,148,1,
2026-10-05,12:00,Planetario,0.36,5.5,86,3.4,148,2,
2026-10-05,12:00,Vinaròs,0.41,5.5,86,3.4,148,2,
2026-10-05,12:00,Voramar,0.21,5.5,86,3.4,148,1,
2026-10-05,13:00,Almenara,0.36,5.6,85,6.8,115,2,
2026-10-05,13:00,Burriana,0.36,5.6,85,6.8,115,2,
2026-10-05,13:00,Gurugu,0.36,5.6,85,6.8,115,2,
2026-10-05,13:00,La Renegà,0.42,5.6,85,6.8,115,2,
2026-10-05,13:00,Nules,0.36,5.6,85,6.8,115,2,
2026-10-05,13:00,Peñíscola N,0.41,5.6,85,6.8,115,2,
2026-10-05,13:00,Pirámides,0.31,5.6,85,6.8,115,1,
2026-10-05,13:00,Planetario,0.36,5.6,85,6.8,115,2,
2026-10-05,13:00,Vinaròs,0.41,5.6,85,6.8,115,2,
2026-10-05,13:00,Voramar,0.21,5.6,85,6.8,115,1,
2026-10-05,14:00,Almenara,0.36,5.6,85,9.5,115,2,
2026-10-05,14:00,Burriana,0.36,5.6,85,9.5,115,2,
2026-10-05,14:00,Gurugu,0.36,5.6,85,9.5,115,2,
2026-10-05,14:00,La Renegà,0.42,5.6,85,9.5,115,2,
2026-10-05,14:00,Nules,0.36,5.6,85,9.5,115,2,
2026-10-05,14:00,Peñíscola N,0.41,5.6,85,9.5,115,2,
2026-10-05,14:00,Pirámides,0.31,5.6,85,9.5,115,1,
2026-10-05,14:00,Planetario,0.36,5.6,85,9.5,115,2,
2026-10-05,14:00,Vinaròs,0.41,5.6,85,9.5,115,2,
2026-10-05,14:00,Voramar,0.21,5.6,85,9.5,115,1,
2026-10-05,15:00,Almenara,0.36,5.6,85,10.0,120,2,
2026-10-05,15:00,Burriana,0.36,5.6,85,10.0,120,2,
2026-10-05,15:00,Gurugu,0.36,5.6,85,10.0,120,2,
2026-10-05,15:00,La Renegà,0.42,5.6,85,10.0,120,2,
2026-10-05,15:00,Nules,0.36,5.6,85,10.0,120,2,
2026-10-05,15:00,Peñíscola N,0.41,5.6,85,10.0,120,2,
2026-10-05,15:00,Pirámides,0.31,5.6,85,10.0,120,1,
2026-10-05,15:00,Planetario,0.36,5.6,85,10.0,120,2,
2026-10-05,15:00,Vinaròs,0.41,5.6,85,10.0,120,2,
2026-10-05,15:00,Voramar,0.21,5.6,85,10.0,120,1,
2026-10-05,16:00,Almenara,0.34,5.6,84,9.4,130,1,
2026-10-05,16:00,Burriana,0.34,5.6,84,9.4,130,1,
2026-10-05,16:00,Gurugu,0.34,5.6,84,9.4,130,1,
2026-10-05,16:00,La Renegà,0.40,5.6,84,9.4,130,2,
2026-10-05,16:00,Nules,0.34,5.6,84,9.4,130,1,
2026-10-05,16:00,Peñíscola N,0.38,5.6,84,9.4,130,2,
2026-10-05,16:00,Pirámides,0.29,5.6,84,9.4,130,1,
2026-10-05,16:00,Planetario,0.34,5.6,84,9.4,130,1,
2026-10-05,16:00,Vinaròs,0.38,5.6,84,9.4,130,2,
2026-10-05,16:00,Voramar,0.19,5.6,84,9.4,130,0,
2026-10-05,17:00,Almenara,0.34,5.6,84,7.8,146,1,
2026-10-05,17:00,Burriana,0.34,5.6,84,7.8,146,1,
2026-10-05,17:00,Gurugu,0.34,5.6,84,7.8,146,1,
2026-10-05,17:00,La Renegà,0.40,5.6,84,7.8,146,2,
2026-10-05,17:00,Nules,0.34,5.6,84,7.8,146,1,
2026-10-05,17:00,Peñíscola N,0.38,5.6,84,7.8,146,2,
2026-10-05,17:00,Pirámides,0.29,5.6,84,7.8,146,1,
2026-10-05,17:00,Planetario,0.34,5.6,84,7.8,146,1,
2026-10-05,17:00,Vinaròs,0.38,5.6,84,7.8,146,2,
2026-10-05,17:00,Voramar,0.19,5.6,84,7.8,146,0,
2026-10-05,18:00,Almenara,0.34,5.6,83,6.8,155,1,
2026-10-05,18:00,Burriana,0.33,5.6,83,6.8,155,1,
2026-10-05,18:00,Gurugu,0.33,5.6,83,6.8,155,1,
2026-10-05,18:00,La Renegà,0.40,5.6,83,6.8,155,2,
2026-10-05,18:00,Nules,0.34,5.6,83,6.8,155,1,
2026-10-05,18:00,Peñíscola N,0.38,5.6,83,6.8,155,2,
2026-10-05,18:00,Pirámides,0.28,5.6,83,6.8,155,1,
2026-10-05,18:00,Planetario,0.33,5.6,83,6.8,155,1,
2026-10-05,18:00,Vinaròs,0.38,5.6,83,6.8,155,2,
2026-10-05,18:00,Voramar,0.18,5.6,83,6.8,155,0,
2026-10-05,19:00,Almenara,0.34,5.6,83,5.1,172,1,
2026-10-05,19:00,Burriana,0.33,5.6,83,5.1,172,1,
2026-10-05,19:00,Gurugu,0.33,5.6,83,5.1,172,1,
2026-10-05,19:00,La Renegà,0.40,5.6,83,5.1,172,2,
2026-10-05,19:00,Nules,0.34,5.6,83,5.1,172,1,
2026-10-05,19:00,Peñíscola N,0.38,5.6,83,5.1,172,2,
2026-10-05,19:00,Pirámides,0.28,5.6,83,5.1,172,1,
2026-10-05,19:00,Planetario,0.33,5.6,83,5.1,172,1,
2026-10-05,19:00,Vinaròs,0.38,5.6,83,5.1,172,2,
2026-10-05,19:00,Voramar,0.18,5.6,83,5.1,172,0,
2026-10-05,20:00,Almenara,0.33,5.6,82,4.1,195,1,
2026-10-05,20:00,Burriana,0.33,5.6,82,4.1,195,1,
2026-10-05,20:00,Gurugu,0.33,5.6,82,4.1,195,1,
2026-10-05,20:00,La Renegà,0.40,5.6,82,4.1,195,2,
2026-10-05,20:00,Nules,0.33,5.6,82,4.1,195,1,
2026-10-05,20:00,Peñíscola N,0.38,5.6,82,4.1,195,2,
2026-10-05,20:00,Pirámides,0.28,5.6,82,4.1,195,1,
2026-10-05,20:00,Planetario,0.33,5.6,82,4.1,195,1,
2026-10-05,20:00,Vinaròs,0.38,5.6,82,4.1,195,2,
2026-10-05,20:00,Voramar,0.17,5.6,82,4.1,195,0,
2026-10-05,21:00,Almenara,0.33,5.6,82,3.2,270,1,
2026-10-05,21:00,Burriana,0.33,5.6,82,3.2,270,1,
2026-10-05,21:00,Gurugu,0.33,5.6,82,3.2,270,1,
2026-10-05,21:00,La Renegà,0.40,5.6,82,3.2,270,4,
2026-10-05,21:00,Nules,0.33,5.6,82,3.2,270,1,
2026-10-05,21:00,Peñíscola N,0.38,5.6,82,3.2,270,4,
2026-10-05,21:00,Pirámides,0.28,5.6,82,3.2,270,1,
2026-10-05,21:00,Planetario,0.33,5.6,82,3.2,270,1,
2026-10-05,21:00,Vinaròs,0.38,5.6,82,3.2,270,4,
2026-10-05,21:00,Voramar,0.17,5.6,82,3.2,270,0,
2026-10-05,22:00,Almenara,0.31,5.5,82,3.4,302,1,
2026-10-05,22:00,Burriana,0.31,5.5,82,3.4,302,1,
2026-10-05,22:00,Gurugu,0.31,5.5,82,3.4,302,1,
2026-10-05,22:00,La Renegà,0.38,5.5,82,3.4,302,2,
2026-10-05,22:00,Nules,0.31,5.5,82,3.4,302,1,
2026-10-05,22:00,Peñíscola N,0.36,5.5,82,3.4,302,2,
2026-10-05,22:00,Pirámides,0.26,5.5,82,3.4,302,1,
2026-10-05,22:00,Planetario,0.31,5.5,82,3.4,302,1,
2026-10-05,22:00,Vinaròs,0.36,5.5,82,3.4,302,2,
2026-10-05,22:00,Voramar,0.17,5.5,82,3.4,302,0,
2026-10-05,23:00,Almenara,0.31,5.5,82,4.5,299,1,
2026-10-05,23:00,Burriana,0.31,5.5,82,4.5,299,1,
2026-10-05,23:00,Gurugu,0.31,5.5,82,4.5,299,1,
2026-10-05,23:00,La Renegà,0.38,5.5,82,4.5,299,2,
2026-10-05,23:00,Nules,0.31,5.5,82,4.5,299,1,
2026-10-05,23:00,Peñíscola N,0.36,5.5,82,4.5,299,4,
2026-10-05,23:00,Pirámides,0.26,5.5,82,4.5,299,1,
2026-10-05,23:00,Planetario,0.31,5.5,82,4.5,299,1,
2026-10-05,23:00,Vinaròs,0.36,5.5,82,4.5,299,4,
2026-10-05,23:00,Voramar,0.17,5.5,82,4.5,299,0,
2026-10-06,00:00,Almenara,0.33,4.5,67,3.8,311,1,
2026-10-06,00:00,Burriana,0.32,4.5,67,3.8,311,1,
2026-10-06,00:00,Gurugu,0.32,4.5,67,3.8,311,1,
2026-10-06,00:00,La Renegà,0.48,4.5,67,3.8,311,2,
2026-10-06,00:00,Nules,0.33,4.5,67,3.8,311,1,
2026-10-06,00:00,Peñíscola N,0.42,4.5,67,3.8,311,2,
2026-10-06,00:00,Pirámides,0.23,4.5,67,3.8,311,1,
2026-10-06,00:00,Planetario,0.32,4.5,67,3.8,311,1,
2026-10-06,00:00,Vinaròs,0.42,4.5,67,3.8,311,2,
2026-10-06,00:00,Voramar,0.07,4.5,67,3.8,311,0,
2026-10-06,01:00,Almenara,0.28,4.2,65,3.6,323,1,
2026-10-06,01:00,Burriana,0.27,4.2,65,3.6,323,1,
2026-10-06,01:00,Gurugu,0.27,4.2,65,3.6,323,1,
2026-10-06,01:00,La Renegà,0.43,4.2,65,3.6,323,2,
2026-10-06,01:00,Nules,0.28,4.2,65,3.6,323,1,
2026-10-06,01:00,Peñíscola N,0.37,4.2,65,3.6,323,2,
2026-10-06,01:00,Pirámides,0.19,4.2,65,3.6,323,0,
2026-10-06,01:00,Planetario,0.27,4.2,65,3.6,323,1,
2026-10-06,01:00,Vinaròs,0.37,4.2,65,3.6,323,2,
2026-10-06,01:00,Voramar,0.05,4.2,65,3.6,323,0,
2026-10-06,02:00,Almenara,0.25,4.0,63,4.7,328,1,
2026-10-06,02:00,Burriana,0.24,4.0,63,4.7,328,1,
2026-10-06,02:00,Gurugu,0.24,4.0,63,4.7,328,1,
2026-10-06,02:00,La Renegà,0.40,4.0,63,4.7,328,2,
2026-10-06,02:00,Nules,0.25,4.0,63,4.7,328,1,
2026-10-06,02:00,Peñíscola N,0.34,4.0,63,4.7,328,1,
2026-10-06,02:00,Pirámides,0.16,4.0,63,4.7,328,0,
2026-10-06,02:00,Planetario,0.24,4.0,63,4.7,328,1,
2026-10-06,02:00,Vinaròs,0.34,4.0,63,4.7,328,1,
2026-10-06,02:00,Voramar,0.03,4.0,63,4.7,328,0,
2026-10-06,03:00,Almenara,0.27,4.2,66,4.8,333,1,
2026-10-06,03:00,Burriana,0.26,4.2,66,4.8,333,1,
2026-10-06,03:00,Gurugu,0.26,4.2,66,4.8,333,1,
2026-10-06,03:00,La Renegà,0.40,4.2,66,4.8,333,2,
2026-10-06,03:00,Nules,0.26,4.2,66,4.8,333,1,
2026-10-06,03:00,Peñíscola N,0.35,4.2,66,4.8,333,2,
2026-10-06,03:00,Pirámides,0.18,4.2,66,4.8,333,0,
2026-10-06,03:00,Planetario,0.26,4.2,66,4.8,333,1,
2026-10-06,03:00,Vinaròs,0.35,4.2,66,4.8,333,2,
2026-10-06,03:00,Voramar,0.05,4.2,66,4.8,333,0,
2026-10-06,04:00,Almenara,0.27,4.4,68,4.0,333,1,
2026-10-06,04:00,Burriana,0.27,4.4,68,4.0,333,1,
2026-10-06,04:00,Gurugu,0.27,4.4,68,4.0,333,1,
2026-10-06,04:00,La Renegà,0.40,4.4,68,4.0,333,2,
2026-10-06,04:00,Nules,0.27,4.4,68,4.0,333,1,
2026-10-06,04:00,Peñíscola N,0.35,4.4,68,4.0,333,2,
2026-10-06,04:00,Pirámides,0.20,4.4,68,4.0,333,1,
2026-10-06,04:00,Planetario,0.27,4.4,68,4.0,333,1,
2026-10-06,04:00,Vinaròs,0.35,4.4,68,4.0,333,2,
2026-10-06,04:00,Voramar,0.07,4.4,68,4.0,333,0,
2026-10-06,05:00,Almenara,0.28,4.6,71,3.7,331,1,
2026-10-06,05:00,Burriana,0.28,4.6,71,3.7,331,1,
2026-10-06,05:00,Gurugu,0.28,4.6,71,3.7,331,1,
2026-10-06,05:00,La Renegà,0.40,4.6,71,3.7,331,2,
2026-10-06,05:00,Nules,0.28,4.6,71,3.7,331,1,
2026-10-06,05:00,Peñíscola N,0.35,4.6,71,3.7,331,2,
2026-10-06,05:00,Pirámides,0.21,4.6,71,3.7,331,1,
2026-10-06,05:00,Planetario,0.28,4.6,71,3.7,331,1,
2026-10-06,05:00,Vinaròs,0.35,4.6,71,3.7,331,2,
2026-10-06,05:00,Voramar,0.09,4.6,71,3.7,331,0,
2026-10-06,06:00,Almenara,0.27,4.6,71,4.1,345,1,
2026-10-06,06:00,Burriana,0.27,4.6,71,4.1,345,1,
2026-10-06,06:00,Gurugu,0.27,4.6,71,4.1,345,1,
2026-10-06,06:00,La Renegà,0.38,4.6,71,4.1,345,2,
2026-10-06,06:00,Nules,0.27,4.6,71,4.1,345,1,
2026-10-06,06:00,Peñíscola N,0.34,4.6,71,4.1,345,1,
2026-10-06,06:00,Pirámides,0.20,4.6,71,4.1,345,1,
2026-10-06,06:00,Planetario,0.27,4.6,71,4.1,345,1,
2026-10-06,06:00,Vinaròs,0.34,4.6,71,4.1,345,1,
2026-10-06,06:00,Voramar,0.09,4.6,71,4.1,345,0,
2026-10-06,07:00,Almenara,0.27,4.5,71,4.7,356,1,
2026-10-06,07:00,Burriana,0.27,4.5,71,4.7,356,1,
2026-10-06,07:00,Gurugu,0.27,4.5,71,4.7,356,1,
2026-10-06,07:00,La Renegà,0.38,4.5,71,4.7,356,2,
2026-10-06,07:00,Nules,0.27,4.5,71,4.7,356,1,
2026-10-06,07:00,Peñíscola N,0.34,4.5,71,4.7,356,1,
2026-10-06,07:00,Pirámides,0.20,4.5,71,4.7,356,1,
2026-10-06,07:00,Planetario,0.27,4.5,71,4.7,356,1,
2026-10-06,07:00,Vinaròs,0.34,4.5,71,4.7,356,1,
2026-10-06,07:00,Voramar,0.09,4.5,71,4.7,356,0,
2026-10-06,08:00,Almenara,0.26,4.5,71,5.8,330,1,
2026-10-06,08:00,Burriana,0.26,4.5,71,5.8,330,1,
2026-10-06,08:00,Gurugu,0.26,4.5,71,5.8,330,1,
2026-10-06,08:00,La Renegà,0.36,4.5,71,5.8,330,2,
2026-10-06,08:00,Nules,0.26,4.5,71,5.8,330,1,
2026-10-06,08:00,Peñíscola N,0.32,4.5,71,5.8,330,1,
2026-10-06,08:00,Pirámides,0.19,4.5,71,5.8,330,0,
2026-10-06,08:00,Planetario,0.26,4.5,71,5.8,330,1,
2026-10-06,08:00,Vinaròs,0.32,4.5,71,5.8,330,1,
2026-10-06,08:00,Voramar,0.08,4.5,71,5.8,330,0,
2026-10-06,09:00,Almenara,0.23,4.2,69,5.5,328,1,
2026-10-06,09:00,Burriana,0.22,4.2,69,5.5,328,1,
2026-10-06,09:00,Gurugu,0.22,4.2,69,5.5,328,1,
2026-10-06,09:00,La Renegà,0.32,4.2,69,5.5,328,1,
2026-10-06,09:00,Nules,0.23,4.2,69,5.5,328,1,
2026-10-06,09:00,Peñíscola N,0.29,4.2,69,5.5,328,1,
2026-10-06,09:00,Pirámides,0.16,4.2,69,5.5,328,0,
2026-10-06,09:00,Planetario,0.22,4.2,69,5.5,328,1,
2026-10-06,09:00,Vinaròs,0.29,4.2,69,5.5,328,1,
2026-10-06,09:00,Voramar,0.06,4.2,69,5.5,328,0,
2026-10-06,10:00,Almenara,0.21,4.0,66,5.4,307,1,
2026-10-06,10:00,Burriana,0.20,4.0,66,5.4,307,1,
2026-10-06,10:00,Gurugu,0.20,4.0,66,5.4,307,1,
2026-10-06,10:00,La Renegà,0.32,4.0,66,5.4,307,1,
2026-10-06,10:00,Nules,0.21,4.0,66,5.4,307,1,
2026-10-06,10:00,Peñíscola N,0.27,4.0,66,5.4,307,1,
2026-10-06,10:00,Pirámides,0.14,4.0,66,5.4,307,0,
2026-10-06,10:00,Planetario,0.20,4.0,66,5.4,307,1,
2026-10-06,10:00,Vinaròs,0.27,4.0,66,5.4,307,1,
2026-10-06,10:00,Voramar,0.04,4.0,66,5.4,307,0,
2026-10-06,11:00,Almenara,0.18,3.8,64,1.8,11,0,
2026-10-06,11:00,Burriana,0.18,3.8,64,1.8,11,0,
2026-10-06,11:00,Gurugu,0.17,3.8,64,1.8,11,0,
2026-10-06,11:00,La Renegà,0.28,3.8,64,1.8,11,1,
2026-10-06,11:00,Nules,0.18,3.8,64,1.8,11,0,
2026-10-06,11:00,Peñíscola N,0.24,3.8,64,1.8,11,1,
2026-10-06,11:00,Pirámides,0.12,3.8,64,1.8,11,0,
2026-10-06,11:00,Planetario,0.17,3.8,64,1.8,11,0,
2026-10-06,11:00,Vinaròs,0.24,3.8,64,1.8,11,1,
2026-10-06,11:00,Voramar,0.03,3.8,64,1.8,11,0,
2026-10-06,12:00,Almenara,0.19,3.9,66,7.1,165,0,
2026-10-06,12:00,Burriana,0.18,3.9,66,7.1,165,0,
2026-10-06,12:00,Gurugu,0.18,3.9,66,7.1,165,0,
2026-10-06,12:00,La Renegà,0.29,3.9,66,7.1,165,1,
2026-10-06,12:00,Nules,0.19,3.9,66,7.1,165,0,
2026-10-06,12:00,Peñíscola N,0.25,3.9,66,7.1,165,1,
2026-10-06,12:00,Pirámides,0.13,3.9,66,7.1,165,0,
2026-10-06,12:00,Planetario,0.18,3.9,66,7.1,165,0,
2026-10-06,12:00,Vinaròs,0.25,3.9,66,7.1,165,1,
2026-10-06,12:00,Voramar,0.03,3.9,66,7.1,165,0,
2026-10-06,13:00,Almenara,0.20,4.0,67,7.2,177,1,
2026-10-06,13:00,Burriana,0.19,4.0,67,7.2,177,0,
2026-10-06,13:00,Gurugu,0.19,4.0,67,7.2,177,0,
2026-10-06,13:00,La Renegà,0.29,4.0,67,7.2,177,1,
2026-10-06,13:00,Nules,0.19,4.0,67,7.2,177,0,
2026-10-06,13:00,Peñíscola N,0.25,4.0,67,7.2,177,1,
2026-10-06,13:00,Pirámides,0.14,4.0,67,7.2,177,0,
2026-10-06,13:00,Planetario,0.19,4.0,67,7.2,177,0,
2026-10-06,13:00,Vinaròs,0.25,4.0,67,7.2,177,1,
2026-10-06,13:00,Voramar,0.04,4.0,67,7.2,177,0,
2026-10-06,14:00,Almenara,0.20,4.2,69,8.3,180,1,
2026-10-06,14:00,Burriana,0.20,4.2,69,8.3,180,1,
2026-10-06,14:00,Gurugu,0.20,4.2,69,8.3,180,1,
2026-10-06,14:00,La Renegà,0.29,4.2,69,8.3,180,1,
2026-10-06,14:00,Nules,0.20,4.2,69,8.3,180,1,
2026-10-06,14:00,Peñíscola N,0.26,4.2,69,8.3,180,1,
2026-10-06,14:00,Pirámides,0.15,4.2,69,8.3,180,0,
2026-10-06,14:00,Planetario,0.20,4.2,69,8.3,180,1,
2026-10-06,14:00,Vinaròs,0.26,4.2,69,8.3,180,1,
2026-10-06,14:00,Voramar,0.05,4.2,69,8.3,180,0,
2026-10-06,15:00,Almenara,0.21,4.2,70,11.2,182,1,
2026-10-06,15:00,Burriana,0.20,4.2,70,11.2,182,1,
2026-10-06,15:00,Gurugu,0.20,4.2,70,11.2,182,1,
2026-10-06,15:00,La Renegà,0.29,4.2,70,11.2,182,1,
2026-10-06,15:00,Nules,0.21,4.2,70,11.2,182,1,
2026-10-06,15:00,Peñíscola N,0.26,4.2,70,11.2,182,1,
2026-10-06,15:00,Pirámides,0.15,4.2,70,11.2,182,0,
2026-10-06,15:00,Planetario,0.20,4.2,70,11.2,182,1,
2026-10-06,15:00,Vinaròs,0.26,4.2,70,11.2,182,1,
2026-10-06,15:00,Voramar,0.06,4.2,70,11.2,182,0,
2026-10-06,16:00,Almenara,0.19,4.2,70,13.9,190,0,
2026-10-06,16:00,Burriana,0.19,4.2,70,13.9,190,0,
2026-10-06,16:00,Gurugu,0.19,4.2,70,13.9,190,0,
2026-10-06,16:00,La Renegà,0.27,4.2,70,13.9,190,1,
2026-10-06,16:00,Nules,0.19,4.2,70,13.9,190,0,
2026-10-06,16:00,Peñíscola N,0.24,4.2,70,13.9,190,1,
2026-10-06,16:00,Pirámides,0.14,4.2,70,13.9,190,0,
2026-10-06,16:00,Planetario,0.19,4.2,70,13.9,190,0,
2026-10-06,16:00,Vinaròs,0.24,4.2,70,13.9,190,1,
2026-10-06,16:00,Voramar,0.05,4.2,70,13.9,190,0,
2026-10-06,17:00,Almenara,0.19,4.2,71,15.5,183,0,
2026-10-06,17:00,Burriana,0.19,4.2,71,15.5,183,0,
2026-10-06,17:00,Gurugu,0.19,4.2,71,15.5,183,0,
2026-10-06,17:00,La Renegà,0.27,4.2,71,15.5,183,1,
2026-10-06,17:00,Nules,0.19,4.2,71,15.5,183,0,
2026-10-06,17:00,Peñíscola N,0.24,4.2,71,15.5,183,1,
2026-10-06,17:00,Pirámides,0.14,4.2,71,15.5,183,0,
2026-10-06,17:00,Planetario,0.19,4.2,71,15.5,183,0,
2026-10-06,17:00,Vinaròs,0.24,4.2,71,15.5,183,1,
2026-10-06,17:00,Voramar,0.06,4.2,71,15.5,183,0,
2026-10-06,18:00,Almenara,0.19,4.2,71,18.6,198,0,
2026-10-06,18:00,Burriana,0.19,4.2,71,18.6,198,0,
2026-10-06,18:00,Gurugu,0.19,4.2,71,18.6,198,0,
2026-10-06,18:00,La Renegà,0.27,4.2,71,18.6,198,1,
2026-10-06,18:00,Nules,0.19,4.2,71,18.6,198,0,
2026-10-06,18:00,Peñíscola N,0.24,4.2,71,18.6,198,1,
2026-10-06,18:00,Pirámides,0.14,4.2,71,18.6,198,0,
2026-10-06,18:00,Planetario,0.19,4.2,71,18.6,198,0,
2026-10-06,18:00,Vinaròs,0.24,4.2,71,18.6,198,1,
2026-10-06,18:00,Voramar,0.06,4.2,71,18.6,198,0,
2026-10-06,19:00,Almenara,0.19,4.2,71,16.6,202,0,
2026-10-06,19:00,Burriana,0.19,4.2,71,16.6,202,0,
2026-10-06,19:00,Gurugu,0.19,4.2,71,16.6,202,0,
2026-10-06,19:00,La Renegà,0.27,4.2,71,16.6,202,1,
2026-10-06,19:00,Nules,0.19,4.2,71,16.6,202,0,
2026-10-06,19:00,Peñíscola N,0.24,4.2,71,16.6,202,1,
2026-10-06,19:00,Pirámides,0.14,4.2,71,16.6,202,0,
2026-10-06,19:00,Planetario,0.19,4.2,71,16.6,202,0,
2026-10-06,19:00,Vinaròs,0.24,4.2,71,16.6,202,1,
2026-10-06,19:00,Voramar,0.06,4.2,71,16.6,202,0,
2026-10-06,20:00,Almenara,0.19,4.2,71,12.9,203,0,
2026-10-06,20:00,Burriana,0.19,4.2,71,12.9,203,0,
2026-10-06,20:00,Gurugu,0.19,4.2,71,12.9,203,0,
2026-10-06,20:00,La Renegà,0.27,4.2,71,12.9,203,1,
2026-10-06,20:00,Nules,0.19,4.2,71,12.9,203,0,
2026-10-06,20:00,Peñíscola N,0.24,4.2,71,12.9,203,1,
2026-10-06,20:00,Pirámides,0.14,4.2,71,12.9,203,0,
2026-10-06,20:00,Planetario,0.19,4.2,71,12.9,203,0,
2026-10-06,20:00,Vinaròs,0.24,4.2,71,12.9,203,1,
2026-10-06,20:00,Voramar,0.06,4.2,71,12.9,203,0,
2026-10-06,21:00,Almenara,0.18,4.1,70,11.3,207,0,
2026-10-06,21:00,Burriana,0.18,4.1,70,11.3,207,0,
2026-10-06,21:00,Gurugu,0.18,4.1,70,11.3,207,0,
2026-10-06,21:00,La Renegà,0.25,4.1,70,11.3,207,1,
2026-10-06,21:00,Nules,0.18,4.1,70,11.3,207,0,
2026-10-06,21:00,Peñíscola N,0.22,4.1,70,11.3,207,1,
2026-10-06,21:00,Pirámides,0.13,4.1,70,11.3,207,0,
2026-10-06,21:00,Planetario,0.18,4.1,70,11.3,207,0,
2026-10-06,21:00,Vinaròs,0.22,4.1,70,11.3,207,1,
2026-10-06,21:00,Voramar,0.05,4.1,70,11.3,207,0,
2026-10-06,22:00,Almenara,0.17,4.0,70,9.7,225,0,
2026-10-06,22:00,Burriana,0.17,4.0,70,9.7,225,0,
2026-10-06,22:00,Gurugu,0.17,4.0,70,9.7,225,0,
2026-10-06,22:00,La Renegà,0.24,4.0,70,9.7,225,1,
2026-10-06,22:00,Nules,0.17,4.0,70,9.7,225,0,
2026-10-06,22:00,Peñíscola N,0.21,4.0,70,9.7,225,1,
2026-10-06,22:00,Pirámides,0.12,4.0,70,9.7,225,0,
2026-10-06,22:00,Planetario,0.17,4.0,70,9.7,225,0,
2026-10-06,22:00,Vinaròs,0.21,4.0,70,9.7,225,1,
2026-10-06,22:00,Voramar,0.05,4.0,70,9.7,225,0,
2026-10-06,23:00,Almenara,0.16,4.0,69,6.7,254,0,
2026-10-06,23:00,Burriana,0.15,4.0,69,6.7,254,0,
2026-10-06,23:00,Gurugu,0.15,4.0,69,6.7,254,0,
2026-10-06,23:00,La Renegà,0.22,4.0,69,6.7,254,1,
2026-10-06,23:00,Nules,0.15,4.0,69,6.7,254,0,
2026-10-06,23:00,Peñíscola N,0.20,4.0,69,6.7,254,1,
2026-10-06,23:00,Pirámides,0.11,4.0,69,6.7,254,0,
2026-10-06,23:00,Planetario,0.15,4.0,69,6.7,254,0,
2026-10-06,23:00,Vinaròs,0.20,4.0,69,6.7,254,1,
2026-10-06,23:00,Voramar,0.04,4.0,69,6.7,254,0,
2026-10-07,00:00,Almenara,0.26,3.9,100,5.4,290,1,
2026-10-07,00:00,Burriana,0.26,3.9,100,5.4,290,1,
2026-10-07,00:00,Gurugu,0.26,3.9,100,5.4,290,1,
2026-10-07,00:00,La Renegà,0.26,3.9,100,5.4,290,1,
2026-10-07,00:00,Nules,0.26,3.9,100,5.4,290,1,
2026-10-07,00:00,Peñíscola N,0.27,3.9,100,5.4,290,1,
2026-10-07,00:00,Pirámides,0.24,3.9,100,5.4,290,1,
2026-10-07,00:00,Planetario,0.26,3.9,100,5.4,290,1,
2026-10-07,00:00,Vinaròs,0.27,3.9,100,5.4,290,1,
2026-10-07,00:00,Voramar,0.19,3.9,100,5.4,290,0,
2026-10-07,01:00,Almenara,0.29,3.2,129,5.6,310,1,
2026-10-07,01:00,Burriana,0.29,3.2,129,5.6,310,1,
2026-10-07,01:00,Gurugu,0.29,3.2,129,5.6,310,1,
2026-10-07,01:00,La Renegà,0.20,3.2,129,5.6,310,1,
2026-10-07,01:00,Nules,0.29,3.2,129,5.6,310,1,
2026-10-07,01:00,Peñíscola N,0.26,3.2,129,5.6,310,1,
2026-10-07,01:00,Pirámides,0.30,3.2,129,5.6,310,1,
2026-10-07,01:00,Planetario,0.29,3.2,129,5.6,310,1,
2026-10-07,01:00,Vinaròs,0.26,3.2,129,5.6,310,1,
2026-10-07,01:00,Voramar,0.29,3.2,129,5.6,310,1,
2026-10-07,02:00,Almenara,0.23,2.9,159,5.9,308,1,
2026-10-07,02:00,Burriana,0.23,2.9,159,5.9,308,1,
2026-10-07,02:00,Gurugu,0.23,2.9,159,5.9,308,1,
2026-10-07,02:00,La Renegà,0.07,2.9,159,5.9,308,0,
2026-10-07,02:00,Nules,0.23,2.9,159,5.9,308,1,
2026-10-07,02:00,Peñíscola N,0.16,2.9,159,5.9,308,0,
2026-10-07,02:00,Pirámides,0.27,2.9,159,5.9,308,1,
2026-10-07,02:00,Planetario,0.23,2.9,159,5.9,308,1,
2026-10-07,02:00,Vinaròs,0.16,2.9,159,5.9,308,0,
2026-10-07,02:00,Voramar,0.30,2.9,159,5.9,308,1,
2026-10-07,03:00,Almenara,0.24,2.8,159,5.4,312,1,
2026-10-07,03:00,Burriana,0.24,2.8,159,5.4,312,1,
2026-10-07,03:00,Gurugu,0.24,2.8,159,5.4,312,1,
2026-10-07,03:00,La Renegà,0.07,2.8,159,5.4,312,0,
2026-10-07,03:00,Nules,0.24,2.8,159,5.4,312,1,
2026-10-07,03:00,Peñíscola N,0.17,2.8,159,5.4,312,0,
2026-10-07,03:00,Pirámides,0.28,2.8,159,5.4,312,1,
2026-10-07,03:00,Planetario,0.24,2.8,159,5.4,312,1,
2026-10-07,03:00,Vinaròs,0.17,2.8,159,5.4,312,0,
2026-10-07,03:00,Voramar,0.32,2.8,159,5.4,312,1,
2026-10-07,04:00,Almenara,0.24,2.8,159,5.4,312,1,
2026-10-07,04:00,Burriana,0.24,2.8,159,5.4,312,1,
2026-10-07,04:00,Gurugu,0.24,2.8,159,5.4,312,1,
2026-10-07,04:00,La Renegà,0.07,2.8,159,5.4,312,0,
2026-10-07,04:00,Nules,0.24,2.8,159,5.4,312,1,
2026-10-07,04:00,Peñíscola N,0.17,2.8,159,5.4,312,0,
2026-10-07,04:00,Pirámides,0.28,2.8,159,5.4,312,1,
2026-10-07,04:00,Planetario,0.24,2.8,159,5.4,312,1,
2026-10-07,04:00,Vinaròs,0.17,2.8,159,5.4,312,0,
2026-10-07,04:00,Voramar,0.32,2.8,159,5.4,312,1,
2026-10-07,05:00,Almenara,0.26,2.9,159,5.6,310,1,
2026-10-07,05:00,Burriana,0.26,2.9,159,5.6,310,1,
2026-10-07,05:00,Gurugu,0.26,2.9,159,5.6,310,1,
2026-10-07,05:00,La Renegà,0.08,2.9,159,5.6,310,0,
2026-10-07,05:00,Nules,0.26,2.9,159,5.6,310,1,
2026-10-07,05:00,Peñíscola N,0.18,2.9,159,5.6,310,0,
2026-10-07,05:00,Pirámides,0.30,2.9,159,5.6,310,1,
2026-10-07,05:00,Planetario,0.26,2.9,159,5.6,310,1,
2026-10-07,05:00,Vinaròs,0.18,2.9,159,5.6,310,0,
2026-10-07,05:00,Voramar,0.34,2.9,159,5.6,310,1,
2026-10-07,06:00,Almenara,0.26,2.9,159,5.9,308,1,
2026-10-07,06:00,Burriana,0.26,2.9,159,5.9,308,1,
2026-10-07,06:00,Gurugu,0.26,2.9,159,5.9,308,1,
2026-10-07,06:00,La Renegà,0.08,2.9,159,5.9,308,0,
2026-10-07,06:00,Nules,0.26,2.9,159,5.9,308,1,
2026-10-07,06:00,Peñíscola N,0.18,2.9,159,5.9,308,0,
2026-10-07,06:00,Pirámides,0.30,2.9,159,5.9,308,1,
2026-10-07,06:00,Planetario,0.26,2.9,159,5.9,308,1,
2026-10-07,06:00,Vinaròs,0.18,2.9,159,5.9,308,0,
2026-10-07,06:00,Voramar,0.34,2.9,159,5.9,308,1,
2026-10-07,07:00,Almenara,0.25,3.0,160,6.0,303,1,
2026-10-07,07:00,Burriana,0.25,3.0,160,6.0,303,1,
2026-10-07,07:00,Gurugu,0.25,3.0,160,6.0,303,1,
2026-10-07,07:00,La Renegà,0.07,3.0,160,6.0,303,0,
2026-10-07,07:00,Nules,0.25,3.0,160,6.0,303,1,
2026-10-07,07:00,Peñíscola N,0.17,3.0,160,6.0,303,0,
2026-10-07,07:00,Pirámides,0.29,3.0,160,6.0,303,1,
2026-10-07,07:00,Planetario,0.25,3.0,160,6.0,303,1,
2026-10-07,07:00,Vinaròs,0.17,3.0,160,6.0,303,0,
2026-10-07,07:00,Voramar,0.33,3.0,160,6.0,303,1,
2026-10-07,08:00,Almenara,0.25,3.0,160,5.5,302,1,
2026-10-07,08:00,Burriana,0.25,3.0,160,5.5,302,1,
2026-10-07,08:00,Gurugu,0.25,3.0,160,5.5,302,1,
2026-10-07,08:00,La Renegà,0.07,3.0,160,5.5,302,0,
2026-10-07,08:00,Nules,0.25,3.0,160,5.5,302,1,
2026-10-07,08:00,Peñíscola N,0.17,3.0,160,5.5,302,0,
2026-10-07,08:00,Pirámides,0.29,3.0,160,5.5,302,1,
2026-10-07,08:00,Planetario,0.25,3.0,160,5.5,302,1,
2026-10-07,08:00,Vinaròs,0.17,3.0,160,5.5,302,0,
2026-10-07,08:00,Voramar,0.33,3.0,160,5.5,302,1,
2026-10-07,09:00,Almenara,0.25,3.1,163,5.1,274,1,
2026-10-07,09:00,Burriana,0.25,3.1,163,5.1,274,1,
2026-10-07,09:00,Gurugu,0.25,3.1,163,5.1,274,1,
2026-10-07,09:00,La Renegà,0.06,3.1,163,5.1,274,0,
2026-10-07,09:00,Nules,0.25,3.1,163,5.1,274,1,
2026-10-07,09:00,Peñíscola N,0.17,3.1,163,5.1,274,0,
2026-10-07,09:00,Pirámides,0.30,3.1,163,5.1,274,1,
2026-10-07,09:00,Planetario,0.25,3.1,163,5.1,274,1,
2026-10-07,09:00,Vinaròs,0.17,3.1,163,5.1,274,0,
2026-10-07,09:00,Voramar,0.35,3.1,163,5.1,274,2,
2026-10-07,10:00,Almenara,0.24,3.2,167,8.6,248,1,
2026-10-07,10:00,Burriana,0.24,3.2,167,8.6,248,1,
2026-10-07,10:00,Gurugu,0.24,3.2,167,8.6,248,1,
2026-10-07,10:00,La Renegà,0.03,3.2,167,8.6,248,0,
2026-10-07,10:00,Nules,0.24,3.2,167,8.6,248,1,
2026-10-07,10:00,Peñíscola N,0.15,3.2,167,8.6,248,0,
2026-10-07,10:00,Pirámides,0.30,3.2,167,8.6,248,1,
2026-10-07,10:00,Planetario,0.24,3.2,167,8.6,248,1,
2026-10-07,10:00,Vinaròs,0.15,3.2,167,8.6,248,0,
2026-10-07,10:00,Voramar,0.36,3.2,167,8.6,248,2,
2026-10-07,11:00,Almenara,0.24,3.2,170,11.0,232,1,
2026-10-07,11:00,Burriana,0.24,3.2,170,11.0,232,1,
2026-10-07,11:00,Gurugu,0.24,3.2,170,11.0,232,1,
2026-10-07,11:00,La Renegà,0.02,3.2,170,11.0,232,0,
2026-10-07,11:00,Nules,0.24,3.2,170,11.0,232,1,
2026-10-07,11:00,Peñíscola N,0.14,3.2,170,11.0,232,0,
2026-10-07,11:00,Pirámides,0.31,3.2,170,11.0,232,1,
2026-10-07,11:00,Planetario,0.24,3.2,170,11.0,232,1,
2026-10-07,11:00,Vinaròs,0.14,3.2,170,11.0,232,0,
2026-10-07,11:00,Voramar,0.37,3.2,170,11.0,232,2,
2026-10-07,12:00,Almenara,0.13,3.1,187,10.0,221,0,
2026-10-07,12:00,Burriana,0.13,3.1,187,10.0,221,0,
2026-10-07,12:00,Gurugu,0.13,3.1,187,10.0,221,0,
2026-10-07,12:00,La Renegà,0.10,3.1,187,10.0,221,0,
2026-10-07,12:00,Nules,0.13,3.1,187,10.0,221,0,
2026-10-07,12:00,Peñíscola N,0.02,3.1,187,10.0,221,0,
2026-10-07,12:00,Pirámides,0.20,3.1,187,10.0,221,1,
2026-10-07,12:00,Planetario,0.13,3.1,187,10.0,221,0,
2026-10-07,12:00,Vinaròs,0.02,3.1,187,10.0,221,0,
2026-10-07,12:00,Voramar,0.28,3.1,187,10.0,221,1,
2026-10-07,13:00,Almenara,0.02,2.9,205,10.9,214,0,
2026-10-07,13:00,Burriana,0.02,2.9,205,10.9,214,0,
2026-10-07,13:00,Gurugu,0.02,2.9,205,10.9,214,0,
2026-10-07,13:00,La Renegà,0.20,2.9,205,10.9,214,1,
2026-10-07,13:00,Nules,0.02,2.9,205,10.9,214,0,
2026-10-07,13:00,Peñíscola N,0.09,2.9,205,10.9,214,0,
2026-10-07,13:00,Pirámides,0.08,2.9,205,10.9,214,0,
2026-10-07,13:00,Planetario,0.02,2.9,205,10.9,214,0,
2026-10-07,13:00,Vinaròs,0.09,2.9,205,10.9,214,0,
2026-10-07,13:00,Voramar,0.17,2.9,205,10.9,214,0,
2026-10-07,14:00,Almenara,0.09,2.6,222,12.9,216,0,
2026-10-07,14:00,Burriana,0.09,2.6,222,12.9,216,0,
2026-10-07,14:00,Gurugu,0.09,2.6,222,12.9,216,0,
2026-10-07,14:00,La Renegà,0.26,2.6,222,12.9,216,1,
2026-10-07,14:00,Nules,0.09,2.6,222,12.9,216,0,
2026-10-07,14:00,Peñíscola N,0.18,2.6,222,12.9,216,0,
2026-10-07,14:00,Pirámides,0.02,2.6,222,12.9,216,0,
2026-10-07,14:00,Planetario,0.09,2.6,222,12.9,216,0,
2026-10-07,14:00,Vinaròs,0.18,2.6,222,12.9,216,0,
2026-10-07,14:00,Voramar,0.07,2.6,222,12.9,216,0,
2026-10-07,15:00,Almenara,0.06,2.6,216,10.8,195,0,
2026-10-07,15:00,Burriana,0.06,2.6,216,10.8,195,0,
2026-10-07,15:00,Gurugu,0.06,2.6,216,10.8,195,0,
2026-10-07,15:00,La Renegà,0.23,2.6,216,10.8,195,1,
2026-10-07,15:00,Nules,0.06,2.6,216,10.8,195,0,
2026-10-07,15:00,Peñíscola N,0.14,2.6,216,10.8,195,0,
2026-10-07,15:00,Pirámides,0.02,2.6,216,10.8,195,0,
2026-10-07,15:00,Planetario,0.06,2.6,216,10.8,195,0,
2026-10-07,15:00,Vinaròs,0.14,2.6,216,10.8,195,0,
2026-10-07,15:00,Voramar,0.10,2.6,216,10.8,195,0,
2026-10-07,16:00,Almenara,0.03,2.6,211,7.3,147,0,
2026-10-07,16:00,Burriana,0.03,2.6,211,7.3,147,0,
2026-10-07,16:00,Gurugu,0.03,2.6,211,7.3,147,0,
2026-10-07,16:00,La Renegà,0.19,2.6,211,7.3,147,0,
2026-10-07,16:00,Nules,0.03,2.6,211,7.3,147,0,
2026-10-07,16:00,Peñíscola N,0.11,2.6,211,7.3,147,0,
2026-10-07,16:00,Pirámides,0.04,2.6,211,7.3,147,0,
2026-10-07,16:00,Planetario,0.03,2.6,211,7.3,147,0,
2026-10-07,16:00,Vinaròs,0.11,2.6,211,7.3,147,0,
2026-10-07,16:00,Voramar,0.12,2.6,211,7.3,147,0,
2026-10-07,17:00,Almenara,0.01,2.6,205,10.3,102,0,
2026-10-07,17:00,Burriana,0.01,2.6,205,10.3,102,0,
2026-10-07,17:00,Gurugu,0.01,2.6,205,10.3,102,0,
2026-10-07,17:00,La Renegà,0.16,2.6,205,10.3,102,0,
2026-10-07,17:00,Nules,0.01,2.6,205,10.3,102,0,
2026-10-07,17:00,Peñíscola N,0.08,2.6,205,10.3,102,0,
2026-10-07,17:00,Pirámides,0.07,2.6,205,10.3,102,0,
2026-10-07,17:00,Planetario,0.01,2.6,205,10.3,102,0,
2026-10-07,17:00,Vinaròs,0.08,2.6,205,10.3,102,0,
2026-10-07,17:00,Voramar,0.14,2.6,205,10.3,102,0,
2026-10-07,18:00,Almenara,0.01,2.5,203,8.3,92,0,
2026-10-07,18:00,Burriana,0.01,2.5,203,8.3,92,0,
2026-10-07,18:00,Gurugu,0.01,2.5,203,8.3,92,0,
2026-10-07,18:00,La Renegà,0.14,2.5,203,8.3,92,0,
2026-10-07,18:00,Nules,0.01,2.5,203,8.3,92,0,
2026-10-07,18:00,Peñíscola N,0.06,2.5,203,8.3,92,0,
2026-10-07,18:00,Pirámides,0.07,2.5,203,8.3,92,0,
2026-10-07,18:00,Planetario,0.01,2.5,203,8.3,92,0,
2026-10-07,18:00,Vinaròs,0.06,2.5,203,8.3,92,0,
2026-10-07,18:00,Voramar,0.14,2.5,203,8.3,92,0,
2026-10-07,19:00,Almenara,0.02,2.5,200,12.4,30,0,
2026-10-07,19:00,Burriana,0.02,2.5,200,12.4,30,0,
2026-10-07,19:00,Gurugu,0.02,2.5,200,12.4,30,0,
2026-10-07,19:00,La Renegà,0.11,2.5,200,12.4,30,0,
2026-10-07,19:00,Nules,0.02,2.5,200,12.4,30,0,
2026-10-07,19:00,Peñíscola N,0.04,2.5,200,12.4,30,0,
2026-10-07,19:00,Pirámides,0.07,2.5,200,12.4,30,0,
2026-10-07,19:00,Planetario,0.02,2.5,200,12.4,30,0,
2026-10-07,19:00,Vinaròs,0.04,2.5,200,12.4,30,0,
2026-10-07,19:00,Voramar,0.13,2.5,200,12.4,30,0,
2026-10-07,20:00,Almenara,0.03,2.5,198,18.4,35,0,
2026-10-07,20:00,Burriana,0.03,2.5,198,18.4,35,0,
2026-10-07,20:00,Gurugu,0.03,2.5,198,18.4,35,0,
2026-10-07,20:00,La Renegà,0.09,2.5,198,18.4,35,0,
2026-10-07,20:00,Nules,0.03,2.5,198,18.4,35,0,
2026-10-07,20:00,Peñíscola N,0.03,2.5,198,18.4,35,0,
2026-10-07,20:00,Pirámides,0.07,2.5,198,18.4,35,0,
2026-10-07,20:00,Planetario,0.03,2.5,198,18.4,35,0,
2026-10-07,20:00,Vinaròs,0.03,2.5,198,18.4,35,0,
2026-10-07,20:00,Voramar,0.12,2.5,198,18.4,35,0,
2026-10-07,21:00,Almenara,0.06,2.6,190,10.9,17,0,
2026-10-07,21:00,Burriana,0.06,2.6,190,10.9,17,0,
2026-10-07,21:00,Gurugu,0.06,2.6,190,10.9,17,0,
2026-10-07,21:00,La Renegà,0.06,2.6,190,10.9,17,0,
2026-10-07,21:00,Nules,0.06,2.6,190,10.9,17,0,
2026-10-07,21:00,Peñíscola N,0.01,2.6,190,10.9,17,0,
2026-10-07,21:00,Pirámides,0.10,2.6,190,10.9,17,0,
2026-10-07,21:00,Planetario,0.06,2.6,190,10.9,17,0,
2026-10-07,21:00,Vinaròs,0.01,2.6,190,10.9,17,0,
2026-10-07,21:00,Voramar,0.14,2.6,190,10.9,17,0,
2026-10-07,22:00,Almenara,0.08,2.8,182,6.8,360,0,
2026-10-07,22:00,Burriana,0.08,2.8,182,6.8,360,0,
2026-10-07,22:00,Gurugu,0.08,2.8,182,6.8,360,0,
2026-10-07,22:00,La Renegà,0.03,2.8,182,6.8,360,0,
2026-10-07,22:00,Nules,0.08,2.8,182,6.8,360,0,
2026-10-07,22:00,Peñíscola N,0.03,2.8,182,6.8,360,0,
2026-10-07,22:00,Pirámides,0.11,2.8,182,6.8,360,0,
2026-10-07,22:00,Planetario,0.08,2.8,182,6.8,360,0,
2026-10-07,22:00,Vinaròs,0.03,2.8,182,6.8,360,0,
2026-10-07,22:00,Voramar,0.15,2.8,182,6.8,360,0,
2026-10-07,23:00,Almenara,0.10,2.9,174,3.7,331,0,
2026-10-07,23:00,Burriana,0.10,2.9,174,3.7,331,0,
2026-10-07,23:00,Gurugu,0.10,2.9,174,3.7,331,0,
2026-10-07,23:00,La Renegà,0.01,2.9,174,3.7,331,0,
2026-10-07,23:00,Nules,0.10,2.9,174,3.7,331,0,
2026-10-07,23:00,Peñíscola N,0.05,2.9,174,3.7,331,0,
2026-10-07,23:00,Pirámides,0.13,2.9,174,3.7,331,0,
2026-10-07,23:00,Planetario,0.10,2.9,174,3.7,331,0,
2026-10-07,23:00,Vinaròs,0.05,2.9,174,3.7,331,0,
2026-10-07,23:00,Voramar,0.16,2.9,174,3.7,331,0,
2026-10-08,00:00,Almenara,0.16,3.0,173,5.6,315,0,
2026-10-08,00:00,Burriana,0.16,3.0,173,5.6,315,0,
2026-10-08,00:00,Gurugu,0.16,3.0,173,5.6,315,0,
2026-10-08,00:00,La Renegà,0.02,3.0,173,5.6,315,0,
2026-10-08,00:00,Nules,0.16,3.0,173,5.6,315,0,
2026-10-08,00:00,Peñíscola N,0.09,3.0,173,5.6,315,0,
2026-10-08,00:00,Pirámides,0.21,3.0,173,5.6,315,1,
2026-10-08,00:00,Planetario,0.16,3.0,173,5.6,315,0,
2026-10-08,00:00,Vinaròs,0.09,3.0,173,5.6,315,0,
2026-10-08,00:00,Voramar,0.26,3.0,173,5.6,315,1,
2026-10-08,01:00,Almenara,0.17,2.9,172,6.2,306,0,
2026-10-08,01:00,Burriana,0.17,2.9,172,6.2,306,0,
2026-10-08,01:00,Gurugu,0.17,2.9,172,6.2,306,0,
2026-10-08,01:00,La Renegà,0.02,2.9,172,6.2,306,0,
2026-10-08,01:00,Nules,0.17,2.9,172,6.2,306,0,
2026-10-08,01:00,Peñíscola N,0.09,2.9,172,6.2,306,0,
2026-10-08,01:00,Pirámides,0.22,2.9,172,6.2,306,1,
2026-10-08,01:00,Planetario,0.17,2.9,172,6.2,306,0,
2026-10-08,01:00,Vinaròs,0.09,2.9,172,6.2,306,0,
2026-10-08,01:00,Voramar,0.27,2.9,172,6.2,306,1,
2026-10-08,02:00,Almenara,0.16,3.0,171,6.9,313,0,
2026-10-08,02:00,Burriana,0.16,3.0,171,6.9,313,0,
2026-10-08,02:00,Gurugu,0.16,3.0,171,6.9,313,0,
2026-10-08,02:00,La Renegà,0.01,3.0,171,6.9,313,0,
2026-10-08,02:00,Nules,0.16,3.0,171,6.9,313,0,
2026-10-08,02:00,Peñíscola N,0.09,3.0,171,6.9,313,0,
2026-10-08,02:00,Pirámides,0.21,3.0,171,6.9,313,1,
2026-10-08,02:00,Planetario,0.16,3.0,171,6.9,313,0,
2026-10-08,02:00,Vinaròs,0.09,3.0,171,6.9,313,0,
2026-10-08,02:00,Voramar,0.25,3.0,171,6.9,313,1,
2026-10-08,03:00,Almenara,0.24,3.7,135,6.4,313,1,
2026-10-08,03:00,Burriana,0.24,3.7,135,6.4,313,1,
2026-10-08,03:00,Gurugu,0.24,3.7,135,6.4,313,1,
2026-10-08,03:00,La Renegà,0.15,3.7,135,6.4,313,0,
2026-10-08,03:00,Nules,0.24,3.7,135,6.4,313,1,
2026-10-08,03:00,Peñíscola N,0.21,3.7,135,6.4,313,1,
2026-10-08,03:00,Pirámides,0.25,3.7,135,6.4,313,1,
2026-10-08,03:00,Planetario,0.24,3.7,135,6.4,313,1,
2026-10-08,03:00,Vinaròs,0.21,3.7,135,6.4,313,1,
2026-10-08,03:00,Voramar,0.25,3.7,135,6.4,313,1,
2026-10-08,04:00,Almenara,0.24,4.5,99,6.1,310,1,
2026-10-08,04:00,Burriana,0.24,4.5,99,6.1,310,1,
2026-10-08,04:00,Gurugu,0.24,4.5,99,6.1,310,1,
2026-10-08,04:00,La Renegà,0.24,4.5,99,6.1,310,1,
2026-10-08,04:00,Nules,0.24,4.5,99,6.1,310,1,
2026-10-08,04:00,Peñíscola N,0.26,4.5,99,6.1,310,1,
2026-10-08,04:00,Pirámides,0.22,4.5,99,6.1,310,1,
2026-10-08,04:00,Planetario,0.24,4.5,99,6.1,310,1,
2026-10-08,04:00,Vinaròs,0.26,4.5,99,6.1,310,1,
2026-10-08,04:00,Voramar,0.18,4.5,99,6.1,310,0,
2026-10-08,05:00,Almenara,0.14,5.0,63,5.9,308,0,
2026-10-08,05:00,Burriana,0.13,5.0,63,5.9,308,0,
2026-10-08,05:00,Gurugu,0.13,5.0,63,5.9,308,0,
2026-10-08,05:00,La Renegà,0.22,5.0,63,5.9,308,1,
2026-10-08,05:00,Nules,0.14,5.0,63,5.9,308,0,
2026-10-08,05:00,Peñíscola N,0.18,5.0,63,5.9,308,0,
2026-10-08,05:00,Pirámides,0.09,5.0,63,5.9,308,0,
2026-10-08,05:00,Planetario,0.13,5.0,63,5.9,308,0,
2026-10-08,05:00,Vinaròs,0.18,5.0,63,5.9,308,0,
2026-10-08,05:00,Voramar,0.02,5.0,63,5.9,308,0,
2026-10-08,06:00,Almenara,0.21,4.8,96,5.1,321,1,
2026-10-08,06:00,Burriana,0.21,4.8,96,5.1,321,1,
2026-10-08,06:00,Gurugu,0.21,4.8,96,5.1,321,1,
2026-10-08,06:00,La Renegà,0.22,4.8,96,5.1,321,1,
2026-10-08,06:00,Nules,0.21,4.8,96,5.1,321,1,
2026-10-08,06:00,Peñíscola N,0.23,4.8,96,5.1,321,1,
2026-10-08,06:00,Pirámides,0.19,4.8,96,5.1,321,0,
2026-10-08,06:00,Planetario,0.21,4.8,96,5.1,321,1,
2026-10-08,06:00,Vinaròs,0.23,4.8,96,5.1,321,1,
2026-10-08,06:00,Voramar,0.15,4.8,96,5.1,321,0,
2026-10-08,07:00,Almenara,0.24,4.2,130,4.7,337,1,
2026-10-08,07:00,Burriana,0.24,4.2,130,4.7,337,1,
2026-10-08,07:00,Gurugu,0.24,4.2,130,4.7,337,1,
2026-10-08,07:00,La Renegà,0.16,4.2,130,4.7,337,0,
2026-10-08,07:00,Nules,0.24,4.2,130,4.7,337,1,
2026-10-08,07:00,Peñíscola N,0.21,4.2,130,4.7,337,1,
2026-10-08,07:00,Pirámides,0.24,4.2,130,4.7,337,1,
2026-10-08,07:00,Planetario,0.24,4.2,130,4.7,337,1,
2026-10-08,07:00,Vinaròs,0.21,4.2,130,4.7,337,1,
2026-10-08,07:00,Voramar,0.24,4.2,130,4.7,337,1,
2026-10-08,08:00,Almenara,0.17,3.7,163,6.1,320,0,
2026-10-08,08:00,Burriana,0.17,3.7,163,6.1,320,0,
2026-10-08,08:00,Gurugu,0.17,3.7,163,6.1,320,0,
2026-10-08,08:00,La Renegà,0.04,3.7,163,6.1,320,0,
2026-10-08,08:00,Nules,0.17,3.7,163,6.1,320,0,
2026-10-08,08:00,Peñíscola N,0.11,3.7,163,6.1,320,0,
2026-10-08,08:00,Pirámides,0.20,3.7,163,6.1,320,1,
2026-10-08,08:00,Planetario,0.17,3.7,163,6.1,320,0,
2026-10-08,08:00,Vinaròs,0.11,3.7,163,6.1,320,0,
2026-10-08,08:00,Voramar,0.23,3.7,163,6.1,320,1,
2026-10-08,09:00,Almenara,0.17,3.6,163,8.1,328,0,
2026-10-08,09:00,Burriana,0.17,3.6,163,8.1,328,0,
2026-10-08,09:00,Gurugu,0.17,3.6,163,8.1,328,0,
2026-10-08,09:00,La Renegà,0.04,3.6,163,8.1,328,0,
2026-10-08,09:00,Nules,0.17,3.6,163,8.1,328,0,
2026-10-08,09:00,Peñíscola N,0.11,3.6,163,8.1,328,0,
2026-10-08,09:00,Pirámides,0.20,3.6,163,8.1,328,1,
2026-10-08,09:00,Planetario,0.17,3.6,163,8.1,328,0,
2026-10-08,09:00,Vinaròs,0.11,3.6,163,8.1,328,0,
2026-10-08,09:00,Voramar,0.23,3.6,163,8.1,328,1,
2026-10-08,10:00,Almenara,0.15,3.8,164,14.2,324,0,
2026-10-08,10:00,Burriana,0.15,3.8,164,14.2,324,0,
2026-10-08,10:00,Gurugu,0.15,3.8,164,14.2,324,0,
2026-10-08,10:00,La Renegà,0.03,3.8,164,14.2,324,0,
2026-10-08,10:00,Nules,0.15,3.8,164,14.2,324,0,
2026-10-08,10:00,Peñíscola N,0.10,3.8,164,14.2,324,0,
2026-10-08,10:00,Pirámides,0.18,3.8,164,14.2,324,0,
2026-10-08,10:00,Planetario,0.15,3.8,164,14.2,324,0,
2026-10-08,10:00,Vinaròs,0.10,3.8,164,14.2,324,0,
2026-10-08,10:00,Voramar,0.21,3.8,164,14.2,324,1,
2026-10-08,11:00,Almenara,0.15,3.9,164,16.4,322,0,
2026-10-08,11:00,Burriana,0.15,3.9,164,16.4,322,0,
2026-10-08,11:00,Gurugu,0.15,3.9,164,16.4,322,0,
2026-10-08,11:00,La Renegà,0.03,3.9,164,16.4,322,0,
2026-10-08,11:00,Nules,0.15,3.9,164,16.4,322,0,
2026-10-08,11:00,Peñíscola N,0.10,3.9,164,16.4,322,0,
2026-10-08,11:00,Pirámides,0.18,3.9,164,16.4,322,0,
2026-10-08,11:00,Planetario,0.15,3.9,164,16.4,322,0,
2026-10-08,11:00,Vinaròs,0.10,3.9,164,16.4,322,0,
2026-10-08,11:00,Voramar,0.21,3.9,164,16.4,322,1,
2026-10-08,12:00,Almenara,0.14,3.9,164,18.0,323,0,
2026-10-08,12:00,Burriana,0.14,3.9,164,18.0,323,0,
2026-10-08,12:00,Gurugu,0.14,3.9,164,18.0,323,0,
2026-10-08,12:00,La Renegà,0.03,3.9,164,18.0,323,0,
2026-10-08,12:00,Nules,0.14,3.9,164,18.0,323,0,
2026-10-08,12:00,Peñíscola N,0.09,3.9,164,18.0,323,0,
2026-10-08,12:00,Pirámides,0.17,3.9,164,18.0,323,0,
2026-10-08,12:00,Planetario,0.14,3.9,164,18.0,323,0,
2026-10-08,12:00,Vinaròs,0.09,3.9,164,18.0,323,0,
2026-10-08,12:00,Voramar,0.20,3.9,164,18.0,323,1,
2026-10-08,13:00,Almenara,0.13,3.9,164,15.6,320,0,
2026-10-08,13:00,Burriana,0.13,3.9,164,15.6,320,0,
2026-10-08,13:00,Gurugu,0.13,3.9,164,15.6,320,0,
2026-10-08,13:00,La Renegà,0.03,3.9,164,15.6,320,0,
2026-10-08,13:00,Nules,0.13,3.9,164,15.6,320,0,
2026-10-08,13:00,Peñíscola N,0.09,3.9,164,15.6,320,0,
2026-10-08,13:00,Pirámides,0.16,3.9,164,15.6,320,0,
2026-10-08,13:00,Planetario,0.13,3.9,164,15.6,320,0,
2026-10-08,13:00,Vinaròs,0.09,3.9,164,15.6,320,0,
2026-10-08,13:00,Voramar,0.19,3.9,164,15.6,320,0,
2026-10-08,14:00,Almenara,0.12,3.9,164,10.2,321,0,
2026-10-08,14:00,Burriana,0.12,3.9,164,10.2,321,0,
2026-10-08,14:00,Gurugu,0.12,3.9,164,10.2,321,0,
2026-10-08,14:00,La Renegà,0.03,3.9,164,10.2,321,0,
2026-10-08,14:00,Nules,0.12,3.9,164,10.2,321,0,
2026-10-08,14:00,Peñíscola N,0.08,3.9,164,10.2,321,0,
2026-10-08,14:00,Pirámides,0.15,3.9,164,10.2,321,0,
2026-10-08,14:00,Planetario,0.12,3.9,164,10.2,321,0,
2026-10-08,14:00,Vinaròs,0.08,3.9,164,10.2,321,0,
2026-10-08,14:00,Voramar,0.17,3.9,164,10.2,321,0,
2026-10-08,15:00,Almenara,0.12,3.9,164,9.1,353,0,
2026-10-08,15:00,Burriana,0.12,3.9,164,9.1,353,0,
2026-10-08,15:00,Gurugu,0.12,3.9,164,9.1,353,0,
2026-10-08,15:00,La Renegà,0.03,3.9,164,9.1,353,0,
2026-10-08,15:00,Nules,0.12,3.9,164,9.1,353,0,
2026-10-08,15:00,Peñíscola N,0.08,3.9,164,9.1,353,0,
2026-10-08,15:00,Pirámides,0.15,3.9,164,9.1,353,0,
2026-10-08,15:00,Planetario,0.12,3.9,164,9.1,353,0,
2026-10-08,15:00,Vinaròs,0.08,3.9,164,9.1,353,0,
2026-10-08,15:00,Voramar,0.17,3.9,164,9.1,353,0,
2026-10-08,16:00,Almenara,0.10,3.9,164,12.3,355,0,
2026-10-08,16:00,Burriana,0.10,3.9,164,12.3,355,0,
2026-10-08,16:00,Gurugu,0.10,3.9,164,12.3,355,0,
2026-10-08,16:00,La Renegà,0.02,3.9,164,12.3,355,0,
2026-10-08,16:00,Nules,0.10,3.9,164,12.3,355,0,
2026-10-08,16:00,Peñíscola N,0.07,3.9,164,12.3,355,0,
2026-10-08,16:00,Pirámides,0.13,3.9,164,12.3,355,0,
2026-10-08,16:00,Planetario,0.10,3.9,164,12.3,355,0,
2026-10-08,16:00,Vinaròs,0.07,3.9,164,12.3,355,0,
2026-10-08,16:00,Voramar,0.15,3.9,164,12.3,355,0,
2026-10-08,17:00,Almenara,0.10,3.8,164,19.9,347,0,
2026-10-08,17:00,Burriana,0.10,3.8,164,19.9,347,0,
2026-10-08,17:00,Gurugu,0.10,3.8,164,19.9,347,0,
2026-10-08,17:00,La Renegà,0.02,3.8,164,19.9,347,0,
2026-10-08,17:00,Nules,0.10,3.8,164,19.9,347,0,
2026-10-08,17:00,Peñíscola N,0.07,3.8,164,19.9,347,0,
2026-10-08,17:00,Pirámides,0.13,3.8,164,19.9,347,0,
2026-10-08,17:00,Planetario,0.10,3.8,164,19.9,347,0,
2026-10-08,17:00,Vinaròs,0.07,3.8,164,19.9,347,0,
2026-10-08,17:00,Voramar,0.15,3.8,164,19.9,347,0,
2026-10-08,18:00,Almenara,0.20,3.5,124,26.1,342,1,
2026-10-08,18:00,Burriana,0.20,3.5,124,26.1,342,1,
2026-10-08,18:00,Gurugu,0.20,3.5,124,26.1,342,1,
2026-10-08,18:00,La Renegà,0.15,3.5,124,26.1,342,0,
2026-10-08,18:00,Nules,0.20,3.5,124,26.1,342,1,
2026-10-08,18:00,Peñíscola N,0.19,3.5,124,26.1,342,0,
2026-10-08,18:00,Pirámides,0.20,3.5,124,26.1,342,1,
2026-10-08,18:00,Planetario,0.20,3.5,124,26.1,342,1,
2026-10-08,18:00,Vinaròs,0.19,3.5,124,26.1,342,0,
2026-10-08,18:00,Voramar,0.19,3.5,124,26.1,342,0,
2026-10-08,19:00,Almenara,0.21,3.1,84,26.8,348,1,
2026-10-08,19:00,Burriana,0.21,3.1,84,26.8,348,1,
2026-10-08,19:00,Gurugu,0.21,3.1,84,26.8,348,1,
2026-10-08,19:00,La Renegà,0.25,3.1,84,26.8,348,1,
2026-10-08,19:00,Nules,0.21,3.1,84,26.8,348,1,
2026-10-08,19:00,Peñíscola N,0.24,3.1,84,26.8,348,1,
2026-10-08,19:00,Pirámides,0.18,3.1,84,26.8,348,0,
2026-10-08,19:00,Planetario,0.21,3.1,84,26.8,348,1,
2026-10-08,19:00,Vinaròs,0.24,3.1,84,26.8,348,1,
2026-10-08,19:00,Voramar,0.12,3.1,84,26.8,348,0,
2026-10-08,20:00,Almenara,0.09,2.9,44,26.1,354,0,
2026-10-08,20:00,Burriana,0.06,2.9,44,26.1,354,0,
2026-10-08,20:00,Gurugu,0.05,2.9,44,26.1,354,0,
2026-10-08,20:00,La Renegà,0.26,2.9,44,26.1,354,1,
2026-10-08,20:00,Nules,0.07,2.9,44,26.1,354,0,
2026-10-08,20:00,Peñíscola N,0.18,2.9,44,26.1,354,0,
2026-10-08,20:00,Pirámides,0.01,2.9,44,26.1,354,0,
2026-10-08,20:00,Planetario,0.05,2.9,44,26.1,354,0,
2026-10-08,20:00,Vinaròs,0.18,2.9,44,26.1,354,0,
2026-10-08,20:00,Voramar,0.01,2.9,44,26.1,354,0,
2026-10-08,21:00,Almenara,0.08,3.0,42,29.5,351,0,
2026-10-08,21:00,Burriana,0.05,3.0,42,29.5,351,0,
2026-10-08,21:00,Gurugu,0.05,3.0,42,29.5,351,0,
2026-10-08,21:00,La Renegà,0.26,3.0,42,29.5,351,1,
2026-10-08,21:00,Nules,0.06,3.0,42,29.5,351,0,
2026-10-08,21:00,Peñíscola N,0.18,3.0,42,29.5,351,0,
2026-10-08,21:00,Pirámides,0.01,3.0,42,29.5,351,0,
2026-10-08,21:00,Planetario,0.05,3.0,42,29.5,351,0,
2026-10-08,21:00,Vinaròs,0.18,3.0,42,29.5,351,0,
2026-10-08,21:00,Voramar,0.01,3.0,42,29.5,351,0,
2026-10-08,22:00,Almenara,0.08,3.1,41,33.1,346,0,
2026-10-08,22:00,Burriana,0.05,3.1,41,33.1,346,0,
2026-10-08,22:00,Gurugu,0.04,3.1,41,33.1,346,0,
2026-10-08,22:00,La Renegà,0.28,3.1,41,33.1,346,1,
2026-10-08,22:00,Nules,0.06,3.1,41,33.1,346,0,
2026-10-08,22:00,Peñíscola N,0.19,3.1,41,33.1,346,0,
2026-10-08,22:00,Pirámides,0.01,3.1,41,33.1,346,0,
2026-10-08,22:00,Planetario,0.04,3.1,41,33.1,346,0,
2026-10-08,22:00,Vinaròs,0.19,3.1,41,33.1,346,0,
2026-10-08,22:00,Voramar,0.01,3.1,41,33.1,346,0,
2026-10-08,23:00,Almenara,0.06,3.2,39,29.6,339,0,
2026-10-08,23:00,Burriana,0.04,3.2,39,29.6,339,0,
2026-10-08,23:00,Gurugu,0.03,3.2,39,29.6,339,0,
2026-10-08,23:00,La Renegà,0.28,3.2,39,29.6,339,1,
2026-10-08,23:00,Nules,0.05,3.2,39,29.6,339,0,
2026-10-08,23:00,Peñíscola N,0.18,3.2,39,29.6,339,0,
2026-10-08,23:00,Pirámides,0.00,3.2,39,29.6,339,0,
2026-10-08,23:00,Planetario,0.03,3.2,39,29.6,339,0,
2026-10-08,23:00,Vinaròs,0.18,3.2,39,29.6,339,0,
2026-10-08,23:00,Voramar,0.01,3.2,39,29.6,339,0,
2026-10-09,00:00,Almenara,0.03,3.2,33,25.9,333,0,
2026-10-09,00:00,Burriana,0.01,3.2,33,25.9,333,0,
2026-10-09,00:00,Gurugu,0.01,3.2,33,25.9,333,0,
2026-10-09,00:00,La Renegà,0.25,3.2,33,25.9,333,1,
2026-10-09,00:00,Nules,0.02,3.2,33,25.9,333,0,
2026-10-09,00:00,Peñíscola N,0.15,3.2,33,25.9,333,0,
2026-10-09,00:00,Pirámides,0.01,3.2,33,25.9,333,0,
2026-10-09,00:00,Planetario,0.01,3.2,33,25.9,333,0,
2026-10-09,00:00,Vinaròs,0.15,3.2,33,25.9,333,0,
2026-10-09,00:00,Voramar,0.01,3.2,33,25.9,333,0,
2026-10-09,01:00,Almenara,0.03,3.4,33,21.9,327,0,
2026-10-09,01:00,Burriana,0.01,3.4,33,21.9,327,0,
2026-10-09,01:00,Gurugu,0.01,3.4,33,21.9,327,0,
2026-10-09,01:00,La Renegà,0.25,3.4,33,21.9,327,1,
2026-10-09,01:00,Nules,0.02,3.4,33,21.9,327,0,
2026-10-09,01:00,Peñíscola N,0.15,3.4,33,21.9,327,0,
2026-10-09,01:00,Pirámides,0.01,3.4,33,21.9,327,0,
2026-10-09,01:00,Planetario,0.01,3.4,33,21.9,327,0,
2026-10-09,01:00,Vinaròs,0.15,3.4,33,21.9,327,0,
2026-10-09,01:00,Voramar,0.01,3.4,33,21.9,327,0,
2026-10-09,02:00,Almenara,0.03,3.9,33,19.2,326,0,
2026-10-09,02:00,Burriana,0.01,3.9,33,19.2,326,0,
2026-10-09,02:00,Gurugu,0.01,3.9,33,19.2,326,0,
2026-10-09,02:00,La Renegà,0.24,3.9,33,19.2,326,1,
2026-10-09,02:00,Nules,0.02,3.9,33,19.2,326,0,
2026-10-09,02:00,Peñíscola N,0.15,3.9,33,19.2,326,0,
2026-10-09,02:00,Pirámides,0.01,3.9,33,19.2,326,0,
2026-10-09,02:00,Planetario,0.01,3.9,33,19.2,326,0,
2026-10-09,02:00,Vinaròs,0.15,3.9,33,19.2,326,0,
2026-10-09,02:00,Voramar,0.01,3.9,33,19.2,326,0,
2026-10-09,03:00,Almenara,0.10,4.8,42,16.3,325,0,
2026-10-09,03:00,Burriana,0.07,4.8,42,16.3,325,0,
2026-10-09,03:00,Gurugu,0.07,4.8,42,16.3,325,0,
2026-10-09,03:00,La Renegà,0.32,4.8,42,16.3,325,1,
2026-10-09,03:00,Nules,0.09,4.8,42,16.3,325,0,
2026-10-09,03:00,Peñíscola N,0.22,4.8,42,16.3,325,1,
2026-10-09,03:00,Pirámides,0.01,4.8,42,16.3,325,0,
2026-10-09,03:00,Planetario,0.07,4.8,42,16.3,325,0,
2026-10-09,03:00,Vinaròs,0.22,4.8,42,16.3,325,1,
2026-10-09,03:00,Voramar,0.01,4.8,42,16.3,325,0,
2026-10-09,04:00,Almenara,0.19,5.8,50,13.7,325,0,
2026-10-09,04:00,Burriana,0.18,5.8,50,13.7,325,0,
2026-10-09,04:00,Gurugu,0.18,5.8,50,13.7,325,0,
2026-10-09,04:00,La Renegà,0.39,5.8,50,13.7,325,2,
2026-10-09,04:00,Nules,0.19,5.8,50,13.7,325,0,
2026-10-09,04:00,Peñíscola N,0.30,5.8,50,13.7,325,1,
2026-10-09,04:00,Pirámides,0.08,5.8,50,13.7,325,0,
2026-10-09,04:00,Planetario,0.18,5.8,50,13.7,325,0,
2026-10-09,04:00,Vinaròs,0.30,5.8,50,13.7,325,1,
2026-10-09,04:00,Voramar,0.01,5.8,50,13.7,325,0,
2026-10-09,05:00,Almenara,0.28,6.6,59,13.8,321,1,
2026-10-09,05:00,Burriana,0.29,6.6,59,13.8,321,1,
2026-10-09,05:00,Gurugu,0.29,6.6,59,13.8,321,1,
2026-10-09,05:00,La Renegà,0.48,6.6,59,13.8,321,2,
2026-10-09,05:00,Nules,0.29,6.6,59,13.8,321,1,
2026-10-09,05:00,Peñíscola N,0.39,6.6,59,13.8,321,2,
2026-10-09,05:00,Pirámides,0.19,6.6,59,13.8,321,0,
2026-10-09,05:00,Planetario,0.29,6.6,59,13.8,321,1,
2026-10-09,05:00,Vinaròs,0.39,6.6,59,13.8,321,2,
2026-10-09,05:00,Voramar,0.03,6.6,59,13.8,321,0,
2026-10-09,06:00,Almenara,0.28,6.7,58,11.5,314,1,
2026-10-09,06:00,Burriana,0.29,6.7,58,11.5,314,1,
2026-10-09,06:00,Gurugu,0.29,6.7,58,11.5,314,1,
2026-10-09,06:00,La Renegà,0.48,6.7,58,11.5,314,3,
2026-10-09,06:00,Nules,0.29,6.7,58,11.5,314,1,
2026-10-09,06:00,Peñíscola N,0.39,6.7,58,11.5,314,3,
2026-10-09,06:00,Pirámides,0.19,6.7,58,11.5,314,0,
2026-10-09,06:00,Planetario,0.29,6.7,58,11.5,314,1,
2026-10-09,06:00,Vinaròs,0.39,6.7,58,11.5,314,3,
2026-10-09,06:00,Voramar,0.02,6.7,58,11.5,314,0,
2026-10-09,07:00,Almenara,0.29,6.4,58,9.3,306,1,
2026-10-09,07:00,Burriana,0.29,6.4,58,9.3,306,1,
2026-10-09,07:00,Gurugu,0.29,6.4,58,9.3,306,1,
2026-10-09,07:00,La Renegà,0.49,6.4,58,9.3,306,3,
2026-10-09,07:00,Nules,0.29,6.4,58,9.3,306,1,
2026-10-09,07:00,Peñíscola N,0.40,6.4,58,9.3,306,3,
2026-10-09,07:00,Pirámides,0.19,6.4,58,9.3,306,0,
2026-10-09,07:00,Planetario,0.29,6.4,58,9.3,306,1,
2026-10-09,07:00,Vinaròs,0.40,6.4,58,9.3,306,3,
2026-10-09,07:00,Voramar,0.02,6.4,58,9.3,306,0,
2026-10-09,08:00,Almenara,0.30,6.2,57,8.6,292,1,
2026-10-09,08:00,Burriana,0.31,6.2,57,8.6,292,1,
2026-10-09,08:00,Gurugu,0.31,6.2,57,8.6,292,1,
2026-10-09,08:00,La Renegà,0.53,6.2,57,8.6,292,4,
2026-10-09,08:00,Nules,0.30,6.2,57,8.6,292,1,
2026-10-09,08:00,Peñíscola N,0.43,6.2,57,8.6,292,4,
2026-10-09,08:00,Pirámides,0.19,6.2,57,8.6,292,0,
2026-10-09,08:00,Planetario,0.31,6.2,57,8.6,292,1,
2026-10-09,08:00,Vinaròs,0.43,6.2,57,8.6,292,4,
2026-10-09,08:00,Voramar,0.02,6.2,57,8.6,292,0,
2026-10-09,09:00,Almenara,0.33,6.2,59,8.5,282,1,
2026-10-09,09:00,Burriana,0.34,6.2,59,8.5,282,1,
2026-10-09,09:00,Gurugu,0.34,6.2,59,8.5,282,1,
2026-10-09,09:00,La Renegà,0.56,6.2,59,8.5,282,5,
2026-10-09,09:00,Nules,0.33,6.2,59,8.5,282,1,
2026-10-09,09:00,Peñíscola N,0.46,6.2,59,8.5,282,4,
2026-10-09,09:00,Pirámides,0.22,6.2,59,8.5,282,1,
2026-10-09,09:00,Planetario,0.34,6.2,59,8.5,282,1,
2026-10-09,09:00,Vinaròs,0.46,6.2,59,8.5,282,4,
2026-10-09,09:00,Voramar,0.03,6.2,59,8.5,282,0,
2026-10-09,10:00,Almenara,0.36,6.3,62,8.5,282,4,
2026-10-09,10:00,Burriana,0.36,6.3,62,8.5,282,4,
2026-10-09,10:00,Gurugu,0.36,6.3,62,8.5,282,4,
2026-10-09,10:00,La Renegà,0.57,6.3,62,8.5,282,5,
2026-10-09,10:00,Nules,0.36,6.3,62,8.5,282,4,
2026-10-09,10:00,Peñíscola N,0.48,6.3,62,8.5,282,4,
2026-10-09,10:00,Pirámides,0.26,6.3,62,8.5,282,1,
2026-10-09,10:00,Planetario,0.36,6.3,62,8.5,282,4,
2026-10-09,10:00,Vinaròs,0.48,6.3,62,8.5,282,4,
2026-10-09,10:00,Voramar,0.07,6.3,62,8.5,282,0,
2026-10-09,11:00,Almenara,0.39,6.3,64,7.2,288,4,
2026-10-09,11:00,Burriana,0.39,6.3,64,7.2,288,4,
2026-10-09,11:00,Gurugu,0.39,6.3,64,7.2,288,4,
2026-10-09,11:00,La Renegà,0.60,6.3,64,7.2,288,5,
2026-10-09,11:00,Nules,0.39,6.3,64,7.2,288,4,
2026-10-09,11:00,Peñíscola N,0.51,6.3,64,7.2,288,5,
2026-10-09,11:00,Pirámides,0.28,6.3,64,7.2,288,1,
2026-10-09,11:00,Planetario,0.39,6.3,64,7.2,288,4,
2026-10-09,11:00,Vinaròs,0.51,6.3,64,7.2,288,5,
2026-10-09,11:00,Voramar,0.09,6.3,64,7.2,288,0,
2026-10-09,12:00,Almenara,0.37,6.2,64,4.0,243,3,
2026-10-09,12:00,Burriana,0.38,6.2,64,4.0,243,3,
2026-10-09,12:00,Gurugu,0.38,6.2,64,4.0,243,3,
2026-10-09,12:00,La Renegà,0.58,6.2,64,4.0,243,5,
2026-10-09,12:00,Nules,0.38,6.2,64,4.0,243,3,
2026-10-09,12:00,Peñíscola N,0.49,6.2,64,4.0,243,3,
2026-10-09,12:00,Pirámides,0.27,6.2,64,4.0,243,1,
2026-10-09,12:00,Planetario,0.38,6.2,64,4.0,243,3,
2026-10-09,12:00,Vinaròs,0.49,6.2,64,4.0,243,3,
2026-10-09,12:00,Voramar,0.09,6.2,64,4.0,243,0,
2026-10-09,13:00,Almenara,0.37,6.1,64,8.0,190,3,
2026-10-09,13:00,Burriana,0.37,6.1,64,8.0,190,3,
2026-10-09,13:00,Gurugu,0.37,6.1,64,8.0,190,3,
2026-10-09,13:00,La Renegà,0.57,6.1,64,8.0,190,4,
2026-10-09,13:00,Nules,0.37,6.1,64,8.0,190,3,
2026-10-09,13:00,Peñíscola N,0.49,6.1,64,8.0,190,3,
2026-10-09,13:00,Pirámides,0.27,6.1,64,8.0,190,1,
2026-10-09,13:00,Planetario,0.37,6.1,64,8.0,190,3,
2026-10-09,13:00,Vinaròs,0.49,6.1,64,8.0,190,3,
2026-10-09,13:00,Voramar,0.09,6.1,64,8.0,190,0,
2026-10-09,14:00,Almenara,0.36,6.0,64,12.6,180,2,
2026-10-09,14:00,Burriana,0.36,6.0,64,12.6,180,2,
2026-10-09,14:00,Gurugu,0.36,6.0,64,12.6,180,2,
2026-10-09,14:00,La Renegà,0.55,6.0,64,12.6,180,3,
2026-10-09,14:00,Nules,0.36,6.0,64,12.6,180,2,
2026-10-09,14:00,Peñíscola N,0.47,6.0,64,12.6,180,2,
2026-10-09,14:00,Pirámides,0.26,6.0,64,12.6,180,1,
2026-10-09,14:00,Planetario,0.36,6.0,64,12.6,180,2,
2026-10-09,14:00,Vinaròs,0.47,6.0,64,12.6,180,2,
2026-10-09,14:00,Voramar,0.08,6.0,64,12.6,180,0,
2026-10-09,15:00,Almenara,0.35,5.8,65,13.7,182,2,
2026-10-09,15:00,Burriana,0.35,5.8,65,13.7,182,2,
2026-10-09,15:00,Gurugu,0.35,5.8,65,13.7,182,2,
2026-10-09,15:00,La Renegà,0.54,5.8,65,13.7,182,3,
2026-10-09,15:00,Nules,0.35,5.8,65,13.7,182,2,
2026-10-09,15:00,Peñíscola N,0.46,5.8,65,13.7,182,2,
2026-10-09,15:00,Pirámides,0.26,5.8,65,13.7,182,1,
2026-10-09,15:00,Planetario,0.35,5.8,65,13.7,182,2,
2026-10-09,15:00,Vinaròs,0.46,5.8,65,13.7,182,2,
2026-10-09,15:00,Voramar,0.09,5.8,65,13.7,182,0,
2026-10-09,16:00,Almenara,0.34,5.7,65,14.2,189,1,
2026-10-09,16:00,Burriana,0.34,5.7,65,14.2,189,1,
2026-10-09,16:00,Gurugu,0.34,5.7,65,14.2,189,1,
2026-10-09,16:00,La Renegà,0.52,5.7,65,14.2,189,3,
2026-10-09,16:00,Nules,0.34,5.7,65,14.2,189,1,
2026-10-09,16:00,Peñíscola N,0.44,5.7,65,14.2,189,2,
2026-10-09,16:00,Pirámides,0.24,5.7,65,14.2,189,1,
2026-10-09,16:00,Planetario,0.34,5.7,65,14.2,189,1,
2026-10-09,16:00,Vinaròs,0.44,5.7,65,14.2,189,2,
2026-10-09,16:00,Voramar,0.08,5.7,65,14.2,189,0,
2026-10-09,17:00,Almenara,0.33,5.5,66,14.0,192,1,
2026-10-09,17:00,Burriana,0.33,5.5,66,14.0,192,1,
2026-10-09,17:00,Gurugu,0.33,5.5,66,14.0,192,1,
2026-10-09,17:00,La Renegà,0.50,5.5,66,14.0,192,3,
2026-10-09,17:00,Nules,0.33,5.5,66,14.0,192,1,
2026-10-09,17:00,Peñíscola N,0.43,5.5,66,14.0,192,2,
2026-10-09,17:00,Pirámides,0.24,5.5,66,14.0,192,1,
2026-10-09,17:00,Planetario,0.33,5.5,66,14.0,192,1,
2026-10-09,17:00,Vinaròs,0.43,5.5,66,14.0,192,2,
2026-10-09,17:00,Voramar,0.09,5.5,66,14.0,192,0,
2026-10-09,18:00,Almenara,0.33,5.2,68,12.7,188,1,
2026-10-09,18:00,Burriana,0.32,5.2,68,12.7,188,1,
2026-10-09,18:00,Gurugu,0.32,5.2,68,12.7,188,1,
2026-10-09,18:00,La Renegà,0.47,5.2,68,12.7,188,2,
2026-10-09,18:00,Nules,0.32,5.2,68,12.7,188,1,
2026-10-09,18:00,Peñíscola N,0.41,5.2,68,12.7,188,2,
2026-10-09,18:00,Pirámides,0.24,5.2,68,12.7,188,1,
2026-10-09,18:00,Planetario,0.32,5.2,68,12.7,188,1,
2026-10-09,18:00,Vinaròs,0.41,5.2,68,12.7,188,2,
2026-10-09,18:00,Voramar,0.09,5.2,68,12.7,188,0,
2026-10-09,19:00,Almenara,0.33,4.9,69,9.8,197,1,
2026-10-09,19:00,Burriana,0.33,4.9,69,9.8,197,1,
2026-10-09,19:00,Gurugu,0.33,4.9,69,9.8,197,1,
2026-10-09,19:00,La Renegà,0.47,4.9,69,9.8,197,2,
2026-10-09,19:00,Nules,0.33,4.9,69,9.8,197,1,
2026-10-09,19:00,Peñíscola N,0.42,4.9,69,9.8,197,2,
2026-10-09,19:00,Pirámides,0.24,4.9,69,9.8,197,1,
2026-10-09,19:00,Planetario,0.33,4.9,69,9.8,197,1,
2026-10-09,19:00,Vinaròs,0.42,4.9,69,9.8,197,2,
2026-10-09,19:00,Voramar,0.10,4.9,69,9.8,197,0,
2026-10-09,20:00,Almenara,0.33,4.6,71,6.6,209,1,
2026-10-09,20:00,Burriana,0.33,4.6,71,6.6,209,1,
2026-10-09,20:00,Gurugu,0.33,4.6,71,6.6,209,1,
2026-10-09,20:00,La Renegà,0.47,4.6,71,6.6,209,2,
2026-10-09,20:00,Nules,0.33,4.6,71,6.6,209,1,
2026-10-09,20:00,Peñíscola N,0.41,4.6,71,6.6,209,2,
2026-10-09,20:00,Pirámides,0.25,4.6,71,6.6,209,1,
2026-10-09,20:00,Planetario,0.33,4.6,71,6.6,209,1,
2026-10-09,20:00,Vinaròs,0.41,4.6,71,6.6,209,2,
2026-10-09,20:00,Voramar,0.11,4.6,71,6.6,209,0,
2026-10-09,21:00,Almenara,0.33,4.5,72,5.6,243,1,
2026-10-09,21:00,Burriana,0.32,4.5,72,5.6,243,1,
2026-10-09,21:00,Gurugu,0.32,4.5,72,5.6,243,1,
2026-10-09,21:00,La Renegà,0.45,4.5,72,5.6,243,4,
2026-10-09,21:00,Nules,0.33,4.5,72,5.6,243,1,
2026-10-09,21:00,Peñíscola N,0.40,4.5,72,5.6,243,2,
2026-10-09,21:00,Pirámides,0.25,4.5,72,5.6,243,1,
2026-10-09,21:00,Planetario,0.32,4.5,72,5.6,243,1,
2026-10-09,21:00,Vinaròs,0.40,4.5,72,5.6,243,2,
2026-10-09,21:00,Voramar,0.11,4.5,72,5.6,243,0,
2026-10-09,22:00,Almenara,0.32,4.4,73,5.4,274,1,
2026-10-09,22:00,Burriana,0.32,4.4,73,5.4,274,1,
2026-10-09,22:00,Gurugu,0.32,4.4,73,5.4,274,1,
2026-10-09,22:00,La Renegà,0.43,4.4,73,5.4,274,4,
2026-10-09,22:00,Nules,0.32,4.4,73,5.4,274,1,
2026-10-09,22:00,Peñíscola N,0.39,4.4,73,5.4,274,4,
2026-10-09,22:00,Pirámides,0.25,4.4,73,5.4,274,1,
2026-10-09,22:00,Planetario,0.32,4.4,73,5.4,274,1,
2026-10-09,22:00,Vinaròs,0.39,4.4,73,5.4,274,4,
2026-10-09,22:00,Voramar,0.12,4.4,73,5.4,274,0,
2026-10-09,23:00,Almenara,0.31,4.4,74,5.8,300,1,
2026-10-09,23:00,Burriana,0.31,4.4,74,5.8,300,1,
2026-10-09,23:00,Gurugu,0.31,4.4,74,5.8,300,1,
2026-10-09,23:00,La Renegà,0.42,4.4,74,5.8,300,2,
2026-10-09,23:00,Nules,0.31,4.4,74,5.8,300,1,
2026-10-09,23:00,Peñíscola N,0.38,4.4,74,5.8,300,4,
2026-10-09,23:00,Pirámides,0.24,4.4,74,5.8,300,1,
2026-10-09,23:00,Planetario,0.31,4.4,74,5.8,300,1,
2026-10-09,23:00,Vinaròs,0.38,4.4,74,5.8,300,4,
2026-10-09,23:00,Voramar,0.12,4.4,74,5.8,300,0,
2026-10-10,00:00,Almenara,0.28,5.0,70,5.5,328,1,
2026-10-10,00:00,Burriana,0.28,5.0,70,5.5,328,1,
2026-10-10,00:00,Gurugu,0.28,5.0,70,5.5,328,1,
2026-10-10,00:00,La Renegà,0.40,5.0,70,5.5,328,2,
2026-10-10,00:00,Nules,0.28,5.0,70,5.5,328,1,
2026-10-10,00:00,Peñíscola N,0.35,5.0,70,5.5,328,2,
2026-10-10,00:00,Pirámides,0.21,5.0,70,5.5,328,1,
2026-10-10,00:00,Planetario,0.28,5.0,70,5.5,328,1,
2026-10-10,00:00,Vinaròs,0.35,5.0,70,5.5,328,2,
2026-10-10,00:00,Voramar,0.09,5.0,70,5.5,328,0,
2026-10-10,01:00,Almenara,0.27,5.0,70,6.5,326,1,
2026-10-10,01:00,Burriana,0.27,5.0,70,6.5,326,1,
2026-10-10,01:00,Gurugu,0.27,5.0,70,6.5,326,1,
2026-10-10,01:00,La Renegà,0.38,5.0,70,6.5,326,2,
2026-10-10,01:00,Nules,0.27,5.0,70,6.5,326,1,
2026-10-10,01:00,Peñíscola N,0.34,5.0,70,6.5,326,1,
2026-10-10,01:00,Pirámides,0.20,5.0,70,6.5,326,1,
2026-10-10,01:00,Planetario,0.27,5.0,70,6.5,326,1,
2026-10-10,01:00,Vinaròs,0.34,5.0,70,6.5,326,1,
2026-10-10,01:00,Voramar,0.09,5.0,70,6.5,326,0,
2026-10-10,02:00,Almenara,0.26,4.9,71,6.8,328,1,
2026-10-10,02:00,Burriana,0.26,4.9,71,6.8,328,1,
2026-10-10,02:00,Gurugu,0.26,4.9,71,6.8,328,1,
2026-10-10,02:00,La Renegà,0.37,4.9,71,6.8,328,2,
2026-10-10,02:00,Nules,0.26,4.9,71,6.8,328,1,
2026-10-10,02:00,Peñíscola N,0.33,4.9,71,6.8,328,1,
2026-10-10,02:00,Pirámides,0.20,4.9,71,6.8,328,1,
2026-10-10,02:00,Planetario,0.26,4.9,71,6.8,328,1,
2026-10-10,02:00,Vinaròs,0.33,4.9,71,6.8,328,1,
2026-10-10,02:00,Voramar,0.09,4.9,71,6.8,328,0,
2026-10-10,03:00,Almenara,0.26,4.8,70,6.6,331,1,
2026-10-10,03:00,Burriana,0.26,4.8,70,6.6,331,1,
2026-10-10,03:00,Gurugu,0.26,4.8,70,6.6,331,1,
2026-10-10,03:00,La Renegà,0.37,4.8,70,6.6,331,2,
2026-10-10,03:00,Nules,0.26,4.8,70,6.6,331,1,
2026-10-10,03:00,Peñíscola N,0.32,4.8,70,6.6,331,1,
2026-10-10,03:00,Pirámides,0.19,4.8,70,6.6,331,0,
2026-10-10,03:00,Planetario,0.26,4.8,70,6.6,331,1,
2026-10-10,03:00,Vinaròs,0.32,4.8,70,6.6,331,1,
2026-10-10,03:00,Voramar,0.08,4.8,70,6.6,331,0,
2026-10-10,04:00,Almenara,0.25,4.8,70,6.3,329,1,
2026-10-10,04:00,Burriana,0.24,4.8,70,6.3,329,1,
2026-10-10,04:00,Gurugu,0.24,4.8,70,6.3,329,1,
2026-10-10,04:00,La Renegà,0.35,4.8,70,6.3,329,2,
2026-10-10,04:00,Nules,0.25,4.8,70,6.3,329,1,
2026-10-10,04:00,Peñíscola N,0.31,4.8,70,6.3,329,1,
2026-10-10,04:00,Pirámides,0.18,4.8,70,6.3,329,0,
2026-10-10,04:00,Planetario,0.24,4.8,70,6.3,329,1,
2026-10-10,04:00,Vinaròs,0.31,4.8,70,6.3,329,1,
2026-10-10,04:00,Voramar,0.08,4.8,70,6.3,329,0,
2026-10-10,05:00,Almenara,0.24,4.8,69,6.8,328,1,
2026-10-10,05:00,Burriana,0.24,4.8,69,6.8,328,1,
2026-10-10,05:00,Gurugu,0.24,4.8,69,6.8,328,1,
2026-10-10,05:00,La Renegà,0.35,4.8,69,6.8,328,2,
2026-10-10,05:00,Nules,0.24,4.8,69,6.8,328,1,
2026-10-10,05:00,Peñíscola N,0.30,4.8,69,6.8,328,1,
2026-10-10,05:00,Pirámides,0.18,4.8,69,6.8,328,0,
2026-10-10,05:00,Planetario,0.24,4.8,69,6.8,328,1,
2026-10-10,05:00,Vinaròs,0.30,4.8,69,6.8,328,1,
2026-10-10,05:00,Voramar,0.07,4.8,69,6.8,328,0,
2026-10-10,06:00,Almenara,0.23,4.7,69,6.8,328,1,
2026-10-10,06:00,Burriana,0.23,4.7,69,6.8,328,1,
2026-10-10,06:00,Gurugu,0.23,4.7,69,6.8,328,1,
2026-10-10,06:00,La Renegà,0.33,4.7,69,6.8,328,1,
2026-10-10,06:00,Nules,0.23,4.7,69,6.8,328,1,
2026-10-10,06:00,Peñíscola N,0.29,4.7,69,6.8,328,1,
2026-10-10,06:00,Pirámides,0.17,4.7,69,6.8,328,0,
2026-10-10,06:00,Planetario,0.23,4.7,69,6.8,328,1,
2026-10-10,06:00,Vinaròs,0.29,4.7,69,6.8,328,1,
2026-10-10,06:00,Voramar,0.06,4.7,69,6.8,328,0,
2026-10-10,07:00,Almenara,0.23,4.7,68,6.6,331,1,
2026-10-10,07:00,Burriana,0.22,4.7,68,6.6,331,1,
2026-10-10,07:00,Gurugu,0.22,4.7,68,6.6,331,1,
2026-10-10,07:00,La Renegà,0.33,4.7,68,6.6,331,1,
2026-10-10,07:00,Nules,0.23,4.7,68,6.6,331,1,
2026-10-10,07:00,Peñíscola N,0.29,4.7,68,6.6,331,1,
2026-10-10,07:00,Pirámides,0.16,4.7,68,6.6,331,0,
2026-10-10,07:00,Planetario,0.22,4.7,68,6.6,331,1,
2026-10-10,07:00,Vinaròs,0.29,4.7,68,6.6,331,1,
2026-10-10,07:00,Voramar,0.06,4.7,68,6.6,331,0,
2026-10-10,08:00,Almenara,0.22,4.6,68,6.8,328,1,
2026-10-10,08:00,Burriana,0.21,4.6,68,6.8,328,1,
2026-10-10,08:00,Gurugu,0.21,4.6,68,6.8,328,1,
2026-10-10,08:00,La Renegà,0.31,4.6,68,6.8,328,1,
2026-10-10,08:00,Nules,0.21,4.6,68,6.8,328,1,
2026-10-10,08:00,Peñíscola N,0.27,4.6,68,6.8,328,1,
2026-10-10,08:00,Pirámides,0.16,4.6,68,6.8,328,0,
2026-10-10,08:00,Planetario,0.21,4.6,68,6.8,328,1,
2026-10-10,08:00,Vinaròs,0.27,4.6,68,6.8,328,1,
2026-10-10,08:00,Voramar,0.06,4.6,68,6.8,328,0,
2026-10-10,09:00,Almenara,0.20,4.5,68,6.6,331,1,
2026-10-10,09:00,Burriana,0.20,4.5,68,6.6,331,1,
2026-10-10,09:00,Gurugu,0.20,4.5,68,6.6,331,1,
2026-10-10,09:00,La Renegà,0.30,4.5,68,6.6,331,1,
2026-10-10,09:00,Nules,0.20,4.5,68,6.6,331,1,
2026-10-10,09:00,Peñíscola N,0.26,4.5,68,6.6,331,1,
2026-10-10,09:00,Pirámides,0.15,4.5,68,6.6,331,0,
2026-10-10,09:00,Planetario,0.20,4.5,68,6.6,331,1,
2026-10-10,09:00,Vinaròs,0.26,4.5,68,6.6,331,1,
2026-10-10,09:00,Voramar,0.05,4.5,68,6.6,331,0,
2026-10-10,10:00,Almenara,0.20,4.5,68,4.9,324,1,
2026-10-10,10:00,Burriana,0.20,4.5,68,4.9,324,1,
2026-10-10,10:00,Gurugu,0.20,4.5,68,4.9,324,1,
2026-10-10,10:00,La Renegà,0.30,4.5,68,4.9,324,1,
2026-10-10,10:00,Nules,0.20,4.5,68,4.9,324,1,
2026-10-10,10:00,Peñíscola N,0.26,4.5,68,4.9,324,1,
2026-10-10,10:00,Pirámides,0.15,4.5,68,4.9,324,0,
2026-10-10,10:00,Planetario,0.20,4.5,68,4.9,324,1,
2026-10-10,10:00,Vinaròs,0.26,4.5,68,4.9,324,1,
2026-10-10,10:00,Voramar,0.05,4.5,68,4.9,324,0,
2026-10-10,11:00,Almenara,0.19,4.5,68,3.1,291,0,
2026-10-10,11:00,Burriana,0.19,4.5,68,3.1,291,0,
2026-10-10,11:00,Gurugu,0.19,4.5,68,3.1,291,0,
2026-10-10,11:00,La Renegà,0.28,4.5,68,3.1,291,1,
2026-10-10,11:00,Nules,0.19,4.5,68,3.1,291,0,
2026-10-10,11:00,Peñíscola N,0.24,4.5,68,3.1,291,1,
2026-10-10,11:00,Pirámides,0.14,4.5,68,3.1,291,0,
2026-10-10,11:00,Planetario,0.19,4.5,68,3.1,291,0,
2026-10-10,11:00,Vinaròs,0.24,4.5,68,3.1,291,1,
2026-10-10,11:00,Voramar,0.05,4.5,68,3.1,291,0,
2026-10-10,12:00,Almenara,0.18,4.4,68,3.2,207,0,
2026-10-10,12:00,Burriana,0.18,4.4,68,3.2,207,0,
2026-10-10,12:00,Gurugu,0.18,4.4,68,3.2,207,0,
2026-10-10,12:00,La Renegà,0.26,4.4,68,3.2,207,1,
2026-10-10,12:00,Nules,0.18,4.4,68,3.2,207,0,
2026-10-10,12:00,Peñíscola N,0.23,4.4,68,3.2,207,1,
2026-10-10,12:00,Pirámides,0.13,4.4,68,3.2,207,0,
2026-10-10,12:00,Planetario,0.18,4.4,68,3.2,207,0,
2026-10-10,12:00,Vinaròs,0.23,4.4,68,3.2,207,1,
2026-10-10,12:00,Voramar,0.04,4.4,68,3.2,207,0,
2026-10-10,13:00,Almenara,0.18,4.3,67,7.2,174,0,
2026-10-10,13:00,Burriana,0.17,4.3,67,7.2,174,0,
2026-10-10,13:00,Gurugu,0.17,4.3,67,7.2,174,0,
2026-10-10,13:00,La Renegà,0.26,4.3,67,7.2,174,1,
2026-10-10,13:00,Nules,0.17,4.3,67,7.2,174,0,
2026-10-10,13:00,Peñíscola N,0.23,4.3,67,7.2,174,1,
2026-10-10,13:00,Pirámides,0.12,4.3,67,7.2,174,0,
2026-10-10,13:00,Planetario,0.17,4.3,67,7.2,174,0,
2026-10-10,13:00,Vinaròs,0.23,4.3,67,7.2,174,1,
2026-10-10,13:00,Voramar,0.04,4.3,67,7.2,174,0,
2026-10-10,14:00,Almenara,0.16,4.3,67,10.0,165,0,
2026-10-10,14:00,Burriana,0.16,4.3,67,10.0,165,0,
2026-10-10,14:00,Gurugu,0.16,4.3,67,10.0,165,0,
2026-10-10,14:00,La Renegà,0.24,4.3,67,10.0,165,1,
2026-10-10,14:00,Nules,0.16,4.3,67,10.0,165,0,
2026-10-10,14:00,Peñíscola N,0.21,4.3,67,10.0,165,1,
2026-10-10,14:00,Pirámides,0.11,4.3,67,10.0,165,0,
2026-10-10,14:00,Planetario,0.16,4.3,67,10.0,165,0,
2026-10-10,14:00,Vinaròs,0.21,4.3,67,10.0,165,1,
2026-10-10,14:00,Voramar,0.04,4.3,67,10.0,165,0,
2026-10-10,15:00,Almenara,0.16,4.2,67,10.8,165,0,
2026-10-10,15:00,Burriana,0.16,4.2,67,10.8,165,0,
2026-10-10,15:00,Gurugu,0.16,4.2,67,10.8,165,0,
2026-10-10,15:00,La Renegà,0.24,4.2,67,10.8,165,1,
2026-10-10,15:00,Nules,0.16,4.2,67,10.8,165,0,
2026-10-10,15:00,Peñíscola N,0.21,4.2,67,10.8,165,1,
2026-10-10,15:00,Pirámides,0.11,4.2,67,10.8,165,0,
2026-10-10,15:00,Planetario,0.16,4.2,67,10.8,165,0,
2026-10-10,15:00,Vinaròs,0.21,4.2,67,10.8,165,1,
2026-10-10,15:00,Voramar,0.04,4.2,67,10.8,165,0,
2026-10-10,16:00,Almenara,0.15,4.2,67,12.8,169,0,
2026-10-10,16:00,Burriana,0.14,4.2,67,12.8,169,0,
2026-10-10,16:00,Gurugu,0.14,4.2,67,12.8,169,0,
2026-10-10,16:00,La Renegà,0.22,4.2,67,12.8,169,1,
2026-10-10,16:00,Nules,0.15,4.2,67,12.8,169,0,
2026-10-10,16:00,Peñíscola N,0.19,4.2,67,12.8,169,0,
2026-10-10,16:00,Pirámides,0.10,4.2,67,12.8,169,0,
2026-10-10,16:00,Planetario,0.14,4.2,67,12.8,169,0,
2026-10-10,16:00,Vinaròs,0.19,4.2,67,12.8,169,0,
2026-10-10,16:00,Voramar,0.03,4.2,67,12.8,169,0,
2026-10-10,17:00,Almenara,0.15,4.2,67,11.6,173,0,
2026-10-10,17:00,Burriana,0.14,4.2,67,11.6,173,0,
2026-10-10,17:00,Gurugu,0.14,4.2,67,11.6,173,0,
2026-10-10,17:00,La Renegà,0.22,4.2,67,11.6,173,1,
2026-10-10,17:00,Nules,0.15,4.2,67,11.6,173,0,
2026-10-10,17:00,Peñíscola N,0.19,4.2,67,11.6,173,0,
2026-10-10,17:00,Pirámides,0.10,4.2,67,11.6,173,0,
2026-10-10,17:00,Planetario,0.14,4.2,67,11.6,173,0,
2026-10-10,17:00,Vinaròs,0.19,4.2,67,11.6,173,0,
2026-10-10,17:00,Voramar,0.03,4.2,67,11.6,173,0,
2026-10-10,18:00,Almenara,0.15,4.1,67,9.0,180,0,
2026-10-10,18:00,Burriana,0.14,4.1,67,9.0,180,0,
2026-10-10,18:00,Gurugu,0.14,4.1,67,9.0,180,0,
2026-10-10,18:00,La Renegà,0.22,4.1,67,9.0,180,1,
2026-10-10,18:00,Nules,0.15,4.1,67,9.0,180,0,
2026-10-10,18:00,Peñíscola N,0.19,4.1,67,9.0,180,0,
2026-10-10,18:00,Pirámides,0.10,4.1,67,9.0,180,0,
2026-10-10,18:00,Planetario,0.14,4.1,67,9.0,180,0,
2026-10-10,18:00,Vinaròs,0.19,4.1,67,9.0,180,0,
2026-10-10,18:00,Voramar,0.03,4.1,67,9.0,180,0,
2026-10-10,19:00,Almenara,0.14,4.1,68,8.8,199,0,
2026-10-10,19:00,Burriana,0.13,4.1,68,8.8,199,0,
2026-10-10,19:00,Gurugu,0.13,4.1,68,8.8,199,0,
2026-10-10,19:00,La Renegà,0.20,4.1,68,8.8,199,1,
2026-10-10,19:00,Nules,0.14,4.1,68,8.8,199,0,
2026-10-10,19:00,Peñíscola N,0.17,4.1,68,8.8,199,0,
2026-10-10,19:00,Pirámides,0.10,4.1,68,8.8,199,0,
2026-10-10,19:00,Planetario,0.13,4.1,68,8.8,199,0,
2026-10-10,19:00,Vinaròs,0.17,4.1,68,8.8,199,0,
2026-10-10,19:00,Voramar,0.03,4.1,68,8.8,199,0,
2026-10-10,20:00,Almenara,0.14,4.1,68,6.9,219,0,
2026-10-10,20:00,Burriana,0.13,4.1,68,6.9,219,0,
2026-10-10,20:00,Gurugu,0.13,4.1,68,6.9,219,0,
2026-10-10,20:00,La Renegà,0.20,4.1,68,6.9,219,1,
2026-10-10,20:00,Nules,0.14,4.1,68,6.9,219,0,
2026-10-10,20:00,Peñíscola N,0.17,4.1,68,6.9,219,0,
2026-10-10,20:00,Pirámides,0.10,4.1,68,6.9,219,0,
2026-10-10,20:00,Planetario,0.13,4.1,68,6.9,219,0,
2026-10-10,20:00,Vinaròs,0.17,4.1,68,6.9,219,0,
2026-10-10,20:00,Voramar,0.03,4.1,68,6.9,219,0,
2026-10-10,21:00,Almenara,0.13,4.2,68,5.8,266,0,
2026-10-10,21:00,Burriana,0.12,4.2,68,5.8,266,0,
2026-10-10,21:00,Gurugu,0.12,4.2,68,5.8,266,0,
2026-10-10,21:00,La Renegà,0.18,4.2,68,5.8,266,0,
2026-10-10,21:00,Nules,0.12,4.2,68,5.8,266,0,
2026-10-10,21:00,Peñíscola N,0.16,4.2,68,5.8,266,0,
2026-10-10,21:00,Pirámides,0.09,4.2,68,5.8,266,0,
2026-10-10,21:00,Planetario,0.12,4.2,68,5.8,266,0,
2026-10-10,21:00,Vinaròs,0.16,4.2,68,5.8,266,0,
2026-10-10,21:00,Voramar,0.03,4.2,68,5.8,266,0,
2026-10-10,22:00,Almenara,0.12,4.2,68,5.3,298,0,
2026-10-10,22:00,Burriana,0.12,4.2,68,5.3,298,0,
2026-10-10,22:00,Gurugu,0.12,4.2,68,5.3,298,0,
2026-10-10,22:00,La Renegà,0.17,4.2,68,5.3,298,0,
2026-10-10,22:00,Nules,0.12,4.2,68,5.3,298,0,
2026-10-10,22:00,Peñíscola N,0.15,4.2,68,5.3,298,0,
2026-10-10,22:00,Pirámides,0.08,4.2,68,5.3,298,0,
2026-10-10,22:00,Planetario,0.12,4.2,68,5.3,298,0,
2026-10-10,22:00,Vinaròs,0.15,4.2,68,5.3,298,0,
2026-10-10,22:00,Voramar,0.03,4.2,68,5.3,298,0,
2026-10-10,23:00,Almenara,0.11,4.1,68,5.1,315,0,
2026-10-10,23:00,Burriana,0.11,4.1,68,5.1,315,0,
2026-10-10,23:00,Gurugu,0.11,4.1,68,5.1,315,0,
2026-10-10,23:00,La Renegà,0.16,4.1,68,5.1,315,0,
2026-10-10,23:00,Nules,0.11,4.1,68,5.1,315,0,
2026-10-10,23:00,Peñíscola N,0.14,4.1,68,5.1,315,0,
2026-10-10,23:00,Pirámides,0.08,4.1,68,5.1,315,0,
2026-10-10,23:00,Planetario,0.11,4.1,68,5.1,315,0,
2026-10-10,23:00,Vinaròs,0.14,4.1,68,5.1,315,0,
2026-10-10,23:00,Voramar,0.03,4.1,68,5.1,315,0,
