tiempo_utc,tiempo_recuperado_utc,tipo_sensor,estacion_id,estacion_nombre,lat,lon,distancia_km,fuente,url_fuente,altura_m,altura_max_m,periodo_s,periodo_medio_s,direccion_grados,direccion_pico_grados,temperatura_agua_c,nivel_mar_m,viento_velocidad_ms,viento_velocidad_kmh,viento_racha_ms,viento_racha_kmh,viento_direccion_grados,temperatura_aire_c,calidad_flag,commit_hash
2026-09-29T21:00:00Z,2026-09-29T22:17:17Z,BOYA,1712,Boya de Tarragona,41.07,1.19,155.5,Puertos del Estado · red de boyas REDEXT,https://portus.puertos.es/portussvr/api,0.61,0.91,7.6,4.3,116,,26.7,,,,,,,,OK,23373190d27b0a3c702557ee56fa6d704b3206c0
2026-09-29T22:00:00Z,2026-09-29T23:01:39Z,BOYA,1712,Boya de Tarragona,41.07,1.19,155.5,Puertos del Estado · red de boyas REDEXT,https://portus.puertos.es/portussvr/api,0.56,0.82,7.5,4.4,116,,26.7,,,,,,,,OK,0346e87e7ba19a503790a2cb32bb35a9c5d2fd4a
2026-09-29T22:00:00Z,2026-09-29T22:17:17Z,BOYA,2630,Boya de Valencia,39.51,0.2,54.9,Puertos del Estado · red de boyas REDEXT,https://portus.puertos.es/portussvr/api,0.7,1.06,7.03,4.38,102,98,25.59,,,,,,,,OK,23373190d27b0a3c702557ee56fa6d704b3206c0
2026-09-29T22:00:00Z,2026-09-29T22:17:17Z,BOYA,2720,Boya de Tarragona,40.69,1.47,145.2,Puertos del Estado · red de boyas REDEXT,https://portus.puertos.es/portussvr/api,0.7,1.06,7.23,4.22,109,110,26.35,,,,,,,,OK,23373190d27b0a3c702557ee56fa6d704b3206c0
2026-09-29T22:00:00Z,2026-09-29T22:17:17Z,VIENTO,4660,Estación Meteorológica de Castellón Mistral,39.97736,0.02505,1.0,Puertos del Estado · estaciones meteorológicas REMPOR,https://portus.puertos.es/portussvr/api,,,,,,,,,0.4,1.4,1.4,5.0,283,23.6,OK,23373190d27b0a3c702557ee56fa6d704b3206c0
2026-09-29T22:15:00Z,2026-09-29T22:17:17Z,MAREOGRAFO,3655,Mareografo de Sagunto,39.63392,-0.20624,43.9,Puertos del Estado · mareógrafo,https://portus.puertos.es/portussvr/api,,,,,,,,0.093,,,,,,,OK,23373190d27b0a3c702557ee56fa6d704b3206c0
2026-09-29T22:20:00Z,2026-09-29T22:34:49Z,VIENTO,4660,Estación Meteorológica de Castellón Mistral,39.97736,0.02505,1.0,Puertos del Estado · estaciones meteorológicas REMPOR,https://portus.puertos.es/portussvr/api,,,,,,,,,0.5,1.8,1.1,4.0,264,23.4,OK,76c204f8ca9e135f85b6af645c438590e2ef6ce9
2026-09-29T22:33:00Z,2026-09-29T22:34:49Z,MAREOGRAFO,3655,Mareografo de Sagunto,39.63392,-0.20624,43.9,Puertos del Estado · mareógrafo,https://portus.puertos.es/portussvr/api,,,,,,,,0.098,,,,,,,OK,76c204f8ca9e135f85b6af645c438590e2ef6ce9
2026-09-29T22:50:00Z,2026-09-29T23:01:39Z,VIENTO,4660,Estación Meteorológica de Castellón Mistral,39.97736,0.02505,1.0,Puertos del Estado · estaciones meteorológicas REMPOR,https://portus.puertos.es/portussvr/api,,,,,,,,,0.7,2.5,1.4,5.0,278,23.1,OK,0346e87e7ba19a503790a2cb32bb35a9c5d2fd4a
2026-09-29T23:00:00Z,2026-09-29T23:01:39Z,MAREOGRAFO,3655,Mareografo de Sagunto,39.63392,-0.20624,43.9,Puertos del Estado · mareógrafo,https://portus.puertos.es/portussvr/api,,,,,,,,0.084,,,,,,,OK,0346e87e7ba19a503790a2cb32bb35a9c5d2fd4a
2026-09-30T21:00:00Z,2026-09-30T22:30:08Z,BOYA,1712,Boya de Tarragona,41.07,1.19,155.5,Puertos del Estado · red de boyas REDEXT,https://portus.puertos.es/portussvr/api,0.59,0.98,6.3,4.5,120,,26.6,,,,,,,,OK,3b59cd9e1010bb3f95d50e97f59ec41475213d40
2026-09-30T22:00:00Z,2026-09-30T23:20:26Z,BOYA,1712,Boya de Tarragona,41.07,1.19,155.5,Puertos del Estado · red de boyas REDEXT,https://portus.puertos.es/portussvr/api,0.59,1.12,7.0,4.6,121,,26.6,,,,,,,,OK,08456428ab05da74ab9f952da2f4c6db5f9dd5ab
2026-09-30T22:00:00Z,2026-09-30T22:30:08Z,BOYA,2630,Boya de Valencia,39.51,0.2,54.9,Puertos del Estado · red de boyas REDEXT,https://portus.puertos.es/portussvr/api,0.59,0.78,7.23,3.75,55,73,25.34,,,,,,,,OK,3b59cd9e1010bb3f95d50e97f59ec41475213d40
2026-09-30T22:00:00Z,2026-09-30T22:30:08Z,BOYA,2720,Boya de Tarragona,40.69,1.47,145.2,Puertos del Estado · red de boyas REDEXT,https://portus.puertos.es/portussvr/api,0.7,1.31,7.42,4.22,110,115,26.36,,,,,,,,OK,3b59cd9e1010bb3f95d50e97f59ec41475213d40
2026-09-30T22:20:00Z,2026-09-30T22:30:08Z,VIENTO,4660,Estación Meteorológica de Castellón Mistral,39.97736,0.02505,1.0,Puertos del Estado · estaciones meteorológicas REMPOR,https://portus.puertos.es/portussvr/api,,,,,,,,,0.9,3.2,2.0,7.2,302,22.8,OK,3b59cd9e1010bb3f95d50e97f59ec41475213d40
2026-09-30T22:29:00Z,2026-09-30T22:30:08Z,MAREOGRAFO,3655,Mareografo de Sagunto,39.63392,-0.20624,43.9,Puertos del Estado · mareógrafo,https://portus.puertos.es/portussvr/api,,,,,,,,0.089,,,,,,,OK,3b59cd9e1010bb3f95d50e97f59ec41475213d40
2026-09-30T23:00:00Z,2026-10-01T00:31:54Z,BOYA,1712,Boya de Tarragona,41.07,1.19,155.5,Puertos del Estado · red de boyas REDEXT,https://portus.puertos.es/portussvr/api,0.55,0.79,6.8,4.5,121,,26.6,,,,,,,,OK,047f70d2c74c2d6546b352f6b75dabd0c870fcae
2026-09-30T23:00:00Z,2026-09-30T23:20:26Z,BOYA,2630,Boya de Valencia,39.51,0.2,54.9,Puertos del Estado · red de boyas REDEXT,https://portus.puertos.es/portussvr/api,0.59,0.81,7.03,3.75,51,76,25.37,,,,,,,,OK,08456428ab05da74ab9f952da2f4c6db5f9dd5ab
2026-09-30T23:00:00Z,2026-09-30T23:20:26Z,BOYA,2720,Boya de Tarragona,40.69,1.47,145.2,Puertos del Estado · red de boyas REDEXT,https://portus.puertos.es/portussvr/api,0.7,1.13,7.42,4.22,104,110,26.35,,,,,,,,OK,08456428ab05da74ab9f952da2f4c6db5f9dd5ab
2026-09-30T23:10:00Z,2026-09-30T23:20:26Z,VIENTO,4660,Estación Meteorológica de Castellón Mistral,39.97736,0.02505,1.0,Puertos del Estado · estaciones meteorológicas REMPOR,https://portus.puertos.es/portussvr/api,,,,,,,,,2.0,7.2,3.4,12.2,255,21.9,OK,08456428ab05da74ab9f952da2f4c6db5f9dd5ab
2026-09-30T23:19:00Z,2026-09-30T23:20:26Z,MAREOGRAFO,3655,Mareografo de Sagunto,39.63392,-0.20624,43.9,Puertos del Estado · mareógrafo,https://portus.puertos.es/portussvr/api,,,,,,,,0.082,,,,,,,OK,08456428ab05da74ab9f952da2f4c6db5f9dd5ab
2026-10-01T00:00:00Z,2026-10-01T01:22:46Z,BOYA,1712,Boya de Tarragona,41.07,1.19,155.5,Puertos del Estado · red de boyas REDEXT,https://portus.puertos.es/portussvr/api,0.6,0.91,7.0,4.9,118,,26.5,,,,,,,,OK,bbabe813bc19793bd1b66e722cb2c252a224d5cc
2026-10-01T00:00:00Z,2026-10-01T00:31:54Z,BOYA,2630,Boya de Valencia,39.51,0.2,54.9,Puertos del Estado · red de boyas REDEXT,https://portus.puertos.es/portussvr/api,0.59,0.88,7.23,4.06,64,90,25.26,,,,,,,,OK,047f70d2c74c2d6546b352f6b75dabd0c870fcae
2026-10-01T00:00:00Z,2026-10-01T00:31:54Z,BOYA,2720,Boya de Tarragona,40.69,1.47,145.2,Puertos del Estado · red de boyas REDEXT,https://portus.puertos.es/portussvr/api,0.59,0.91,7.03,4.22,112,107,26.34,,,,,,,,OK,047f70d2c74c2d6546b352f6b75dabd0c870fcae
2026-10-01T00:20:00Z,2026-10-01T00:31:54Z,VIENTO,4660,Estación Meteorológica de Castellón Mistral,39.97736,0.02505,1.0,Puertos del Estado · estaciones meteorológicas REMPOR,https://portus.puertos.es/portussvr/api,,,,,,,,,1.7,6.1,2.2,7.9,249,22.8,OK,047f70d2c74c2d6546b352f6b75dabd0c870fcae
2026-10-01T00:30:00Z,2026-10-01T00:31:54Z,MAREOGRAFO,3655,Mareografo de Sagunto,39.63392,-0.20624,43.9,Puertos del Estado · mareógrafo,https://portus.puertos.es/portussvr/api,,,,,,,,0.044,,,,,,,OK,047f70d2c74c2d6546b352f6b75dabd0c870fcae
2026-10-01T01:00:00Z,2026-10-01T02:22:09Z,BOYA,1712,Boya de Tarragona,41.07,1.19,155.5,Puertos del Estado · red de boyas REDEXT,https://portus.puertos.es/portussvr/api,0.59,1.07,7.2,4.9,119,,26.6,,,,,,,,OK,d334caab560ab537b49eee730153171d1643d3dd
2026-10-01T01:00:00Z,2026-10-01T01:22:46Z,BOYA,2630,Boya de Valencia,39.51,0.2,54.9,Puertos del Estado · red de boyas REDEXT,https://portus.puertos.es/portussvr/api,0.59,0.91,7.03,4.06,59,73,25.25,,,,,,,,OK,bbabe813bc19793bd1b66e722cb2c252a224d5cc
2026-10-01T01:00:00Z,2026-10-01T01:22:46Z,BOYA,2720,Boya de Tarragona,40.69,1.47,145.2,Puertos del Estado · red de boyas REDEXT,https://portus.puertos.es/portussvr/api,0.59,0.94,7.23,4.38,111,101,26.34,,,,,,,,OK,bbabe813bc19793bd1b66e722cb2c252a224d5cc
2026-10-01T01:10:00Z,2026-10-01T01:22:46Z,VIENTO,4660,Estación Meteorológica de Castellón Mistral,39.97736,0.02505,1.0,Puertos del Estado · estaciones meteorológicas REMPOR,https://portus.puertos.es/portussvr/api,,,,,,,,,1.7,6.1,2.2,7.9,244,22.9,OK,bbabe813bc19793bd1b66e722cb2c252a224d5cc
2026-10-01T01:21:00Z,2026-10-01T01:22:46Z,MAREOGRAFO,3655,Mareografo de Sagunto,39.63392,-0.20624,43.9,Puertos del Estado · mareógrafo,https://portus.puertos.es/portussvr/api,,,,,,,,0.066,,,,,,,OK,bbabe813bc19793bd1b66e722cb2c252a224d5cc
2026-10-01T02:00:00Z,2026-10-01T03:23:25Z,BOYA,1712,Boya de Tarragona,41.07,1.19,155.5,Puertos del Estado · red de boyas REDEXT,https://portus.puertos.es/portussvr/api,0.58,0.97,6.7,4.6,121,,26.5,,,,,,,,OK,9022dda192efc5614f123927f9fbaea222d57a09
2026-10-01T02:00:00Z,2026-10-01T02:22:09Z,BOYA,2630,Boya de Valencia,39.51,0.2,54.9,Puertos del Estado · red de boyas REDEXT,https://portus.puertos.es/portussvr/api,0.59,0.88,7.03,3.91,55,73,25.23,,,,,,,,OK,d334caab560ab537b49eee730153171d1643d3dd
2026-10-01T02:00:00Z,2026-10-01T02:22:09Z,BOYA,2720,Boya de Tarragona,40.69,1.47,145.2,Puertos del Estado · red de boyas REDEXT,https://portus.puertos.es/portussvr/api,0.59,1.0,6.84,4.53,107,96,26.35,,,,,,,,OK,d334caab560ab537b49eee730153171d1643d3dd
2026-10-01T02:10:00Z,2026-10-01T02:22:09Z,VIENTO,4660,Estación Meteorológica de Castellón Mistral,39.97736,0.02505,1.0,Puertos del Estado · estaciones meteorológicas REMPOR,https://portus.puertos.es/portussvr/api,,,,,,,,,1.7,6.1,2.2,7.9,246,22.7,OK,d334caab560ab537b49eee730153171d1643d3dd
2026-10-01T02:21:00Z,2026-10-01T02:22:09Z,MAREOGRAFO,3655,Mareografo de Sagunto,39.63392,-0.20624,43.9,Puertos del Estado · mareógrafo,https://portus.puertos.es/portussvr/api,,,,,,,,0.053,,,,,,,OK,d334caab560ab537b49eee730153171d1643d3dd
2026-10-01T03:00:00Z,2026-10-01T04:23:47Z,BOYA,1712,Boya de Tarragona,41.07,1.19,155.5,Puertos del Estado · red de boyas REDEXT,https://portus.puertos.es/portussvr/api,0.61,0.89,7.2,4.9,119,,26.5,,,,,,,,OK,dd0ecfbc1f5d60347288317feef2e18d8c6c6452
2026-10-01T03:00:00Z,2026-10-01T03:23:25Z,BOYA,2630,Boya de Valencia,39.51,0.2,54.9,Puertos del Estado · red de boyas REDEXT,https://portus.puertos.es/portussvr/api,0.7,0.84,7.03,3.59,42,76,25.25,,,,,,,,OK,9022dda192efc5614f123927f9fbaea222d57a09
2026-10-01T03:00:00Z,2026-10-01T03:23:25Z,BOYA,2720,Boya de Tarragona,40.69,1.47,145.2,Puertos del Estado · red de boyas REDEXT,https://portus.puertos.es/portussvr/api,0.59,0.91,6.25,4.53,99,84,26.35,,,,,,,,OK,9022dda192efc5614f123927f9fbaea222d57a09
2026-10-01T03:10:00Z,2026-10-01T03:23:25Z,VIENTO,4660,Estación Meteorológica de Castellón Mistral,39.97736,0.02505,1.0,Puertos del Estado · estaciones meteorológicas REMPOR,https://portus.puertos.es/portussvr/api,,,,,,,,,1.3,4.7,2.2,7.9,247,22.5,OK,9022dda192efc5614f123927f9fbaea222d57a09
2026-10-01T03:22:00Z,2026-10-01T03:23:25Z,MAREOGRAFO,3655,Mareografo de Sagunto,39.63392,-0.20624,43.9,Puertos del Estado · mareógrafo,https://portus.puertos.es/portussvr/api,,,,,,,,0.034,,,,,,,OK,9022dda192efc5614f123927f9fbaea222d57a09
2026-10-01T04:00:00Z,2026-10-01T05:22:42Z,BOYA,1712,Boya de Tarragona,41.07,1.19,155.5,Puertos del Estado · red de boyas REDEXT,https://portus.puertos.es/portussvr/api,0.67,1.07,6.9,5.0,118,,26.5,,,,,,,,OK,9680f72dc0d3350d71f7851ea38b041acd00d345
2026-10-01T04:00:00Z,2026-10-01T04:23:47Z,BOYA,2630,Boya de Valencia,39.51,0.2,54.9,Puertos del Estado · red de boyas REDEXT,https://portus.puertos.es/portussvr/api,0.7,0.84,7.42,3.59,32,79,25.22,,,,,,,,OK,dd0ecfbc1f5d60347288317feef2e18d8c6c6452
2026-10-01T04:00:00Z,2026-10-01T04:23:47Z,BOYA,2720,Boya de Tarragona,40.69,1.47,145.2,Puertos del Estado · red de boyas REDEXT,https://portus.puertos.es/portussvr/api,0.59,0.88,7.23,4.53,97,98,26.36,,,,,,,,OK,dd0ecfbc1f5d60347288317feef2e18d8c6c6452
2026-10-01T04:10:00Z,2026-10-01T04:23:47Z,VIENTO,4660,Estación Meteorológica de Castellón Mistral,39.97736,0.02505,1.0,Puertos del Estado · estaciones meteorológicas REMPOR,https://portus.puertos.es/portussvr/api,,,,,,,,,1.4,5.0,2.0,7.2,255,22.4,OK,dd0ecfbc1f5d60347288317feef2e18d8c6c6452
2026-10-01T04:22:00Z,2026-10-01T04:23:47Z,MAREOGRAFO,3655,Mareografo de Sagunto,39.63392,-0.20624,43.9,Puertos del Estado · mareógrafo,https://portus.puertos.es/portussvr/api,,,,,,,,0.067,,,,,,,OK,dd0ecfbc1f5d60347288317feef2e18d8c6c6452
2026-10-01T05:00:00Z,2026-10-01T06:29:39Z,BOYA,1712,Boya de Tarragona,41.07,1.19,155.5,Puertos del Estado · red de boyas REDEXT,https://portus.puertos.es/portussvr/api,0.67,1.05,7.3,4.9,119,,26.5,,,,,,,,OK,70a975381977f405ce100fff2fd612aeb18a22fe
2026-10-01T05:00:00Z,2026-10-01T05:22:42Z,BOYA,2630,Boya de Valencia,39.51,0.2,54.9,Puertos del Estado · red de boyas REDEXT,https://portus.puertos.es/portussvr/api,0.7,0.94,7.23,3.75,42,84,25.21,,,,,,,,OK,9680f72dc0d3350d71f7851ea38b041acd00d345
2026-10-01T05:00:00Z,2026-10-01T05:22:42Z,BOYA,2720,Boya de Tarragona,40.69,1.47,145.2,Puertos del Estado · red de boyas REDEXT,https://portus.puertos.es/portussvr/api,0.7,1.06,6.25,4.84,94,84,26.36,,,,,,,,OK,9680f72dc0d3350d71f7851ea38b041acd00d345
2026-10-01T05:10:00Z,2026-10-01T05:22:42Z,VIENTO,4660,Estación Meteorológica de Castellón Mistral,39.97736,0.02505,1.0,Puertos del Estado · estaciones meteorológicas REMPOR,https://portus.puertos.es/portussvr/api,,,,,,,,,1.1,4.0,1.7,6.1,249,23.0,OK,9680f72dc0d3350d71f7851ea38b041acd00d345
2026-10-01T05:21:00Z,2026-10-01T05:22:42Z,MAREOGRAFO,3655,Mareografo de Sagunto,39.63392,-0.20624,43.9,Puertos del Estado · mareógrafo,https://portus.puertos.es/portussvr/api,,,,,,,,0.083,,,,,,,OK,9680f72dc0d3350d71f7851ea38b041acd00d345
2026-10-01T06:00:00Z,2026-10-01T07:25:01Z,BOYA,1712,Boya de Tarragona,41.07,1.19,155.5,Puertos del Estado · red de boyas REDEXT,https://portus.puertos.es/portussvr/api,0.64,0.94,7.3,4.9,117,,26.5,,,,,,,,OK,0e5e3e1fd4e3a46fbe849b6ab70aee9a8f4b9db9
2026-10-01T06:00:00Z,2026-10-01T06:29:39Z,BOYA,2630,Boya de Valencia,39.51,0.2,54.9,Puertos del Estado · red de boyas REDEXT,https://portus.puertos.es/portussvr/api,0.7,0.91,7.23,4.06,57,82,25.21,,,,,,,,OK,70a975381977f405ce100fff2fd612aeb18a22fe
2026-10-01T06:00:00Z,2026-10-01T06:29:39Z,BOYA,2720,Boya de Tarragona,40.69,1.47,145.2,Puertos del Estado · red de boyas REDEXT,https://portus.puertos.es/portussvr/api,0.59,0.97,6.25,4.69,99,87,26.33,,,,,,,,OK,70a975381977f405ce100fff2fd612aeb18a22fe
2026-10-01T06:10:00Z,2026-10-01T06:29:39Z,VIENTO,4660,Estación Meteorológica de Castellón Mistral,39.97736,0.02505,1.0,Puertos del Estado · estaciones meteorológicas REMPOR,https://portus.puertos.es/portussvr/api,,,,,,,,,0.4,1.4,0.8,2.9,272,22.7,OK,70a975381977f405ce100fff2fd612aeb18a22fe
2026-10-01T06:28:00Z,2026-10-01T06:29:39Z,MAREOGRAFO,3655,Mareografo de Sagunto,39.63392,-0.20624,43.9,Puertos del Estado · mareógrafo,https://portus.puertos.es/portussvr/api,,,,,,,,0.112,,,,,,,OK,70a975381977f405ce100fff2fd612aeb18a22fe
2026-10-01T07:00:00Z,2026-10-01T08:26:14Z,BOYA,1712,Boya de Tarragona,41.07,1.19,155.5,Puertos del Estado · red de boyas REDEXT,https://portus.puertos.es/portussvr/api,0.66,1.22,7.5,5.1,115,,26.5,,,,,,,,OK,3a84b5ca13b496d2efd09fca04c7494b5463435e
2026-10-01T07:00:00Z,2026-10-01T07:25:01Z,BOYA,2630,Boya de Valencia,39.51,0.2,54.9,Puertos del Estado · red de boyas REDEXT,https://portus.puertos.es/portussvr/api,0.7,0.97,7.03,4.06,53,84,25.2,,,,,,,,OK,0e5e3e1fd4e3a46fbe849b6ab70aee9a8f4b9db9
2026-10-01T07:00:00Z,2026-10-01T07:25:01Z,BOYA,2720,Boya de Tarragona,40.69,1.47,145.2,Puertos del Estado · red de boyas REDEXT,https://portus.puertos.es/portussvr/api,0.59,1.03,6.05,4.53,99,82,26.36,,,,,,,,OK,0e5e3e1fd4e3a46fbe849b6ab70aee9a8f4b9db9
2026-10-01T07:10:00Z,2026-10-01T07:25:01Z,VIENTO,4660,Estación Meteorológica de Castellón Mistral,39.97736,0.02505,1.0,Puertos del Estado · estaciones meteorológicas REMPOR,https://portus.puertos.es/portussvr/api,,,,,,,,,1.0,3.6,1.4,5.0,264,22.9,OK,0e5e3e1fd4e3a46fbe849b6ab70aee9a8f4b9db9
2026-10-01T07:24:00Z,2026-10-01T07:25:01Z,MAREOGRAFO,3655,Mareografo de Sagunto,39.63392,-0.20624,43.9,Puertos del Estado · mareógrafo,https://portus.puertos.es/portussvr/api,,,,,,,,0.122,,,,,,,OK,0e5e3e1fd4e3a46fbe849b6ab70aee9a8f4b9db9
2026-10-01T08:00:00Z,2026-10-01T09:24:29Z,BOYA,1712,Boya de Tarragona,41.07,1.19,155.5,Puertos del Estado · red de boyas REDEXT,https://portus.puertos.es/portussvr/api,0.63,0.93,7.4,5.1,115,,26.5,,,,,,,,OK,dc98b5363cb1bd2bff2d1b10b82cb5fc4a03205f
2026-10-01T08:00:00Z,2026-10-01T08:26:14Z,BOYA,2630,Boya de Valencia,39.51,0.2,54.9,Puertos del Estado · red de boyas REDEXT,https://portus.puertos.es/portussvr/api,0.7,0.94,7.03,3.91,51,84,25.24,,,,,,,,OK,3a84b5ca13b496d2efd09fca04c7494b5463435e
2026-10-01T08:00:00Z,2026-10-01T08:26:14Z,BOYA,2720,Boya de Tarragona,40.69,1.47,145.2,Puertos del Estado · red de boyas REDEXT,https://portus.puertos.es/portussvr/api,0.59,1.13,6.25,4.53,94,96,26.34,,,,,,,,OK,3a84b5ca13b496d2efd09fca04c7494b5463435e
2026-10-01T08:10:00Z,2026-10-01T08:26:14Z,VIENTO,4660,Estación Meteorológica de Castellón Mistral,39.97736,0.02505,1.0,Puertos del Estado · estaciones meteorológicas REMPOR,https://portus.puertos.es/portussvr/api,,,,,,,,,4.3,15.5,5.6,20.2,39,25.4,OK,3a84b5ca13b496d2efd09fca04c7494b5463435e
2026-10-01T08:25:00Z,2026-10-01T08:26:14Z,MAREOGRAFO,3655,Mareografo de Sagunto,39.63392,-0.20624,43.9,Puertos del Estado · mareógrafo,https://portus.puertos.es/portussvr/api,,,,,,,,0.145,,,,,,,OK,3a84b5ca13b496d2efd09fca04c7494b5463435e
2026-10-01T09:00:00Z,2026-10-01T10:24:17Z,BOYA,1712,Boya de Tarragona,41.07,1.19,155.5,Puertos del Estado · red de boyas REDEXT,https://portus.puertos.es/portussvr/api,0.66,1.14,6.8,5.2,115,,26.5,,,,,,,,OK,a09cd9684ef484eddc78804d8866463e696ed085
2026-10-01T09:00:00Z,2026-10-01T09:24:29Z,BOYA,2630,Boya de Valencia,39.51,0.2,54.9,Puertos del Estado · red de boyas REDEXT,https://portus.puertos.es/portussvr/api,0.7,1.03,7.23,3.91,54,73,25.24,,,,,,,,OK,dc98b5363cb1bd2bff2d1b10b82cb5fc4a03205f
2026-10-01T09:00:00Z,2026-10-01T09:24:29Z,BOYA,2720,Boya de Tarragona,40.69,1.47,145.2,Puertos del Estado · red de boyas REDEXT,https://portus.puertos.es/portussvr/api,0.59,0.81,6.45,4.53,85,73,26.32,,,,,,,,OK,dc98b5363cb1bd2bff2d1b10b82cb5fc4a03205f
2026-10-01T09:10:00Z,2026-10-01T09:24:29Z,VIENTO,4660,Estación Meteorológica de Castellón Mistral,39.97736,0.02505,1.0,Puertos del Estado · estaciones meteorológicas REMPOR,https://portus.puertos.es/portussvr/api,,,,,,,,,3.5,12.6,5.6,20.2,44,26.2,OK,dc98b5363cb1bd2bff2d1b10b82cb5fc4a03205f
2026-10-01T09:23:00Z,2026-10-01T09:24:29Z,MAREOGRAFO,3655,Mareografo de Sagunto,39.63392,-0.20624,43.9,Puertos del Estado · mareógrafo,https://portus.puertos.es/portussvr/api,,,,,,,,0.151,,,,,,,OK,dc98b5363cb1bd2bff2d1b10b82cb5fc4a03205f
2026-10-01T10:00:00Z,2026-10-01T11:22:52Z,BOYA,1712,Boya de Tarragona,41.07,1.19,155.5,Puertos del Estado · red de boyas REDEXT,https://portus.puertos.es/portussvr/api,0.61,1.0,7.0,5.1,117,,26.6,,,,,,,,OK,f1d0ba558147e4d3f682ece31526ecd73ef55ace
2026-10-01T10:00:00Z,2026-10-01T10:24:17Z,BOYA,2630,Boya de Valencia,39.51,0.2,54.9,Puertos del Estado · red de boyas REDEXT,https://portus.puertos.es/portussvr/api,0.7,1.31,7.23,3.91,55,82,25.3,,,,,,,,OK,a09cd9684ef484eddc78804d8866463e696ed085
2026-10-01T10:00:00Z,2026-10-01T10:24:17Z,BOYA,2720,Boya de Tarragona,40.69,1.47,145.2,Puertos del Estado · red de boyas REDEXT,https://portus.puertos.es/portussvr/api,0.59,1.06,7.23,4.22,83,98,26.28,,,,,,,,OK,a09cd9684ef484eddc78804d8866463e696ed085
2026-10-01T10:10:00Z,2026-10-01T10:24:17Z,VIENTO,4660,Estación Meteorológica de Castellón Mistral,39.97736,0.02505,1.0,Puertos del Estado · estaciones meteorológicas REMPOR,https://portus.puertos.es/portussvr/api,,,,,,,,,2.3,8.3,4.5,16.2,99,26.6,OK,a09cd9684ef484eddc78804d8866463e696ed085
2026-10-01T10:23:00Z,2026-10-01T10:24:17Z,MAREOGRAFO,3655,Mareografo de Sagunto,39.63392,-0.20624,43.9,Puertos del Estado · mareógrafo,https://portus.puertos.es/portussvr/api,,,,,,,,0.154,,,,,,,OK,a09cd9684ef484eddc78804d8866463e696ed085
2026-10-01T11:00:00Z,2026-10-01T12:29:40Z,BOYA,1712,Boya de Tarragona,41.07,1.19,155.5,Puertos del Estado · red de boyas REDEXT,https://portus.puertos.es/portussvr/api,0.9,1.58,5.9,3.6,105,,26.5,,,,,,,,OK,5fcaee72cbcaac3970abaac910133e7788d7f5e5
2026-10-01T11:00:00Z,2026-10-01T11:22:52Z,BOYA,2630,Boya de Valencia,39.51,0.2,54.9,Puertos del Estado · red de boyas REDEXT,https://portus.puertos.es/portussvr/api,0.82,1.22,7.23,3.75,52,76,25.26,,,,,,,,OK,f1d0ba558147e4d3f682ece31526ecd73ef55ace
2026-10-01T11:00:00Z,2026-10-01T11:22:52Z,BOYA,2720,Boya de Tarragona,40.69,1.47,145.2,Puertos del Estado · red de boyas REDEXT,https://portus.puertos.es/portussvr/api,0.82,1.09,7.03,3.59,73,101,26.19,,,,,,,,OK,f1d0ba558147e4d3f682ece31526ecd73ef55ace
2026-10-01T11:10:00Z,2026-10-01T11:22:52Z,VIENTO,4660,Estación Meteorológica de Castellón Mistral,39.97736,0.02505,1.0,Puertos del Estado · estaciones meteorológicas REMPOR,https://portus.puertos.es/portussvr/api,,,,,,,,,2.8,10.1,5.9,21.2,80,26.4,OK,f1d0ba558147e4d3f682ece31526ecd73ef55ace
2026-10-01T11:21:00Z,2026-10-01T11:22:52Z,MAREOGRAFO,3655,Mareografo de Sagunto,39.63392,-0.20624,43.9,Puertos del Estado · mareógrafo,https://portus.puertos.es/portussvr/api,,,,,,,,0.149,,,,,,,OK,f1d0ba558147e4d3f682ece31526ecd73ef55ace
2026-10-01T12:00:00Z,2026-10-01T13:26:48Z,BOYA,1712,Boya de Tarragona,41.07,1.19,155.5,Puertos del Estado · red de boyas REDEXT,https://portus.puertos.es/portussvr/api,1.23,1.87,5.9,4.4,109,,26.5,,,,,,,,OK,0b8052c410bb25740bb2a90caf0190f3dc9a1c6e
2026-10-01T12:00:00Z,2026-10-01T12:29:40Z,BOYA,2630,Boya de Valencia,39.51,0.2,54.9,Puertos del Estado · red de boyas REDEXT,https://portus.puertos.es/portussvr/api,0.7,1.0,7.23,3.91,50,76,25.29,,,,,,,,OK,5fcaee72cbcaac3970abaac910133e7788d7f5e5
2026-10-01T12:00:00Z,2026-10-01T12:29:40Z,BOYA,2720,Boya de Tarragona,40.69,1.47,145.2,Puertos del Estado · red de boyas REDEXT,https://portus.puertos.es/portussvr/api,1.41,2.19,5.08,4.06,61,59,26.21,,,,,,,,OK,5fcaee72cbcaac3970abaac910133e7788d7f5e5
2026-10-01T12:10:00Z,2026-10-01T12:29:40Z,VIENTO,4660,Estación Meteorológica de Castellón Mistral,39.97736,0.02505,1.0,Puertos del Estado · estaciones meteorológicas REMPOR,https://portus.puertos.es/portussvr/api,,,,,,,,,6.8,24.5,9.2,33.1,45,25.6,OK,5fcaee72cbcaac3970abaac910133e7788d7f5e5
2026-10-01T12:28:00Z,2026-10-01T12:29:40Z,MAREOGRAFO,3655,Mareografo de Sagunto,39.63392,-0.20624,43.9,Puertos del Estado · mareógrafo,https://portus.puertos.es/portussvr/api,,,,,,,,0.137,,,,,,,OK,5fcaee72cbcaac3970abaac910133e7788d7f5e5
2026-10-01T13:00:00Z,2026-10-01T14:25:45Z,BOYA,1712,Boya de Tarragona,41.07,1.19,155.5,Puertos del Estado · red de boyas REDEXT,https://portus.puertos.es/portussvr/api,1.35,2.42,6.0,4.7,109,,26.5,,,,,,,,OK,57297a833904410a79ac2056a92bad9cda932553
2026-10-01T13:00:00Z,2026-10-01T13:26:48Z,BOYA,2630,Boya de Valencia,39.51,0.2,54.9,Puertos del Estado · red de boyas REDEXT,https://portus.puertos.es/portussvr/api,0.7,0.91,7.23,3.91,50,84,25.38,,,,,,,,OK,0b8052c410bb25740bb2a90caf0190f3dc9a1c6e
2026-10-01T13:00:00Z,2026-10-01T13:26:48Z,BOYA,2720,Boya de Tarragona,40.69,1.47,145.2,Puertos del Estado · red de boyas REDEXT,https://portus.puertos.es/portussvr/api,1.52,2.69,5.66,4.38,65,59,26.24,,,,,,,,OK,0b8052c410bb25740bb2a90caf0190f3dc9a1c6e
2026-10-01T13:10:00Z,2026-10-01T13:26:48Z,VIENTO,4660,Estación Meteorológica de Castellón Mistral,39.97736,0.02505,1.0,Puertos del Estado · estaciones meteorológicas REMPOR,https://portus.puertos.es/portussvr/api,,,,,,,,,8.2,29.5,12.0,43.2,46,25.7,OK,0b8052c410bb25740bb2a90caf0190f3dc9a1c6e
2026-10-01T13:25:00Z,2026-10-01T13:26:48Z,MAREOGRAFO,3655,Mareografo de Sagunto,39.63392,-0.20624,43.9,Puertos del Estado · mareógrafo,https://portus.puertos.es/portussvr/api,,,,,,,,0.151,,,,,,,OK,0b8052c410bb25740bb2a90caf0190f3dc9a1c6e
2026-10-01T14:00:00Z,2026-10-01T15:24:24Z,BOYA,1712,Boya de Tarragona,41.07,1.19,155.5,Puertos del Estado · red de boyas REDEXT,https://portus.puertos.es/portussvr/api,1.44,2.25,6.5,5.0,109,,26.3,,,,,,,,OK,cef647f65064c3a72e6afb4584b4693cbc6fa95d
2026-10-01T14:00:00Z,2026-10-01T14:25:45Z,BOYA,2630,Boya de Valencia,39.51,0.2,54.9,Puertos del Estado · red de boyas REDEXT,https://portus.puertos.es/portussvr/api,0.82,1.22,4.1,3.59,46,25,25.41,,,,,,,,OK,57297a833904410a79ac2056a92bad9cda932553
2026-10-01T14:00:00Z,2026-10-01T14:25:45Z,BOYA,2720,Boya de Tarragona,40.69,1.47,145.2,Puertos del Estado · red de boyas REDEXT,https://portus.puertos.es/portussvr/api,1.88,3.06,6.05,4.69,69,62,26.25,,,,,,,,OK,57297a833904410a79ac2056a92bad9cda932553
2026-10-01T14:10:00Z,2026-10-01T14:25:45Z,VIENTO,4660,Estación Meteorológica de Castellón Mistral,39.97736,0.02505,1.0,Puertos del Estado · estaciones meteorológicas REMPOR,https://portus.puertos.es/portussvr/api,,,,,,,,,7.6,27.4,10.4,37.4,40,25.2,OK,57297a833904410a79ac2056a92bad9cda932553
2026-10-01T14:24:00Z,2026-10-01T14:25:45Z,MAREOGRAFO,3655,Mareografo de Sagunto,39.63392,-0.20624,43.9,Puertos del Estado · mareógrafo,https://portus.puertos.es/portussvr/api,,,,,,,,0.114,,,,,,,OK,57297a833904410a79ac2056a92bad9cda932553
2026-10-01T15:00:00Z,2026-10-01T16:23:07Z,BOYA,1712,Boya de Tarragona,41.07,1.19,155.5,Puertos del Estado · red de boyas REDEXT,https://portus.puertos.es/portussvr/api,1.35,2.18,6.8,5.0,107,,25.8,,,,,,,,OK,24c65c27ad54c0be5e2669ccc1b7151ce4d353d9
2026-10-01T15:00:00Z,2026-10-01T15:24:24Z,BOYA,2630,Boya de Valencia,39.51,0.2,54.9,Puertos del Estado · red de boyas REDEXT,https://portus.puertos.es/portussvr/api,1.05,1.59,4.49,3.75,48,42,25.37,,,,,,,,OK,cef647f65064c3a72e6afb4584b4693cbc6fa95d
2026-10-01T15:00:00Z,2026-10-01T15:24:24Z,BOYA,2720,Boya de Tarragona,40.69,1.47,145.2,Puertos del Estado · red de boyas REDEXT,https://portus.puertos.es/portussvr/api,1.99,2.78,7.03,5.16,66,65,26.25,,,,,,,,OK,cef647f65064c3a72e6afb4584b4693cbc6fa95d
2026-10-01T15:10:00Z,2026-10-01T15:24:24Z,VIENTO,4660,Estación Meteorológica de Castellón Mistral,39.97736,0.02505,1.0,Puertos del Estado · estaciones meteorológicas REMPOR,https://portus.puertos.es/portussvr/api,,,,,,,,,8.7,31.3,10.6,38.2,42,25.0,OK,cef647f65064c3a72e6afb4584b4693cbc6fa95d
2026-10-01T15:23:00Z,2026-10-01T15:24:24Z,MAREOGRAFO,3655,Mareografo de Sagunto,39.63392,-0.20624,43.9,Puertos del Estado · mareógrafo,https://portus.puertos.es/portussvr/api,,,,,,,,0.138,,,,,,,OK,cef647f65064c3a72e6afb4584b4693cbc6fa95d
2026-10-01T16:00:00Z,2026-10-01T17:22:49Z,BOYA,1712,Boya de Tarragona,41.07,1.19,155.5,Puertos del Estado · red de boyas REDEXT,https://portus.puertos.es/portussvr/api,1.27,2.21,6.8,4.9,107,,25.7,,,,,,,,OK,1020b6362b01c409e727812143d9304693866dbb
2026-10-01T16:00:00Z,2026-10-01T16:23:07Z,BOYA,2630,Boya de Valencia,39.51,0.2,54.9,Puertos del Estado · red de boyas REDEXT,https://portus.puertos.es/portussvr/api,1.05,1.81,4.49,3.91,53,51,25.38,,,,,,,,OK,24c65c27ad54c0be5e2669ccc1b7151ce4d353d9
2026-10-01T16:00:00Z,2026-10-01T16:23:07Z,BOYA,2720,Boya de Tarragona,40.69,1.47,145.2,Puertos del Estado · red de boyas REDEXT,https://portus.puertos.es/portussvr/api,1.88,2.75,7.23,5.0,66,68,26.22,,,,,,,,OK,24c65c27ad54c0be5e2669ccc1b7151ce4d353d9
2026-10-01T16:10:00Z,2026-10-01T16:23:07Z,VIENTO,4660,Estación Meteorológica de Castellón Mistral,39.97736,0.02505,1.0,Puertos del Estado · estaciones meteorológicas REMPOR,https://portus.puertos.es/portussvr/api,,,,,,,,,8.4,30.2,12.3,44.3,29,24.1,OK,24c65c27ad54c0be5e2669ccc1b7151ce4d353d9
2026-10-01T16:21:00Z,2026-10-01T16:23:07Z,MAREOGRAFO,3655,Mareografo de Sagunto,39.63392,-0.20624,43.9,Puertos del Estado · mareógrafo,https://portus.puertos.es/portussvr/api,,,,,,,,0.104,,,,,,,OK,24c65c27ad54c0be5e2669ccc1b7151ce4d353d9
2026-10-01T17:00:00Z,2026-10-01T18:27:38Z,BOYA,1712,Boya de Tarragona,41.07,1.19,155.5,Puertos del Estado · red de boyas REDEXT,https://portus.puertos.es/portussvr/api,1.2,1.72,6.2,4.8,107,,25.6,,,,,,,,OK,448145d53c6d33acfb196fb2d95c24b374ce9e5f
2026-10-01T17:00:00Z,2026-10-01T17:22:49Z,BOYA,2630,Boya de Valencia,39.51,0.2,54.9,Puertos del Estado · red de boyas REDEXT,https://portus.puertos.es/portussvr/api,1.05,1.66,4.49,3.91,50,56,25.34,,,,,,,,OK,1020b6362b01c409e727812143d9304693866dbb
2026-10-01T17:00:00Z,2026-10-01T17:22:49Z,BOYA,2720,Boya de Tarragona,40.69,1.47,145.2,Puertos del Estado · red de boyas REDEXT,https://portus.puertos.es/portussvr/api,1.64,3.03,7.23,4.69,66,65,26.2,,,,,,,,OK,1020b6362b01c409e727812143d9304693866dbb
2026-10-01T17:10:00Z,2026-10-01T17:22:49Z,VIENTO,4660,Estación Meteorológica de Castellón Mistral,39.97736,0.02505,1.0,Puertos del Estado · estaciones meteorológicas REMPOR,https://portus.puertos.es/portussvr/api,,,,,,,,,7.5,27.0,10.6,38.2,22,23.4,OK,1020b6362b01c409e727812143d9304693866dbb
2026-10-01T17:21:00Z,2026-10-01T17:22:49Z,MAREOGRAFO,3655,Mareografo de Sagunto,39.63392,-0.20624,43.9,Puertos del Estado · mareógrafo,https://portus.puertos.es/portussvr/api,,,,,,,,0.097,,,,,,,OK,1020b6362b01c409e727812143d9304693866dbb
2026-10-01T18:00:00Z,2026-10-01T19:22:43Z,BOYA,1712,Boya de Tarragona,41.07,1.19,155.5,Puertos del Estado · red de boyas REDEXT,https://portus.puertos.es/portussvr/api,1.18,1.94,6.1,4.5,106,,25.9,,,,,,,,OK,f555d7fc804e5e5da8242364c7cd342a8fa77c58
2026-10-01T18:00:00Z,2026-10-01T18:27:38Z,BOYA,2630,Boya de Valencia,39.51,0.2,54.9,Puertos del Estado · red de boyas REDEXT,https://portus.puertos.es/portussvr/api,1.05,1.53,4.69,3.91,50,48,25.33,,,,,,,,OK,448145d53c6d33acfb196fb2d95c24b374ce9e5f
2026-10-01T18:00:00Z,2026-10-01T18:27:38Z,BOYA,2720,Boya de Tarragona,40.69,1.47,145.2,Puertos del Estado · red de boyas REDEXT,https://portus.puertos.es/portussvr/api,1.76,2.69,7.23,4.84,60,48,26.27,,,,,,,,OK,448145d53c6d33acfb196fb2d95c24b374ce9e5f
2026-10-01T18:10:00Z,2026-10-01T18:27:38Z,VIENTO,4660,Estación Meteorológica de Castellón Mistral,39.97736,0.02505,1.0,Puertos del Estado · estaciones meteorológicas REMPOR,https://portus.puertos.es/portussvr/api,,,,,,,,,3.3,11.9,5.6,20.2,5,23.8,OK,448145d53c6d33acfb196fb2d95c24b374ce9e5f
2026-10-01T18:26:00Z,2026-10-01T18:27:38Z,MAREOGRAFO,3655,Mareografo de Sagunto,39.63392,-0.20624,43.9,Puertos del Estado · mareógrafo,https://portus.puertos.es/portussvr/api,,,,,,,,0.074,,,,,,,OK,448145d53c6d33acfb196fb2d95c24b374ce9e5f
2026-10-01T19:00:00Z,2026-10-01T20:23:57Z,BOYA,1712,Boya de Tarragona,41.07,1.19,155.5,Puertos del Estado · red de boyas REDEXT,https://portus.puertos.es/portussvr/api,1.15,2.04,5.5,4.2,107,,26.3,,,,,,,,OK,bd018d6da5c0750ef8dc1b0ec2fd007421fb3ad2
2026-10-01T19:00:00Z,2026-10-01T19:22:43Z,BOYA,2630,Boya de Valencia,39.51,0.2,54.9,Puertos del Estado · red de boyas REDEXT,https://portus.puertos.es/portussvr/api,1.17,1.5,5.08,3.91,42,37,25.3,,,,,,,,OK,f555d7fc804e5e5da8242364c7cd342a8fa77c58
2026-10-01T19:00:00Z,2026-10-01T19:22:43Z,BOYA,2720,Boya de Tarragona,40.69,1.47,145.2,Puertos del Estado · red de boyas REDEXT,https://portus.puertos.es/portussvr/api,1.76,2.25,6.45,4.84,61,45,26.33,,,,,,,,OK,f555d7fc804e5e5da8242364c7cd342a8fa77c58
2026-10-01T19:10:00Z,2026-10-01T19:22:43Z,VIENTO,4660,Estación Meteorológica de Castellón Mistral,39.97736,0.02505,1.0,Puertos del Estado · estaciones meteorológicas REMPOR,https://portus.puertos.es/portussvr/api,,,,,,,,,5.9,21.2,8.1,29.2,23,24.2,OK,f555d7fc804e5e5da8242364c7cd342a8fa77c58
2026-10-01T19:21:00Z,2026-10-01T19:22:43Z,MAREOGRAFO,3655,Mareografo de Sagunto,39.63392,-0.20624,43.9,Puertos del Estado · mareógrafo,https://portus.puertos.es/portussvr/api,,,,,,,,0.119,,,,,,,OK,f555d7fc804e5e5da8242364c7cd342a8fa77c58
2026-10-01T20:00:00Z,2026-10-01T21:22:04Z,BOYA,1712,Boya de Tarragona,41.07,1.19,155.5,Puertos del Estado · red de boyas REDEXT,https://portus.puertos.es/portussvr/api,1.23,2.24,5.7,4.3,108,,26.3,,,,,,,,OK,f6c46203ca58bda8e2760458e573f2451dd26a1b
2026-10-01T20:00:00Z,2026-10-01T20:23:57Z,BOYA,2630,Boya de Valencia,39.51,0.2,54.9,Puertos del Estado · red de boyas REDEXT,https://portus.puertos.es/portussvr/api,1.29,1.72,4.88,4.22,41,25,25.28,,,,,,,,OK,bd018d6da5c0750ef8dc1b0ec2fd007421fb3ad2
2026-10-01T20:00:00Z,2026-10-01T20:23:57Z,BOYA,2720,Boya de Tarragona,40.69,1.47,145.2,Puertos del Estado · red de boyas REDEXT,https://portus.puertos.es/portussvr/api,1.64,2.94,6.64,4.84,64,42,26.34,,,,,,,,OK,bd018d6da5c0750ef8dc1b0ec2fd007421fb3ad2
2026-10-01T20:10:00Z,2026-10-01T20:23:57Z,VIENTO,4660,Estación Meteorológica de Castellón Mistral,39.97736,0.02505,1.0,Puertos del Estado · estaciones meteorológicas REMPOR,https://portus.puertos.es/portussvr/api,,,,,,,,,4.8,17.3,6.4,23.0,12,23.4,OK,bd018d6da5c0750ef8dc1b0ec2fd007421fb3ad2
2026-10-01T20:22:00Z,2026-10-01T20:23:57Z,MAREOGRAFO,3655,Mareografo de Sagunto,39.63392,-0.20624,43.9,Puertos del Estado · mareógrafo,https://portus.puertos.es/portussvr/api,,,,,,,,0.043,,,,,,,OK,bd018d6da5c0750ef8dc1b0ec2fd007421fb3ad2
2026-10-01T21:00:00Z,2026-10-01T22:20:34Z,BOYA,1712,Boya de Tarragona,41.07,1.19,155.5,Puertos del Estado · red de boyas REDEXT,https://portus.puertos.es/portussvr/api,1.34,2.54,5.5,4.3,107,,26.4,,,,,,,,OK,de52e02ec1f463d273f431f6b15a18b37b58031d
2026-10-01T21:00:00Z,2026-10-01T21:22:04Z,BOYA,2630,Boya de Valencia,39.51,0.2,54.9,Puertos del Estado · red de boyas REDEXT,https://portus.puertos.es/portussvr/api,1.29,1.88,4.88,4.38,37,28,25.27,,,,,,,,OK,f6c46203ca58bda8e2760458e573f2451dd26a1b
2026-10-01T21:00:00Z,2026-10-01T21:22:04Z,BOYA,2720,Boya de Tarragona,40.69,1.47,145.2,Puertos del Estado · red de boyas REDEXT,https://portus.puertos.es/portussvr/api,1.88,3.03,6.64,4.84,64,45,26.31,,,,,,,,OK,f6c46203ca58bda8e2760458e573f2451dd26a1b
2026-10-01T21:10:00Z,2026-10-01T21:22:04Z,VIENTO,4660,Estación Meteorológica de Castellón Mistral,39.97736,0.02505,1.0,Puertos del Estado · estaciones meteorológicas REMPOR,https://portus.puertos.es/portussvr/api,,,,,,,,,2.4,8.6,3.6,13.0,263,22.2,OK,f6c46203ca58bda8e2760458e573f2451dd26a1b
2026-10-01T21:20:00Z,2026-10-01T21:22:04Z,MAREOGRAFO,3655,Mareografo de Sagunto,39.63392,-0.20624,43.9,Puertos del Estado · mareógrafo,https://portus.puertos.es/portussvr/api,,,,,,,,0.1,,,,,,,OK,f6c46203ca58bda8e2760458e573f2451dd26a1b
2026-10-01T22:00:00Z,2026-10-01T23:19:09Z,BOYA,1712,Boya de Tarragona,41.07,1.19,155.5,Puertos del Estado · red de boyas REDEXT,https://portus.puertos.es/portussvr/api,1.25,2.06,5.8,4.4,109,,26.3,,,,,,,,OK,c9348b52883711038aa3eaccb3cd84c044a7655f
2026-10-01T22:00:00Z,2026-10-01T22:20:34Z,BOYA,2630,Boya de Valencia,39.51,0.2,54.9,Puertos del Estado · red de boyas REDEXT,https://portus.puertos.es/portussvr/api,1.41,2.13,7.03,4.84,39,51,25.26,,,,,,,,OK,de52e02ec1f463d273f431f6b15a18b37b58031d
2026-10-01T22:00:00Z,2026-10-01T22:20:34Z,BOYA,2720,Boya de Tarragona,40.69,1.47,145.2,Puertos del Estado · red de boyas REDEXT,https://portus.puertos.es/portussvr/api,1.88,2.81,6.64,4.84,64,48,26.28,,,,,,,,OK,de52e02ec1f463d273f431f6b15a18b37b58031d
2026-10-01T22:10:00Z,2026-10-01T22:20:34Z,VIENTO,4660,Estación Meteorológica de Castellón Mistral,39.97736,0.02505,1.0,Puertos del Estado · estaciones meteorológicas REMPOR,https://portus.puertos.es/portussvr/api,,,,,,,,,2.1,7.6,3.9,14.0,294,21.7,OK,de52e02ec1f463d273f431f6b15a18b37b58031d
2026-10-01T22:19:00Z,2026-10-01T22:20:34Z,MAREOGRAFO,3655,Mareografo de Sagunto,39.63392,-0.20624,43.9,Puertos del Estado · mareógrafo,https://portus.puertos.es/portussvr/api,,,,,,,,0.088,,,,,,,OK,de52e02ec1f463d273f431f6b15a18b37b58031d
2026-10-01T23:00:00Z,2026-10-02T00:30:12Z,BOYA,1712,Boya de Tarragona,41.07,1.19,155.5,Puertos del Estado · red de boyas REDEXT,https://portus.puertos.es/portussvr/api,1.23,2.22,5.5,4.3,109,,26.2,,,,,,,,OK,1fc7b75180d01516daac2d78dfaacedc6f608484
2026-10-01T23:00:00Z,2026-10-01T23:19:09Z,BOYA,2630,Boya de Valencia,39.51,0.2,54.9,Puertos del Estado · red de boyas REDEXT,https://portus.puertos.es/portussvr/api,1.41,2.34,7.23,5.0,47,51,25.26,,,,,,,,OK,c9348b52883711038aa3eaccb3cd84c044a7655f
2026-10-01T23:00:00Z,2026-10-01T23:19:09Z,BOYA,2720,Boya de Tarragona,40.69,1.47,145.2,Puertos del Estado · red de boyas REDEXT,https://portus.puertos.es/portussvr/api,1.99,3.22,6.45,5.0,63,51,26.27,,,,,,,,OK,c9348b52883711038aa3eaccb3cd84c044a7655f
2026-10-01T23:00:00Z,2026-10-01T23:19:09Z,VIENTO,4660,Estación Meteorológica de Castellón Mistral,39.97736,0.02505,1.0,Puertos del Estado · estaciones meteorológicas REMPOR,https://portus.puertos.es/portussvr/api,,,,,,,,,6.9,24.8,11.2,40.3,4,21.3,OK,c9348b52883711038aa3eaccb3cd84c044a7655f
2026-10-01T23:17:00Z,2026-10-01T23:19:09Z,MAREOGRAFO,3655,Mareografo de Sagunto,39.63392,-0.20624,43.9,Puertos del Estado · mareógrafo,https://portus.puertos.es/portussvr/api,,,,,,,,0.099,,,,,,,OK,c9348b52883711038aa3eaccb3cd84c044a7655f
2026-10-02T00:00:00Z,2026-10-02T01:22:08Z,BOYA,1712,Boya de Tarragona,41.07,1.19,155.5,Puertos del Estado · red de boyas REDEXT,https://portus.puertos.es/portussvr/api,1.26,2.17,5.6,4.4,108,,26.3,,,,,,,,OK,eeed1d8d30898194a8615991654c925690d05d37
2026-10-02T00:00:00Z,2026-10-02T00:30:12Z,BOYA,2630,Boya de Valencia,39.51,0.2,54.9,Puertos del Estado · red de boyas REDEXT,https://portus.puertos.es/portussvr/api,1.29,1.97,7.03,4.69,51,51,25.26,,,,,,,,OK,1fc7b75180d01516daac2d78dfaacedc6f608484
2026-10-02T00:00:00Z,2026-10-02T00:30:12Z,BOYA,2720,Boya de Tarragona,40.69,1.47,145.2,Puertos del Estado · red de boyas REDEXT,https://portus.puertos.es/portussvr/api,2.23,3.13,6.84,5.16,65,56,26.25,,,,,,,,OK,1fc7b75180d01516daac2d78dfaacedc6f608484
2026-10-02T00:20:00Z,2026-10-02T00:30:12Z,VIENTO,4660,Estación Meteorológica de Castellón Mistral,39.97736,0.02505,1.0,Puertos del Estado · estaciones meteorológicas REMPOR,https://portus.puertos.es/portussvr/api,,,,,,,,,5.5,19.8,9.0,32.4,11,21.5,OK,1fc7b75180d01516daac2d78dfaacedc6f608484
2026-10-02T00:28:00Z,2026-10-02T00:30:12Z,MAREOGRAFO,3655,Mareografo de Sagunto,39.63392,-0.20624,43.9,Puertos del Estado · mareógrafo,https://portus.puertos.es/portussvr/api,,,,,,,,0.103,,,,,,,OK,1fc7b75180d01516daac2d78dfaacedc6f608484
2026-10-02T01:00:00Z,2026-10-02T02:21:47Z,BOYA,1712,Boya de Tarragona,41.07,1.19,155.5,Puertos del Estado · red de boyas REDEXT,https://portus.puertos.es/portussvr/api,1.18,2.18,5.7,4.5,108,,26.3,,,,,,,,OK,172520d71f6a22c5eec98f8bc54104cd517ec5c8
2026-10-02T01:00:00Z,2026-10-02T01:22:08Z,BOYA,2630,Boya de Valencia,39.51,0.2,54.9,Puertos del Estado · red de boyas REDEXT,https://portus.puertos.es/portussvr/api,1.76,2.44,6.84,4.38,29,31,25.16,,,,,,,,OK,eeed1d8d30898194a8615991654c925690d05d37
2026-10-02T01:00:00Z,2026-10-02T01:22:08Z,BOYA,2720,Boya de Tarragona,40.69,1.47,145.2,Puertos del Estado · red de boyas REDEXT,https://portus.puertos.es/portussvr/api,2.34,3.41,7.23,5.16,59,62,26.22,,,,,,,,OK,eeed1d8d30898194a8615991654c925690d05d37
2026-10-02T01:10:00Z,2026-10-02T01:22:08Z,VIENTO,4660,Estación Meteorológica de Castellón Mistral,39.97736,0.02505,1.0,Puertos del Estado · estaciones meteorológicas REMPOR,https://portus.puertos.es/portussvr/api,,,,,,,,,3.5,12.6,6.4,23.0,18,22.6,OK,eeed1d8d30898194a8615991654c925690d05d37
2026-10-02T01:21:00Z,2026-10-02T01:22:08Z,MAREOGRAFO,3655,Mareografo de Sagunto,39.63392,-0.20624,43.9,Puertos del Estado · mareógrafo,https://portus.puertos.es/portussvr/api,,,,,,,,0.125,,,,,,,OK,eeed1d8d30898194a8615991654c925690d05d37
2026-10-02T02:00:00Z,2026-10-02T03:22:43Z,BOYA,1712,Boya de Tarragona,41.07,1.19,155.5,Puertos del Estado · red de boyas REDEXT,https://portus.puertos.es/portussvr/api,1.12,1.53,6.2,4.6,109,,26.2,,,,,,,,OK,90a2c9a83e34483a9e0a88fd7673a93c699ac35f
2026-10-02T02:00:00Z,2026-10-02T02:21:47Z,BOYA,2630,Boya de Valencia,39.51,0.2,54.9,Puertos del Estado · red de boyas REDEXT,https://portus.puertos.es/portussvr/api,1.52,2.72,7.23,4.53,43,48,25.11,,,,,,,,OK,172520d71f6a22c5eec98f8bc54104cd517ec5c8
2026-10-02T02:00:00Z,2026-10-02T02:21:47Z,BOYA,2720,Boya de Tarragona,40.69,1.47,145.2,Puertos del Estado · red de boyas REDEXT,https://portus.puertos.es/portussvr/api,2.34,3.38,6.64,5.16,62,59,26.2,,,,,,,,OK,172520d71f6a22c5eec98f8bc54104cd517ec5c8
2026-10-02T02:10:00Z,2026-10-02T02:21:47Z,VIENTO,4660,Estación Meteorológica de Castellón Mistral,39.97736,0.02505,1.0,Puertos del Estado · estaciones meteorológicas REMPOR,https://portus.puertos.es/portussvr/api,,,,,,,,,4.7,16.9,6.4,23.0,15,21.8,OK,172520d71f6a22c5eec98f8bc54104cd517ec5c8
2026-10-02T02:20:00Z,2026-10-02T02:21:47Z,MAREOGRAFO,3655,Mareografo de Sagunto,39.63392,-0.20624,43.9,Puertos del Estado · mareógrafo,https://portus.puertos.es/portussvr/api,,,,,,,,0.06,,,,,,,OK,172520d71f6a22c5eec98f8bc54104cd517ec5c8
2026-10-02T03:00:00Z,2026-10-02T04:23:16Z,BOYA,1712,Boya de Tarragona,41.07,1.19,155.5,Puertos del Estado · red de boyas REDEXT,https://portus.puertos.es/portussvr/api,1.05,1.66,6.0,4.4,110,,26.1,,,,,,,,OK,5f6bf90b754e87d0b0220c937a3f9ed21e911773
2026-10-02T03:00:00Z,2026-10-02T03:22:43Z,BOYA,2630,Boya de Valencia,39.51,0.2,54.9,Puertos del Estado · red de boyas REDEXT,https://portus.puertos.es/portussvr/api,1.41,2.41,6.64,4.53,56,51,25.1,,,,,,,,OK,90a2c9a83e34483a9e0a88fd7673a93c699ac35f
2026-10-02T03:00:00Z,2026-10-02T03:22:43Z,BOYA,2720,Boya de Tarragona,40.69,1.47,145.2,Puertos del Estado · red de boyas REDEXT,https://portus.puertos.es/portussvr/api,2.11,3.59,7.03,5.16,62,56,26.19,,,,,,,,OK,90a2c9a83e34483a9e0a88fd7673a93c699ac35f
2026-10-02T03:10:00Z,2026-10-02T03:22:43Z,VIENTO,4660,Estación Meteorológica de Castellón Mistral,39.97736,0.02505,1.0,Puertos del Estado · estaciones meteorológicas REMPOR,https://portus.puertos.es/portussvr/api,,,,,,,,,1.1,4.0,1.7,6.1,288,21.1,OK,90a2c9a83e34483a9e0a88fd7673a93c699ac35f
2026-10-02T03:21:00Z,2026-10-02T03:22:43Z,MAREOGRAFO,3655,Mareografo de Sagunto,39.63392,-0.20624,43.9,Puertos del Estado · mareógrafo,https://portus.puertos.es/portussvr/api,,,,,,,,0.086,,,,,,,OK,90a2c9a83e34483a9e0a88fd7673a93c699ac35f
2026-10-02T04:00:00Z,2026-10-02T05:22:08Z,BOYA,1712,Boya de Tarragona,41.07,1.19,155.5,Puertos del Estado · red de boyas REDEXT,https://portus.puertos.es/portussvr/api,0.97,1.62,6.2,4.3,109,,26.0,,,,,,,,OK,88f53416b903e145bae5c130add4c6a2856d0ef0
2026-10-02T04:00:00Z,2026-10-02T04:23:16Z,BOYA,2630,Boya de Valencia,39.51,0.2,54.9,Puertos del Estado · red de boyas REDEXT,https://portus.puertos.es/portussvr/api,1.52,2.28,6.84,4.53,61,51,25.0,,,,,,,,OK,5f6bf90b754e87d0b0220c937a3f9ed21e911773
2026-10-02T04:00:00Z,2026-10-02T04:23:16Z,BOYA,2720,Boya de Tarragona,40.69,1.47,145.2,Puertos del Estado · red de boyas REDEXT,https://portus.puertos.es/portussvr/api,2.11,3.06,6.84,5.0,66,76,26.15,,,,,,,,OK,5f6bf90b754e87d0b0220c937a3f9ed21e911773
2026-10-02T04:10:00Z,2026-10-02T04:23:16Z,VIENTO,4660,Estación Meteorológica de Castellón Mistral,39.97736,0.02505,1.0,Puertos del Estado · estaciones meteorológicas REMPOR,https://portus.puertos.es/portussvr/api,,,,,,,,,2.7,9.7,4.5,16.2,19,22.6,OK,5f6bf90b754e87d0b0220c937a3f9ed21e911773
2026-10-02T04:22:00Z,2026-10-02T04:23:16Z,MAREOGRAFO,3655,Mareografo de Sagunto,39.63392,-0.20624,43.9,Puertos del Estado · mareógrafo,https://portus.puertos.es/portussvr/api,,,,,,,,0.095,,,,,,,OK,5f6bf90b754e87d0b0220c937a3f9ed21e911773
2026-10-02T05:00:00Z,2026-10-02T06:27:37Z,BOYA,1712,Boya de Tarragona,41.07,1.19,155.5,Puertos del Estado · red de boyas REDEXT,https://portus.puertos.es/portussvr/api,0.99,1.69,5.4,4.2,109,,26.1,,,,,,,,OK,9f7c7ec939b1a369186099dcdefd0668f639631b
2026-10-02T05:00:00Z,2026-10-02T05:22:08Z,BOYA,2630,Boya de Valencia,39.51,0.2,54.9,Puertos del Estado · red de boyas REDEXT,https://portus.puertos.es/portussvr/api,1.64,2.56,7.23,4.84,57,53,25.0,,,,,,,,OK,88f53416b903e145bae5c130add4c6a2856d0ef0
2026-10-02T05:00:00Z,2026-10-02T05:22:08Z,BOYA,2720,Boya de Tarragona,40.69,1.47,145.2,Puertos del Estado · red de boyas REDEXT,https://portus.puertos.es/portussvr/api,1.99,3.81,7.23,5.0,66,65,26.14,,,,,,,,OK,88f53416b903e145bae5c130add4c6a2856d0ef0
2026-10-02T05:10:00Z,2026-10-02T05:22:08Z,VIENTO,4660,Estación Meteorológica de Castellón Mistral,39.97736,0.02505,1.0,Puertos del Estado · estaciones meteorológicas REMPOR,https://portus.puertos.es/portussvr/api,,,,,,,,,2.3,8.3,5.6,20.2,79,21.6,OK,88f53416b903e145bae5c130add4c6a2856d0ef0
2026-10-02T05:21:00Z,2026-10-02T05:22:08Z,MAREOGRAFO,3655,Mareografo de Sagunto,39.63392,-0.20624,43.9,Puertos del Estado · mareógrafo,https://portus.puertos.es/portussvr/api,,,,,,,,0.12,,,,,,,OK,88f53416b903e145bae5c130add4c6a2856d0ef0
2026-10-02T06:00:00Z,2026-10-02T07:24:16Z,BOYA,1712,Boya de Tarragona,41.07,1.19,155.5,Puertos del Estado · red de boyas REDEXT,https://portus.puertos.es/portussvr/api,0.94,1.54,6.4,4.3,109,,26.1,,,,,,,,OK,1defaeb716c584c8daecf8f0150fdbd33477ccc1
2026-10-02T06:00:00Z,2026-10-02T06:27:37Z,BOYA,2630,Boya de Valencia,39.51,0.2,54.9,Puertos del Estado · red de boyas REDEXT,https://portus.puertos.es/portussvr/api,1.88,3.0,7.03,4.84,62,51,24.99,,,,,,,,OK,9f7c7ec939b1a369186099dcdefd0668f639631b
2026-10-02T06:00:00Z,2026-10-02T06:27:37Z,BOYA,2720,Boya de Tarragona,40.69,1.47,145.2,Puertos del Estado · red de boyas REDEXT,https://portus.puertos.es/portussvr/api,1.88,2.69,6.84,4.84,71,76,26.11,,,,,,,,OK,9f7c7ec939b1a369186099dcdefd0668f639631b
2026-10-02T06:10:00Z,2026-10-02T06:27:37Z,VIENTO,4660,Estación Meteorológica de Castellón Mistral,39.97736,0.02505,1.0,Puertos del Estado · estaciones meteorológicas REMPOR,https://portus.puertos.es/portussvr/api,,,,,,,,,1.5,5.4,2.2,7.9,278,20.2,OK,9f7c7ec939b1a369186099dcdefd0668f639631b
2026-10-02T06:26:00Z,2026-10-02T06:27:37Z,MAREOGRAFO,3655,Mareografo de Sagunto,39.63392,-0.20624,43.9,Puertos del Estado · mareógrafo,https://portus.puertos.es/portussvr/api,,,,,,,,0.107,,,,,,,OK,9f7c7ec939b1a369186099dcdefd0668f639631b
2026-10-02T07:00:00Z,2026-10-02T08:25:09Z,BOYA,1712,Boya de Tarragona,41.07,1.19,155.5,Puertos del Estado · red de boyas REDEXT,https://portus.puertos.es/portussvr/api,0.99,1.61,5.4,4.0,109,,26.1,,,,,,,,OK,01e3c1c2b89c963043db6f31ed8627468dedbfab
2026-10-02T07:00:00Z,2026-10-02T07:24:16Z,BOYA,2630,Boya de Valencia,39.51,0.2,54.9,Puertos del Estado · red de boyas REDEXT,https://portus.puertos.es/portussvr/api,1.88,2.69,7.03,5.0,59,48,24.94,,,,,,,,OK,1defaeb716c584c8daecf8f0150fdbd33477ccc1
2026-10-02T07:00:00Z,2026-10-02T07:24:16Z,BOYA,2720,Boya de Tarragona,40.69,1.47,145.2,Puertos del Estado · red de boyas REDEXT,https://portus.puertos.es/portussvr/api,1.88,2.84,6.45,4.84,68,59,26.11,,,,,,,,OK,1defaeb716c584c8daecf8f0150fdbd33477ccc1
2026-10-02T07:10:00Z,2026-10-02T07:24:16Z,VIENTO,4660,Estación Meteorológica de Castellón Mistral,39.97736,0.02505,1.0,Puertos del Estado · estaciones meteorológicas REMPOR,https://portus.puertos.es/portussvr/api,,,,,,,,,0.9,3.2,1.4,5.0,284,20.5,OK,1defaeb716c584c8daecf8f0150fdbd33477ccc1
2026-10-02T07:23:00Z,2026-10-02T07:24:16Z,MAREOGRAFO,3655,Mareografo de Sagunto,39.63392,-0.20624,43.9,Puertos del Estado · mareógrafo,https://portus.puertos.es/portussvr/api,,,,,,,,0.075,,,,,,,OK,1defaeb716c584c8daecf8f0150fdbd33477ccc1
2026-10-02T08:00:00Z,2026-10-02T09:24:10Z,BOYA,1712,Boya de Tarragona,41.07,1.19,155.5,Puertos del Estado · red de boyas REDEXT,https://portus.puertos.es/portussvr/api,0.99,2.03,6.4,4.2,108,,26.1,,,,,,,,OK,922342d0b35dcdffeedec02bdd0c45a94b2822c7
2026-10-02T08:00:00Z,2026-10-02T08:25:09Z,BOYA,2630,Boya de Valencia,39.51,0.2,54.9,Puertos del Estado · red de boyas REDEXT,https://portus.puertos.es/portussvr/api,1.88,2.97,7.03,5.31,60,45,24.84,,,,,,,,OK,01e3c1c2b89c963043db6f31ed8627468dedbfab
2026-10-02T08:00:00Z,2026-10-02T08:25:09Z,BOYA,2720,Boya de Tarragona,40.69,1.47,145.2,Puertos del Estado · red de boyas REDEXT,https://portus.puertos.es/portussvr/api,1.76,2.41,6.45,4.69,68,68,26.1,,,,,,,,OK,01e3c1c2b89c963043db6f31ed8627468dedbfab
2026-10-02T08:10:00Z,2026-10-02T08:25:09Z,VIENTO,4660,Estación Meteorológica de Castellón Mistral,39.97736,0.02505,1.0,Puertos del Estado · estaciones meteorológicas REMPOR,https://portus.puertos.es/portussvr/api,,,,,,,,,1.7,6.1,5.6,20.2,160,20.4,OK,01e3c1c2b89c963043db6f31ed8627468dedbfab
2026-10-02T08:24:00Z,2026-10-02T08:25:09Z,MAREOGRAFO,3655,Mareografo de Sagunto,39.63392,-0.20624,43.9,Puertos del Estado · mareógrafo,https://portus.puertos.es/portussvr/api,,,,,,,,0.131,,,,,,,OK,01e3c1c2b89c963043db6f31ed8627468dedbfab
2026-10-02T09:00:00Z,2026-10-02T10:22:22Z,BOYA,1712,Boya de Tarragona,41.07,1.19,155.5,Puertos del Estado · red de boyas REDEXT,https://portus.puertos.es/portussvr/api,0.91,1.44,6.1,4.0,111,,26.1,,,,,,,,OK,c3c6d206dfe50050710ef173dee916ceb9cb0dd9
2026-10-02T09:00:00Z,2026-10-02T09:24:10Z,BOYA,2630,Boya de Valencia,39.51,0.2,54.9,Puertos del Estado · red de boyas REDEXT,https://portus.puertos.es/portussvr/api,1.64,2.34,7.23,5.31,60,53,24.82,,,,,,,,OK,922342d0b35dcdffeedec02bdd0c45a94b2822c7
2026-10-02T09:00:00Z,2026-10-02T09:24:10Z,BOYA,2720,Boya de Tarragona,40.69,1.47,145.2,Puertos del Estado · red de boyas REDEXT,https://portus.puertos.es/portussvr/api,1.52,2.19,6.25,4.53,65,62,26.09,,,,,,,,OK,922342d0b35dcdffeedec02bdd0c45a94b2822c7
2026-10-02T09:10:00Z,2026-10-02T09:24:10Z,VIENTO,4660,Estación Meteorológica de Castellón Mistral,39.97736,0.02505,1.0,Puertos del Estado · estaciones meteorológicas REMPOR,https://portus.puertos.es/portussvr/api,,,,,,,,,1.7,6.1,3.1,11.2,343,20.8,OK,922342d0b35dcdffeedec02bdd0c45a94b2822c7
2026-10-02T09:22:00Z,2026-10-02T09:24:10Z,MAREOGRAFO,3655,Mareografo de Sagunto,39.63392,-0.20624,43.9,Puertos del Estado · mareógrafo,https://portus.puertos.es/portussvr/api,,,,,,,,0.146,,,,,,,OK,922342d0b35dcdffeedec02bdd0c45a94b2822c7
2026-10-02T10:00:00Z,2026-10-02T11:21:59Z,BOYA,1712,Boya de Tarragona,41.07,1.19,155.5,Puertos del Estado · red de boyas REDEXT,https://portus.puertos.es/portussvr/api,1.0,1.96,5.6,4.1,115,,26.0,,,,,,,,OK,a0b43ba6ef5b13f92962b9d3e890f1c2fc039c36
2026-10-02T10:00:00Z,2026-10-02T10:22:22Z,BOYA,2630,Boya de Valencia,39.51,0.2,54.9,Puertos del Estado · red de boyas REDEXT,https://portus.puertos.es/portussvr/api,1.52,2.59,7.23,5.16,56,65,24.8,,,,,,,,OK,c3c6d206dfe50050710ef173dee916ceb9cb0dd9
2026-10-02T10:00:00Z,2026-10-02T10:22:22Z,BOYA,2720,Boya de Tarragona,40.69,1.47,145.2,Puertos del Estado · red de boyas REDEXT,https://portus.puertos.es/portussvr/api,1.52,2.5,6.45,4.69,67,73,26.09,,,,,,,,OK,c3c6d206dfe50050710ef173dee916ceb9cb0dd9
2026-10-02T10:10:00Z,2026-10-02T10:22:22Z,VIENTO,4660,Estación Meteorológica de Castellón Mistral,39.97736,0.02505,1.0,Puertos del Estado · estaciones meteorológicas REMPOR,https://portus.puertos.es/portussvr/api,,,,,,,,,0.8,2.9,1.7,6.1,281,21.0,OK,c3c6d206dfe50050710ef173dee916ceb9cb0dd9
2026-10-02T10:21:00Z,2026-10-02T10:22:22Z,MAREOGRAFO,3655,Mareografo de Sagunto,39.63392,-0.20624,43.9,Puertos del Estado · mareógrafo,https://portus.puertos.es/portussvr/api,,,,,,,,0.197,,,,,,,OK,c3c6d206dfe50050710ef173dee916ceb9cb0dd9
2026-10-02T11:00:00Z,2026-10-02T12:28:03Z,BOYA,1712,Boya de Tarragona,41.07,1.19,155.5,Puertos del Estado · red de boyas REDEXT,https://portus.puertos.es/portussvr/api,0.9,1.83,5.5,3.9,112,,26.1,,,,,,,,OK,36594cc56c7879525009fc4666973e4323815518
2026-10-02T11:00:00Z,2026-10-02T11:21:59Z,BOYA,2630,Boya de Valencia,39.51,0.2,54.9,Puertos del Estado · red de boyas REDEXT,https://portus.puertos.es/portussvr/api,1.52,2.44,7.62,5.0,58,42,24.81,,,,,,,,OK,a0b43ba6ef5b13f92962b9d3e890f1c2fc039c36
2026-10-02T11:00:00Z,2026-10-02T11:21:59Z,BOYA,2720,Boya de Tarragona,40.69,1.47,145.2,Puertos del Estado · red de boyas REDEXT,https://portus.puertos.es/portussvr/api,1.41,2.13,6.45,4.53,62,65,26.09,,,,,,,,OK,a0b43ba6ef5b13f92962b9d3e890f1c2fc039c36
2026-10-02T11:10:00Z,2026-10-02T11:21:59Z,VIENTO,4660,Estación Meteorológica de Castellón Mistral,39.97736,0.02505,1.0,Puertos del Estado · estaciones meteorológicas REMPOR,https://portus.puertos.es/portussvr/api,,,,,,,,,1.1,4.0,2.0,7.2,3,22.4,OK,a0b43ba6ef5b13f92962b9d3e890f1c2fc039c36
2026-10-02T11:20:00Z,2026-10-02T11:21:59Z,MAREOGRAFO,3655,Mareografo de Sagunto,39.63392,-0.20624,43.9,Puertos del Estado · mareógrafo,https://portus.puertos.es/portussvr/api,,,,,,,,0.183,,,,,,,OK,a0b43ba6ef5b13f92962b9d3e890f1c2fc039c36
2026-10-02T12:00:00Z,2026-10-02T13:24:16Z,BOYA,1712,Boya de Tarragona,41.07,1.19,155.5,Puertos del Estado · red de boyas REDEXT,https://portus.puertos.es/portussvr/api,0.97,1.55,5.7,4.0,111,,26.1,,,,,,,,OK,0f887ca6c9347a3c1de9d25a9311f0ad45c16adb
2026-10-02T12:00:00Z,2026-10-02T12:28:03Z,BOYA,2630,Boya de Valencia,39.51,0.2,54.9,Puertos del Estado · red de boyas REDEXT,https://portus.puertos.es/portussvr/api,1.41,2.28,7.42,5.0,61,70,24.82,,,,,,,,OK,36594cc56c7879525009fc4666973e4323815518
2026-10-02T12:00:00Z,2026-10-02T12:28:03Z,BOYA,2720,Boya de Tarragona,40.69,1.47,145.2,Puertos del Estado · red de boyas REDEXT,https://portus.puertos.es/portussvr/api,1.52,2.56,6.25,4.53,63,62,26.1,,,,,,,,OK,36594cc56c7879525009fc4666973e4323815518
2026-10-02T12:10:00Z,2026-10-02T12:28:03Z,VIENTO,4660,Estación Meteorológica de Castellón Mistral,39.97736,0.02505,1.0,Puertos del Estado · estaciones meteorológicas REMPOR,https://portus.puertos.es/portussvr/api,,,,,,,,,2.2,7.9,3.9,14.0,45,23.1,OK,36594cc56c7879525009fc4666973e4323815518
2026-10-02T12:26:00Z,2026-10-02T12:28:03Z,MAREOGRAFO,3655,Mareografo de Sagunto,39.63392,-0.20624,43.9,Puertos del Estado · mareógrafo,https://portus.puertos.es/portussvr/api,,,,,,,,0.15,,,,,,,OK,36594cc56c7879525009fc4666973e4323815518
2026-10-02T13:00:00Z,2026-10-02T14:25:47Z,BOYA,1712,Boya de Tarragona,41.07,1.19,155.5,Puertos del Estado · red de boyas REDEXT,https://portus.puertos.es/portussvr/api,0.94,1.73,5.9,3.9,111,,26.2,,,,,,,,OK,028b03b3afd8ca97dc3f9f45cbab38a4f5372004
2026-10-02T13:00:00Z,2026-10-02T13:24:16Z,BOYA,2630,Boya de Valencia,39.51,0.2,54.9,Puertos del Estado · red de boyas REDEXT,https://portus.puertos.es/portussvr/api,1.41,1.91,7.42,5.0,64,87,24.8,,,,,,,,OK,0f887ca6c9347a3c1de9d25a9311f0ad45c16adb
2026-10-02T13:00:00Z,2026-10-02T13:24:16Z,BOYA,2720,Boya de Tarragona,40.69,1.47,145.2,Puertos del Estado · red de boyas REDEXT,https://portus.puertos.es/portussvr/api,1.41,3.0,6.45,4.38,67,82,26.09,,,,,,,,OK,0f887ca6c9347a3c1de9d25a9311f0ad45c16adb
2026-10-02T13:10:00Z,2026-10-02T13:24:16Z,VIENTO,4660,Estación Meteorológica de Castellón Mistral,39.97736,0.02505,1.0,Puertos del Estado · estaciones meteorológicas REMPOR,https://portus.puertos.es/portussvr/api,,,,,,,,,4.8,17.3,6.2,22.3,40,23.1,OK,0f887ca6c9347a3c1de9d25a9311f0ad45c16adb
2026-10-02T13:23:00Z,2026-10-02T13:24:16Z,MAREOGRAFO,3655,Mareografo de Sagunto,39.63392,-0.20624,43.9,Puertos del Estado · mareógrafo,https://portus.puertos.es/portussvr/api,,,,,,,,0.106,,,,,,,OK,0f887ca6c9347a3c1de9d25a9311f0ad45c16adb
2026-10-02T14:00:00Z,2026-10-02T15:24:40Z,BOYA,1712,Boya de Tarragona,41.07,1.19,155.5,Puertos del Estado · red de boyas REDEXT,https://portus.puertos.es/portussvr/api,0.86,1.69,5.5,3.9,114,,26.2,,,,,,,,OK,b937e9c5613a219d7bb104c88ca0c43dd564475f
2026-10-02T14:00:00Z,2026-10-02T14:25:47Z,BOYA,2630,Boya de Valencia,39.51,0.2,54.9,Puertos del Estado · red de boyas REDEXT,https://portus.puertos.es/portussvr/api,1.41,2.28,7.03,4.84,59,73,24.94,,,,,,,,OK,028b03b3afd8ca97dc3f9f45cbab38a4f5372004
2026-10-02T14:00:00Z,2026-10-02T14:25:47Z,BOYA,2720,Boya de Tarragona,40.69,1.47,145.2,Puertos del Estado · red de boyas REDEXT,https://portus.puertos.es/portussvr/api,1.52,2.09,5.86,4.38,65,59,26.08,,,,,,,,OK,028b03b3afd8ca97dc3f9f45cbab38a4f5372004
2026-10-02T14:10:00Z,2026-10-02T14:25:47Z,VIENTO,4660,Estación Meteorológica de Castellón Mistral,39.97736,0.02505,1.0,Puertos del Estado · estaciones meteorológicas REMPOR,https://portus.puertos.es/portussvr/api,,,,,,,,,4.7,16.9,6.4,23.0,36,23.7,OK,028b03b3afd8ca97dc3f9f45cbab38a4f5372004
2026-10-02T14:24:00Z,2026-10-02T14:25:47Z,MAREOGRAFO,3655,Mareografo de Sagunto,39.63392,-0.20624,43.9,Puertos del Estado · mareógrafo,https://portus.puertos.es/portussvr/api,,,,,,,,0.148,,,,,,,OK,028b03b3afd8ca97dc3f9f45cbab38a4f5372004
2026-10-02T15:00:00Z,2026-10-02T16:23:21Z,BOYA,1712,Boya de Tarragona,41.07,1.19,155.5,Puertos del Estado · red de boyas REDEXT,https://portus.puertos.es/portussvr/api,0.79,1.37,6.5,3.9,113,,26.1,,,,,,,,OK,477eff5c7dd2232450b8bb245d8a3fcdbc8facc0
2026-10-02T15:00:00Z,2026-10-02T15:24:40Z,BOYA,2630,Boya de Valencia,39.51,0.2,54.9,Puertos del Estado · red de boyas REDEXT,https://portus.puertos.es/portussvr/api,1.41,2.19,6.45,4.53,57,51,24.97,,,,,,,,OK,b937e9c5613a219d7bb104c88ca0c43dd564475f
2026-10-02T15:00:00Z,2026-10-02T15:24:40Z,BOYA,2720,Boya de Tarragona,40.69,1.47,145.2,Puertos del Estado · red de boyas REDEXT,https://portus.puertos.es/portussvr/api,1.52,2.5,5.86,4.53,66,65,26.08,,,,,,,,OK,b937e9c5613a219d7bb104c88ca0c43dd564475f
2026-10-02T15:10:00Z,2026-10-02T15:24:40Z,VIENTO,4660,Estación Meteorológica de Castellón Mistral,39.97736,0.02505,1.0,Puertos del Estado · estaciones meteorológicas REMPOR,https://portus.puertos.es/portussvr/api,,,,,,,,,4.7,16.9,7.8,28.1,43,23.4,OK,b937e9c5613a219d7bb104c88ca0c43dd564475f
2026-10-02T15:23:00Z,2026-10-02T15:24:40Z,MAREOGRAFO,3655,Mareografo de Sagunto,39.63392,-0.20624,43.9,Puertos del Estado · mareógrafo,https://portus.puertos.es/portussvr/api,,,,,,,,0.18,,,,,,,OK,b937e9c5613a219d7bb104c88ca0c43dd564475f
2026-10-02T16:00:00Z,2026-10-02T17:22:59Z,BOYA,1712,Boya de Tarragona,41.07,1.19,155.5,Puertos del Estado · red de boyas REDEXT,https://portus.puertos.es/portussvr/api,0.81,1.48,6.2,4.0,114,,26.1,,,,,,,,OK,4095e7c20314ec014e98bed33538cdbf6e8c992c
2026-10-02T16:00:00Z,2026-10-02T16:23:21Z,BOYA,2630,Boya de Valencia,39.51,0.2,54.9,Puertos del Estado · red de boyas REDEXT,https://portus.puertos.es/portussvr/api,1.29,2.09,7.03,4.22,53,73,24.91,,,,,,,,OK,477eff5c7dd2232450b8bb245d8a3fcdbc8facc0
2026-10-02T16:00:00Z,2026-10-02T16:23:21Z,BOYA,2720,Boya de Tarragona,40.69,1.47,145.2,Puertos del Estado · red de boyas REDEXT,https://portus.puertos.es/portussvr/api,1.41,1.97,5.47,4.38,72,68,26.05,,,,,,,,OK,477eff5c7dd2232450b8bb245d8a3fcdbc8facc0
2026-10-02T16:10:00Z,2026-10-02T16:23:21Z,VIENTO,4660,Estación Meteorológica de Castellón Mistral,39.97736,0.02505,1.0,Puertos del Estado · estaciones meteorológicas REMPOR,https://portus.puertos.es/portussvr/api,,,,,,,,,6.4,23.0,7.8,28.1,40,23.4,OK,477eff5c7dd2232450b8bb245d8a3fcdbc8facc0
2026-10-02T16:22:00Z,2026-10-02T16:23:21Z,MAREOGRAFO,3655,Mareografo de Sagunto,39.63392,-0.20624,43.9,Puertos del Estado · mareógrafo,https://portus.puertos.es/portussvr/api,,,,,,,,0.111,,,,,,,OK,477eff5c7dd2232450b8bb245d8a3fcdbc8facc0
2026-10-02T17:00:00Z,2026-10-02T18:26:33Z,BOYA,1712,Boya de Tarragona,41.07,1.19,155.5,Puertos del Estado · red de boyas REDEXT,https://portus.puertos.es/portussvr/api,0.73,1.12,6.1,3.9,116,,26.1,,,,,,,,OK,820351297f85baa08a4da52c131e1acd1d5ea1a3
2026-10-02T17:00:00Z,2026-10-02T17:22:59Z,BOYA,2630,Boya de Valencia,39.51,0.2,54.9,Puertos del Estado · red de boyas REDEXT,https://portus.puertos.es/portussvr/api,1.17,1.69,6.05,4.22,54,56,24.83,,,,,,,,OK,4095e7c20314ec014e98bed33538cdbf6e8c992c
2026-10-02T17:00:00Z,2026-10-02T17:22:59Z,BOYA,2720,Boya de Tarragona,40.69,1.47,145.2,Puertos del Estado · red de boyas REDEXT,https://portus.puertos.es/portussvr/api,1.17,1.78,5.86,4.22,69,65,26.03,,,,,,,,OK,4095e7c20314ec014e98bed33538cdbf6e8c992c
2026-10-02T17:10:00Z,2026-10-02T17:22:59Z,VIENTO,4660,Estación Meteorológica de Castellón Mistral,39.97736,0.02505,1.0,Puertos del Estado · estaciones meteorológicas REMPOR,https://portus.puertos.es/portussvr/api,,,,,,,,,6.0,21.6,8.1,29.2,35,23.4,OK,4095e7c20314ec014e98bed33538cdbf6e8c992c
2026-10-02T17:21:00Z,2026-10-02T17:22:59Z,MAREOGRAFO,3655,Mareografo de Sagunto,39.63392,-0.20624,43.9,Puertos del Estado · mareógrafo,https://portus.puertos.es/portussvr/api,,,,,,,,0.138,,,,,,,OK,4095e7c20314ec014e98bed33538cdbf6e8c992c
2026-10-02T18:00:00Z,2026-10-02T19:22:57Z,BOYA,1712,Boya de Tarragona,41.07,1.19,155.5,Puertos del Estado · red de boyas REDEXT,https://portus.puertos.es/portussvr/api,0.69,1.23,6.8,4.1,118,,26.1,,,,,,,,OK,3a6a54710f72cb0733833e46414dcfbe2f00d09a
2026-10-02T18:00:00Z,2026-10-02T18:26:33Z,BOYA,2630,Boya de Valencia,39.51,0.2,54.9,Puertos del Estado · red de boyas REDEXT,https://portus.puertos.es/portussvr/api,1.29,2.31,6.84,4.38,58,73,24.89,,,,,,,,OK,820351297f85baa08a4da52c131e1acd1d5ea1a3
2026-10-02T18:00:00Z,2026-10-02T18:26:33Z,BOYA,2720,Boya de Tarragona,40.69,1.47,145.2,Puertos del Estado · red de boyas REDEXT,https://portus.puertos.es/portussvr/api,1.17,1.75,5.66,4.22,71,73,26.0,,,,,,,,OK,820351297f85baa08a4da52c131e1acd1d5ea1a3
2026-10-02T18:10:00Z,2026-10-02T18:26:33Z,VIENTO,4660,Estación Meteorológica de Castellón Mistral,39.97736,0.02505,1.0,Puertos del Estado · estaciones meteorológicas REMPOR,https://portus.puertos.es/portussvr/api,,,,,,,,,5.9,21.2,8.7,31.3,35,23.5,OK,820351297f85baa08a4da52c131e1acd1d5ea1a3
2026-10-02T18:25:00Z,2026-10-02T18:26:33Z,MAREOGRAFO,3655,Mareografo de Sagunto,39.63392,-0.20624,43.9,Puertos del Estado · mareógrafo,https://portus.puertos.es/portussvr/api,,,,,,,,0.115,,,,,,,OK,820351297f85baa08a4da52c131e1acd1d5ea1a3
2026-10-02T19:00:00Z,2026-10-02T20:21:14Z,BOYA,1712,Boya de Tarragona,41.07,1.19,155.5,Puertos del Estado · red de boyas REDEXT,https://portus.puertos.es/portussvr/api,0.64,1.07,6.6,4.1,118,,26.1,,,,,,,,OK,2ea5cd49e4c31399f6272e81634f6e962b87fdbf
2026-10-02T19:00:00Z,2026-10-02T19:22:57Z,BOYA,2630,Boya de Valencia,39.51,0.2,54.9,Puertos del Estado · red de boyas REDEXT,https://portus.puertos.es/portussvr/api,1.29,1.94,6.64,4.53,56,73,24.83,,,,,,,,OK,3a6a54710f72cb0733833e46414dcfbe2f00d09a
2026-10-02T19:00:00Z,2026-10-02T19:22:57Z,BOYA,2720,Boya de Tarragona,40.69,1.47,145.2,Puertos del Estado · red de boyas REDEXT,https://portus.puertos.es/portussvr/api,1.17,1.63,5.86,4.22,74,70,25.97,,,,,,,,OK,3a6a54710f72cb0733833e46414dcfbe2f00d09a
2026-10-02T19:10:00Z,2026-10-02T19:22:57Z,VIENTO,4660,Estación Meteorológica de Castellón Mistral,39.97736,0.02505,1.0,Puertos del Estado · estaciones meteorológicas REMPOR,https://portus.puertos.es/portussvr/api,,,,,,,,,4.6,16.6,6.4,23.0,21,23.0,OK,3a6a54710f72cb0733833e46414dcfbe2f00d09a
2026-10-02T19:21:00Z,2026-10-02T19:22:57Z,MAREOGRAFO,3655,Mareografo de Sagunto,39.63392,-0.20624,43.9,Puertos del Estado · mareógrafo,https://portus.puertos.es/portussvr/api,,,,,,,,0.112,,,,,,,OK,3a6a54710f72cb0733833e46414dcfbe2f00d09a
2026-10-02T20:00:00Z,2026-10-02T21:21:56Z,BOYA,1712,Boya de Tarragona,41.07,1.19,155.5,Puertos del Estado · red de boyas REDEXT,https://portus.puertos.es/portussvr/api,0.64,1.06,6.6,4.2,123,,26.1,,,,,,,,OK,9086a7b5d802a20e10d8c861eb38836a11972d4f
2026-10-02T20:00:00Z,2026-10-02T20:21:14Z,BOYA,2630,Boya de Valencia,39.51,0.2,54.9,Puertos del Estado · red de boyas REDEXT,https://portus.puertos.es/portussvr/api,1.17,2.34,7.03,4.38,60,79,24.86,,,,,,,,OK,2ea5cd49e4c31399f6272e81634f6e962b87fdbf
2026-10-02T20:00:00Z,2026-10-02T20:21:14Z,BOYA,2720,Boya de Tarragona,40.69,1.47,145.2,Puertos del Estado · red de boyas REDEXT,https://portus.puertos.es/portussvr/api,1.05,1.69,5.66,4.06,73,73,25.95,,,,,,,,OK,2ea5cd49e4c31399f6272e81634f6e962b87fdbf
2026-10-02T20:10:00Z,2026-10-02T20:21:14Z,VIENTO,4660,Estación Meteorológica de Castellón Mistral,39.97736,0.02505,1.0,Puertos del Estado · estaciones meteorológicas REMPOR,https://portus.puertos.es/portussvr/api,,,,,,,,,4.0,14.4,5.6,20.2,12,22.7,OK,2ea5cd49e4c31399f6272e81634f6e962b87fdbf
2026-10-02T20:20:00Z,2026-10-02T20:21:14Z,MAREOGRAFO,3655,Mareografo de Sagunto,39.63392,-0.20624,43.9,Puertos del Estado · mareógrafo,https://portus.puertos.es/portussvr/api,,,,,,,,0.112,,,,,,,OK,2ea5cd49e4c31399f6272e81634f6e962b87fdbf
2026-10-02T21:00:00Z,2026-10-02T22:21:28Z,BOYA,1712,Boya de Tarragona,41.07,1.19,155.5,Puertos del Estado · red de boyas REDEXT,https://portus.puertos.es/portussvr/api,0.6,1.22,6.8,4.1,122,,26.1,,,,,,,,OK,79abe0ba0e81313374ed134a41b200493c8ee41e
2026-10-02T21:00:00Z,2026-10-02T21:21:56Z,BOYA,2630,Boya de Valencia,39.51,0.2,54.9,Puertos del Estado · red de boyas REDEXT,https://portus.puertos.es/portussvr/api,1.17,2.13,6.64,4.38,66,65,24.79,,,,,,,,OK,9086a7b5d802a20e10d8c861eb38836a11972d4f
2026-10-02T21:00:00Z,2026-10-02T21:21:56Z,BOYA,2720,Boya de Tarragona,40.69,1.47,145.2,Puertos del Estado · red de boyas REDEXT,https://portus.puertos.es/portussvr/api,0.94,1.34,5.86,4.06,77,82,25.94,,,,,,,,OK,9086a7b5d802a20e10d8c861eb38836a11972d4f
2026-10-02T21:10:00Z,2026-10-02T21:21:56Z,VIENTO,4660,Estación Meteorológica de Castellón Mistral,39.97736,0.02505,1.0,Puertos del Estado · estaciones meteorológicas REMPOR,https://portus.puertos.es/portussvr/api,,,,,,,,,3.7,13.3,5.6,20.2,43,23.1,OK,9086a7b5d802a20e10d8c861eb38836a11972d4f
2026-10-02T21:20:00Z,2026-10-02T21:21:56Z,MAREOGRAFO,3655,Mareografo de Sagunto,39.63392,-0.20624,43.9,Puertos del Estado · mareógrafo,https://portus.puertos.es/portussvr/api,,,,,,,,0.114,,,,,,,OK,9086a7b5d802a20e10d8c861eb38836a11972d4f
2026-10-02T22:00:00Z,2026-10-02T23:18:37Z,BOYA,1712,Boya de Tarragona,41.07,1.19,155.5,Puertos del Estado · red de boyas REDEXT,https://portus.puertos.es/portussvr/api,0.59,0.94,6.7,4.1,122,,26.1,,,,,,,,OK,937e3bdb2c9f4e739714d928c16b4aa94cbb184f
2026-10-02T22:00:00Z,2026-10-02T22:21:28Z,BOYA,2630,Boya de Valencia,39.51,0.2,54.9,Puertos del Estado · red de boyas REDEXT,https://portus.puertos.es/portussvr/api,1.29,2.03,7.03,4.53,61,82,24.69,,,,,,,,OK,79abe0ba0e81313374ed134a41b200493c8ee41e
2026-10-02T22:00:00Z,2026-10-02T22:21:28Z,BOYA,2720,Boya de Tarragona,40.69,1.47,145.2,Puertos del Estado · red de boyas REDEXT,https://portus.puertos.es/portussvr/api,0.94,1.38,5.08,3.91,77,76,25.94,,,,,,,,OK,79abe0ba0e81313374ed134a41b200493c8ee41e
2026-10-02T22:10:00Z,2026-10-02T22:21:28Z,VIENTO,4660,Estación Meteorológica de Castellón Mistral,39.97736,0.02505,1.0,Puertos del Estado · estaciones meteorológicas REMPOR,https://portus.puertos.es/portussvr/api,,,,,,,,,3.9,14.0,5.9,21.2,10,22.7,OK,79abe0ba0e81313374ed134a41b200493c8ee41e
2026-10-02T22:20:00Z,2026-10-02T22:21:28Z,MAREOGRAFO,3655,Mareografo de Sagunto,39.63392,-0.20624,43.9,Puertos del Estado · mareógrafo,https://portus.puertos.es/portussvr/api,,,,,,,,0.086,,,,,,,OK,79abe0ba0e81313374ed134a41b200493c8ee41e
2026-10-02T23:00:00Z,2026-10-03T00:28:14Z,BOYA,1712,Boya de Tarragona,41.07,1.19,155.5,Puertos del Estado · red de boyas REDEXT,https://portus.puertos.es/portussvr/api,0.59,0.8,6.1,4.2,124,,26.1,,,,,,,,OK,189a32d1bc22358004f4362ecb58688832837c1d
2026-10-02T23:00:00Z,2026-10-02T23:18:37Z,BOYA,2630,Boya de Valencia,39.51,0.2,54.9,Puertos del Estado · red de boyas REDEXT,https://portus.puertos.es/portussvr/api,1.17,1.81,6.05,4.38,54,62,24.62,,,,,,,,OK,937e3bdb2c9f4e739714d928c16b4aa94cbb184f
2026-10-02T23:00:00Z,2026-10-02T23:18:37Z,BOYA,2720,Boya de Tarragona,40.69,1.47,145.2,Puertos del Estado · red de boyas REDEXT,https://portus.puertos.es/portussvr/api,0.94,1.41,5.27,3.75,75,79,25.93,,,,,,,,OK,937e3bdb2c9f4e739714d928c16b4aa94cbb184f
2026-10-02T23:00:00Z,2026-10-02T23:18:37Z,VIENTO,4660,Estación Meteorológica de Castellón Mistral,39.97736,0.02505,1.0,Puertos del Estado · estaciones meteorológicas REMPOR,https://portus.puertos.es/portussvr/api,,,,,,,,,2.2,7.9,3.6,13.0,14,22.5,OK,937e3bdb2c9f4e739714d928c16b4aa94cbb184f
2026-10-02T23:17:00Z,2026-10-02T23:18:37Z,MAREOGRAFO,3655,Mareografo de Sagunto,39.63392,-0.20624,43.9,Puertos del Estado · mareógrafo,https://portus.puertos.es/portussvr/api,,,,,,,,0.086,,,,,,,OK,937e3bdb2c9f4e739714d928c16b4aa94cbb184f
2026-10-03T00:00:00Z,2026-10-03T01:20:42Z,BOYA,1712,Boya de Tarragona,41.07,1.19,155.5,Puertos del Estado · red de boyas REDEXT,https://portus.puertos.es/portussvr/api,0.58,0.95,6.0,4.1,123,,26.0,,,,,,,,OK,996a6908b8c5462517f9ff43ee24d747c6bbe01c
2026-10-03T00:00:00Z,2026-10-03T00:28:14Z,BOYA,2630,Boya de Valencia,39.51,0.2,54.9,Puertos del Estado · red de boyas REDEXT,https://portus.puertos.es/portussvr/api,1.17,1.78,6.25,4.38,56,56,24.6,,,,,,,,OK,189a32d1bc22358004f4362ecb58688832837c1d
2026-10-03T00:00:00Z,2026-10-03T00:28:14Z,BOYA,2720,Boya de Tarragona,40.69,1.47,145.2,Puertos del Estado · red de boyas REDEXT,https://portus.puertos.es/portussvr/api,0.82,1.38,5.27,3.91,77,65,25.93,,,,,,,,OK,189a32d1bc22358004f4362ecb58688832837c1d
2026-10-03T00:10:00Z,2026-10-03T00:28:14Z,VIENTO,4660,Estación Meteorológica de Castellón Mistral,39.97736,0.02505,1.0,Puertos del Estado · estaciones meteorológicas REMPOR,https://portus.puertos.es/portussvr/api,,,,,,,,,0.9,3.2,2.0,7.2,291,21.9,OK,189a32d1bc22358004f4362ecb58688832837c1d
2026-10-03T00:26:00Z,2026-10-03T00:28:14Z,MAREOGRAFO,3655,Mareografo de Sagunto,39.63392,-0.20624,43.9,Puertos del Estado · mareógrafo,https://portus.puertos.es/portussvr/api,,,,,,,,0.113,,,,,,,OK,189a32d1bc22358004f4362ecb58688832837c1d
2026-10-03T01:00:00Z,2026-10-03T02:22:58Z,BOYA,1712,Boya de Tarragona,41.07,1.19,155.5,Puertos del Estado · red de boyas REDEXT,https://portus.puertos.es/portussvr/api,0.59,1.03,5.9,4.0,125,,25.8,,,,,,,,OK,dc9674c6133b3461451617735771cfe5c48d3558
2026-10-03T01:00:00Z,2026-10-03T01:20:42Z,BOYA,2630,Boya de Valencia,39.51,0.2,54.9,Puertos del Estado · red de boyas REDEXT,https://portus.puertos.es/portussvr/api,1.17,2.03,6.05,4.53,61,48,24.56,,,,,,,,OK,996a6908b8c5462517f9ff43ee24d747c6bbe01c
2026-10-03T01:00:00Z,2026-10-03T01:20:42Z,BOYA,2720,Boya de Tarragona,40.69,1.47,145.2,Puertos del Estado · red de boyas REDEXT,https://portus.puertos.es/portussvr/api,0.94,1.44,5.27,3.91,77,70,25.92,,,,,,,,OK,996a6908b8c5462517f9ff43ee24d747c6bbe01c
2026-10-03T01:10:00Z,2026-10-03T01:20:42Z,VIENTO,4660,Estación Meteorológica de Castellón Mistral,39.97736,0.02505,1.0,Puertos del Estado · estaciones meteorológicas REMPOR,https://portus.puertos.es/portussvr/api,,,,,,,,,2.9,10.4,4.5,16.2,27,21.1,OK,996a6908b8c5462517f9ff43ee24d747c6bbe01c
2026-10-03T01:19:00Z,2026-10-03T01:20:42Z,MAREOGRAFO,3655,Mareografo de Sagunto,39.63392,-0.20624,43.9,Puertos del Estado · mareógrafo,https://portus.puertos.es/portussvr/api,,,,,,,,0.1,,,,,,,OK,996a6908b8c5462517f9ff43ee24d747c6bbe01c
2026-10-03T02:00:00Z,2026-10-03T03:27:23Z,BOYA,1712,Boya de Tarragona,41.07,1.19,155.5,Puertos del Estado · red de boyas REDEXT,https://portus.puertos.es/portussvr/api,0.6,0.97,6.0,3.9,126,,25.8,,,,,,,,OK,da0bd834bce4885f87e4d7b332f2c48f9fcfdffc
2026-10-03T02:00:00Z,2026-10-03T02:22:58Z,BOYA,2630,Boya de Valencia,39.51,0.2,54.9,Puertos del Estado · red de boyas REDEXT,https://portus.puertos.es/portussvr/api,1.05,1.53,6.05,4.53,62,68,24.55,,,,,,,,OK,dc9674c6133b3461451617735771cfe5c48d3558
2026-10-03T02:00:00Z,2026-10-03T02:22:58Z,BOYA,2720,Boya de Tarragona,40.69,1.47,145.2,Puertos del Estado · red de boyas REDEXT,https://portus.puertos.es/portussvr/api,0.94,1.25,4.88,3.91,76,70,25.9,,,,,,,,OK,dc9674c6133b3461451617735771cfe5c48d3558
2026-10-03T02:10:00Z,2026-10-03T02:22:58Z,VIENTO,4660,Estación Meteorológica de Castellón Mistral,39.97736,0.02505,1.0,Puertos del Estado · estaciones meteorológicas REMPOR,https://portus.puertos.es/portussvr/api,,,,,,,,,0.6,2.2,1.4,5.0,272,20.4,OK,dc9674c6133b3461451617735771cfe5c48d3558
2026-10-03T02:22:00Z,2026-10-03T02:22:58Z,MAREOGRAFO,3655,Mareografo de Sagunto,39.63392,-0.20624,43.9,Puertos del Estado · mareógrafo,https://portus.puertos.es/portussvr/api,,,,,,,,0.099,,,,,,,OK,dc9674c6133b3461451617735771cfe5c48d3558
2026-10-03T03:00:00Z,2026-10-03T04:22:47Z,BOYA,1712,Boya de Tarragona,41.07,1.19,155.5,Puertos del Estado · red de boyas REDEXT,https://portus.puertos.es/portussvr/api,0.64,0.98,5.9,4.1,124,,25.9,,,,,,,,OK,baa50824297aa762d0d4bffef55653bae59155a7
2026-10-03T03:00:00Z,2026-10-03T03:27:23Z,BOYA,2630,Boya de Valencia,39.51,0.2,54.9,Puertos del Estado · red de boyas REDEXT,https://portus.puertos.es/portussvr/api,0.94,1.5,6.25,4.38,59,70,24.51,,,,,,,,OK,da0bd834bce4885f87e4d7b332f2c48f9fcfdffc
2026-10-03T03:00:00Z,2026-10-03T03:27:23Z,BOYA,2720,Boya de Tarragona,40.69,1.47,145.2,Puertos del Estado · red de boyas REDEXT,https://portus.puertos.es/portussvr/api,0.82,1.31,5.27,3.75,74,84,25.89,,,,,,,,OK,da0bd834bce4885f87e4d7b332f2c48f9fcfdffc
2026-10-03T03:10:00Z,2026-10-03T03:27:23Z,VIENTO,4660,Estación Meteorológica de Castellón Mistral,39.97736,0.02505,1.0,Puertos del Estado · estaciones meteorológicas REMPOR,https://portus.puertos.es/portussvr/api,,,,,,,,,0.9,3.2,1.7,6.1,241,20.4,OK,da0bd834bce4885f87e4d7b332f2c48f9fcfdffc
2026-10-03T03:26:00Z,2026-10-03T03:27:23Z,MAREOGRAFO,3655,Mareografo de Sagunto,39.63392,-0.20624,43.9,Puertos del Estado · mareógrafo,https://portus.puertos.es/portussvr/api,,,,,,,,0.039,,,,,,,OK,da0bd834bce4885f87e4d7b332f2c48f9fcfdffc
2026-10-03T04:00:00Z,2026-10-03T05:28:36Z,BOYA,1712,Boya de Tarragona,41.07,1.19,155.5,Puertos del Estado · red de boyas REDEXT,https://portus.puertos.es/portussvr/api,0.61,1.02,6.1,3.9,128,,26.0,,,,,,,,OK,626c69b03e4ffb992ad484cbb3cfe3932ac40127
2026-10-03T04:00:00Z,2026-10-03T04:22:47Z,BOYA,2630,Boya de Valencia,39.51,0.2,54.9,Puertos del Estado · red de boyas REDEXT,https://portus.puertos.es/portussvr/api,1.05,1.44,6.05,4.06,58,87,24.54,,,,,,,,OK,baa50824297aa762d0d4bffef55653bae59155a7
2026-10-03T04:00:00Z,2026-10-03T04:22:47Z,BOYA,2720,Boya de Tarragona,40.69,1.47,145.2,Puertos del Estado · red de boyas REDEXT,https://portus.puertos.es/portussvr/api,0.82,1.09,4.69,3.75,69,76,25.89,,,,,,,,OK,baa50824297aa762d0d4bffef55653bae59155a7
2026-10-03T04:10:00Z,2026-10-03T04:22:47Z,VIENTO,4660,Estación Meteorológica de Castellón Mistral,39.97736,0.02505,1.0,Puertos del Estado · estaciones meteorológicas REMPOR,https://portus.puertos.es/portussvr/api,,,,,,,,,0.4,1.4,0.8,2.9,263,20.4,OK,baa50824297aa762d0d4bffef55653bae59155a7
2026-10-03T04:21:00Z,2026-10-03T04:22:47Z,MAREOGRAFO,3655,Mareografo de Sagunto,39.63392,-0.20624,43.9,Puertos del Estado · mareógrafo,https://portus.puertos.es/portussvr/api,,,,,,,,0.115,,,,,,,OK,baa50824297aa762d0d4bffef55653bae59155a7
2026-10-03T05:00:00Z,2026-10-03T06:28:53Z,BOYA,1712,Boya de Tarragona,41.07,1.19,155.5,Puertos del Estado · red de boyas REDEXT,https://portus.puertos.es/portussvr/api,0.57,0.99,5.8,3.9,121,,26.0,,,,,,,,OK,a02ab079b1f9261df6ab66db61c71e6de81182b0
2026-10-03T05:00:00Z,2026-10-03T05:28:36Z,BOYA,2630,Boya de Valencia,39.51,0.2,54.9,Puertos del Estado · red de boyas REDEXT,https://portus.puertos.es/portussvr/api,1.05,1.84,5.86,4.06,59,73,24.55,,,,,,,,OK,626c69b03e4ffb992ad484cbb3cfe3932ac40127
2026-10-03T05:00:00Z,2026-10-03T05:28:36Z,BOYA,2720,Boya de Tarragona,40.69,1.47,145.2,Puertos del Estado · red de boyas REDEXT,https://portus.puertos.es/portussvr/api,0.82,1.19,4.69,3.59,71,79,25.86,,,,,,,,OK,626c69b03e4ffb992ad484cbb3cfe3932ac40127
2026-10-03T05:10:00Z,2026-10-03T05:28:36Z,VIENTO,4660,Estación Meteorológica de Castellón Mistral,39.97736,0.02505,1.0,Puertos del Estado · estaciones meteorológicas REMPOR,https://portus.puertos.es/portussvr/api,,,,,,,,,0.0,0.0,0.0,0.0,273,20.6,OK,626c69b03e4ffb992ad484cbb3cfe3932ac40127
2026-10-03T05:27:00Z,2026-10-03T05:28:36Z,MAREOGRAFO,3655,Mareografo de Sagunto,39.63392,-0.20624,43.9,Puertos del Estado · mareógrafo,https://portus.puertos.es/portussvr/api,,,,,,,,0.089,,,,,,,OK,626c69b03e4ffb992ad484cbb3cfe3932ac40127
2026-10-03T06:00:00Z,2026-10-03T07:22:50Z,BOYA,1712,Boya de Tarragona,41.07,1.19,155.5,Puertos del Estado · red de boyas REDEXT,https://portus.puertos.es/portussvr/api,0.55,0.78,5.7,3.9,122,,26.0,,,,,,,,OK,8cf72b96aaf7f77655194b9b16bc462d26743627
2026-10-03T06:00:00Z,2026-10-03T06:28:53Z,BOYA,2630,Boya de Valencia,39.51,0.2,54.9,Puertos del Estado · red de boyas REDEXT,https://portus.puertos.es/portussvr/api,1.05,1.75,5.66,4.06,59,68,24.57,,,,,,,,OK,a02ab079b1f9261df6ab66db61c71e6de81182b0
2026-10-03T06:00:00Z,2026-10-03T06:28:53Z,BOYA,2720,Boya de Tarragona,40.69,1.47,145.2,Puertos del Estado · red de boyas REDEXT,https://portus.puertos.es/portussvr/api,0.82,1.56,4.69,3.59,67,82,25.84,,,,,,,,OK,a02ab079b1f9261df6ab66db61c71e6de81182b0
2026-10-03T06:10:00Z,2026-10-03T06:28:53Z,VIENTO,4660,Estación Meteorológica de Castellón Mistral,39.97736,0.02505,1.0,Puertos del Estado · estaciones meteorológicas REMPOR,https://portus.puertos.es/portussvr/api,,,,,,,,,0.6,2.2,1.7,6.1,278,20.9,OK,a02ab079b1f9261df6ab66db61c71e6de81182b0
2026-10-03T06:27:00Z,2026-10-03T06:28:53Z,MAREOGRAFO,3655,Mareografo de Sagunto,39.63392,-0.20624,43.9,Puertos del Estado · mareógrafo,https://portus.puertos.es/portussvr/api,,,,,,,,0.129,,,,,,,OK,a02ab079b1f9261df6ab66db61c71e6de81182b0
2026-10-03T07:00:00Z,2026-10-03T08:23:30Z,BOYA,1712,Boya de Tarragona,41.07,1.19,155.5,Puertos del Estado · red de boyas REDEXT,https://portus.puertos.es/portussvr/api,0.53,0.82,5.5,3.9,122,,25.9,,,,,,,,OK,4d0851abebb404b1a024463cb0bfb81871eea243
2026-10-03T07:00:00Z,2026-10-03T07:22:50Z,BOYA,2630,Boya de Valencia,39.51,0.2,54.9,Puertos del Estado · red de boyas REDEXT,https://portus.puertos.es/portussvr/api,0.94,1.38,6.84,3.91,58,107,24.53,,,,,,,,OK,8cf72b96aaf7f77655194b9b16bc462d26743627
2026-10-03T07:00:00Z,2026-10-03T07:22:50Z,BOYA,2720,Boya de Tarragona,40.69,1.47,145.2,Puertos del Estado · red de boyas REDEXT,https://portus.puertos.es/portussvr/api,0.94,1.34,4.3,3.59,64,68,25.83,,,,,,,,OK,8cf72b96aaf7f77655194b9b16bc462d26743627
2026-10-03T07:10:00Z,2026-10-03T07:22:50Z,VIENTO,4660,Estación Meteorológica de Castellón Mistral,39.97736,0.02505,1.0,Puertos del Estado · estaciones meteorológicas REMPOR,https://portus.puertos.es/portussvr/api,,,,,,,,,5.6,20.2,8.1,29.2,23,20.9,OK,8cf72b96aaf7f77655194b9b16bc462d26743627
2026-10-03T07:21:00Z,2026-10-03T07:22:50Z,MAREOGRAFO,3655,Mareografo de Sagunto,39.63392,-0.20624,43.9,Puertos del Estado · mareógrafo,https://portus.puertos.es/portussvr/api,,,,,,,,0.079,,,,,,,OK,8cf72b96aaf7f77655194b9b16bc462d26743627
2026-10-03T08:00:00Z,2026-10-03T09:22:35Z,BOYA,1712,Boya de Tarragona,41.07,1.19,155.5,Puertos del Estado · red de boyas REDEXT,https://portus.puertos.es/portussvr/api,0.57,1.03,5.1,3.7,117,,25.9,,,,,,,,OK,3de4e543e6eca43a06c6d15d2f53c8d45da9c983
2026-10-03T08:00:00Z,2026-10-03T08:23:30Z,BOYA,2630,Boya de Valencia,39.51,0.2,54.9,Puertos del Estado · red de boyas REDEXT,https://portus.puertos.es/portussvr/api,0.94,1.28,7.03,3.75,62,98,24.56,,,,,,,,OK,4d0851abebb404b1a024463cb0bfb81871eea243
2026-10-03T08:00:00Z,2026-10-03T08:23:30Z,BOYA,2720,Boya de Tarragona,40.69,1.47,145.2,Puertos del Estado · red de boyas REDEXT,https://portus.puertos.es/portussvr/api,1.05,1.47,4.49,3.75,65,65,25.81,,,,,,,,OK,4d0851abebb404b1a024463cb0bfb81871eea243
2026-10-03T08:10:00Z,2026-10-03T08:23:30Z,VIENTO,4660,Estación Meteorológica de Castellón Mistral,39.97736,0.02505,1.0,Puertos del Estado · estaciones meteorológicas REMPOR,https://portus.puertos.es/portussvr/api,,,,,,,,,3.5,12.6,5.3,19.1,30,20.7,OK,4d0851abebb404b1a024463cb0bfb81871eea243
2026-10-03T08:22:00Z,2026-10-03T08:23:30Z,MAREOGRAFO,3655,Mareografo de Sagunto,39.63392,-0.20624,43.9,Puertos del Estado · mareógrafo,https://portus.puertos.es/portussvr/api,,,,,,,,0.165,,,,,,,OK,4d0851abebb404b1a024463cb0bfb81871eea243
2026-10-03T09:00:00Z,2026-10-03T10:20:28Z,BOYA,1712,Boya de Tarragona,41.07,1.19,155.5,Puertos del Estado · red de boyas REDEXT,https://portus.puertos.es/portussvr/api,0.57,1.02,4.8,3.8,116,,25.9,,,,,,,,OK,cd0551273a39b7d0ef75ca9c1327574d959a18e5
2026-10-03T09:00:00Z,2026-10-03T09:22:35Z,BOYA,2630,Boya de Valencia,39.51,0.2,54.9,Puertos del Estado · red de boyas REDEXT,https://portus.puertos.es/portussvr/api,0.82,1.16,5.27,3.75,51,65,24.63,,,,,,,,OK,3de4e543e6eca43a06c6d15d2f53c8d45da9c983
2026-10-03T09:00:00Z,2026-10-03T09:22:35Z,BOYA,2720,Boya de Tarragona,40.69,1.47,145.2,Puertos del Estado · red de boyas REDEXT,https://portus.puertos.es/portussvr/api,0.94,1.53,4.3,3.75,69,65,25.8,,,,,,,,OK,3de4e543e6eca43a06c6d15d2f53c8d45da9c983
2026-10-03T09:10:00Z,2026-10-03T09:22:35Z,VIENTO,4660,Estación Meteorológica de Castellón Mistral,39.97736,0.02505,1.0,Puertos del Estado · estaciones meteorológicas REMPOR,https://portus.puertos.es/portussvr/api,,,,,,,,,4.9,17.6,6.7,24.1,40,21.3,OK,3de4e543e6eca43a06c6d15d2f53c8d45da9c983
2026-10-03T09:21:00Z,2026-10-03T09:22:35Z,MAREOGRAFO,3655,Mareografo de Sagunto,39.63392,-0.20624,43.9,Puertos del Estado · mareógrafo,https://portus.puertos.es/portussvr/api,,,,,,,,0.166,,,,,,,OK,3de4e543e6eca43a06c6d15d2f53c8d45da9c983
2026-10-03T10:00:00Z,2026-10-03T10:20:28Z,BOYA,2630,Boya de Valencia,39.51,0.2,54.9,Puertos del Estado · red de boyas REDEXT,https://portus.puertos.es/portussvr/api,0.7,1.03,5.66,3.91,50,65,24.65,,,,,,,,OK,cd0551273a39b7d0ef75ca9c1327574d959a18e5
2026-10-03T10:00:00Z,2026-10-03T10:20:28Z,BOYA,2720,Boya de Tarragona,40.69,1.47,145.2,Puertos del Estado · red de boyas REDEXT,https://portus.puertos.es/portussvr/api,0.94,1.31,4.88,3.75,52,73,25.81,,,,,,,,OK,cd0551273a39b7d0ef75ca9c1327574d959a18e5
2026-10-03T10:10:00Z,2026-10-03T10:20:28Z,VIENTO,4660,Estación Meteorológica de Castellón Mistral,39.97736,0.02505,1.0,Puertos del Estado · estaciones meteorológicas REMPOR,https://portus.puertos.es/portussvr/api,,,,,,,,,6.6,23.8,9.2,33.1,33,22.1,OK,cd0551273a39b7d0ef75ca9c1327574d959a18e5
2026-10-03T10:19:00Z,2026-10-03T10:20:28Z,MAREOGRAFO,3655,Mareografo de Sagunto,39.63392,-0.20624,43.9,Puertos del Estado · mareógrafo,https://portus.puertos.es/portussvr/api,,,,,,,,0.167,,,,,,,OK,cd0551273a39b7d0ef75ca9c1327574d959a18e5
2026-10-03T12:00:00Z,2026-10-03T13:39:16Z,BOYA,1712,Boya de Tarragona,41.07,1.19,155.5,Puertos del Estado · red de boyas REDEXT,https://portus.puertos.es/portussvr/api,0.64,1.15,4.5,3.3,115,,25.9,,,,,,,,OK,8e2b3ff9e8f0c65acd49ef5a6392c9249320723a
2026-10-03T13:00:00Z,2026-10-03T13:39:16Z,BOYA,2630,Boya de Valencia,39.51,0.2,54.9,Puertos del Estado · red de boyas REDEXT,https://portus.puertos.es/portussvr/api,0.82,1.63,5.08,3.59,42,53,24.8,,,,,,,,OK,8e2b3ff9e8f0c65acd49ef5a6392c9249320723a
2026-10-03T13:00:00Z,2026-10-03T13:39:16Z,BOYA,2720,Boya de Tarragona,40.69,1.47,145.2,Puertos del Estado · red de boyas REDEXT,https://portus.puertos.es/portussvr/api,0.82,1.28,4.69,3.59,56,70,25.69,,,,,,,,OK,8e2b3ff9e8f0c65acd49ef5a6392c9249320723a
2026-10-03T13:20:00Z,2026-10-03T13:39:16Z,VIENTO,4660,Estación Meteorológica de Castellón Mistral,39.97736,0.02505,1.0,Puertos del Estado · estaciones meteorológicas REMPOR,https://portus.puertos.es/portussvr/api,,,,,,,,,5.3,19.1,7.3,26.3,44,23.4,OK,8e2b3ff9e8f0c65acd49ef5a6392c9249320723a
2026-10-03T13:38:00Z,2026-10-03T13:39:16Z,MAREOGRAFO,3655,Mareografo de Sagunto,39.63392,-0.20624,43.9,Puertos del Estado · mareógrafo,https://portus.puertos.es/portussvr/api,,,,,,,,0.186,,,,,,,OK,8e2b3ff9e8f0c65acd49ef5a6392c9249320723a
2026-10-03T17:00:00Z,2026-10-03T18:32:58Z,BOYA,1712,Boya de Tarragona,41.07,1.19,155.5,Puertos del Estado · red de boyas REDEXT,https://portus.puertos.es/portussvr/api,0.8,1.5,5.3,4.1,117,,25.9,,,,,,,,OK,45aadbf61620ebd662ed66fabe90c704bfda93bd
2026-10-03T18:00:00Z,2026-10-03T18:32:58Z,BOYA,2630,Boya de Valencia,39.51,0.2,54.9,Puertos del Estado · red de boyas REDEXT,https://portus.puertos.es/portussvr/api,0.94,1.47,6.45,4.38,54,93,24.74,,,,,,,,OK,45aadbf61620ebd662ed66fabe90c704bfda93bd
2026-10-03T18:00:00Z,2026-10-03T18:32:58Z,BOYA,2720,Boya de Tarragona,40.69,1.47,145.2,Puertos del Estado · red de boyas REDEXT,https://portus.puertos.es/portussvr/api,1.17,1.88,4.88,4.06,70,76,25.76,,,,,,,,OK,45aadbf61620ebd662ed66fabe90c704bfda93bd
2026-10-03T18:20:00Z,2026-10-03T18:32:58Z,VIENTO,4660,Estación Meteorológica de Castellón Mistral,39.97736,0.02505,1.0,Puertos del Estado · estaciones meteorológicas REMPOR,https://portus.puertos.es/portussvr/api,,,,,,,,,4.9,17.6,7.3,26.3,36,22.4,OK,45aadbf61620ebd662ed66fabe90c704bfda93bd
2026-10-03T18:31:00Z,2026-10-03T18:32:58Z,MAREOGRAFO,3655,Mareografo de Sagunto,39.63392,-0.20624,43.9,Puertos del Estado · mareógrafo,https://portus.puertos.es/portussvr/api,,,,,,,,0.199,,,,,,,OK,45aadbf61620ebd662ed66fabe90c704bfda93bd
2026-10-04T01:00:00Z,2026-10-04T02:32:54Z,BOYA,1712,Boya de Tarragona,41.07,1.19,155.5,Puertos del Estado · red de boyas REDEXT,https://portus.puertos.es/portussvr/api,0.91,1.34,7.5,4.7,110,,25.8,,,,,,,,OK,87f12e6b2d7903a08984900e860f88c431ca3e9a
2026-10-04T02:00:00Z,2026-10-04T02:32:54Z,BOYA,2630,Boya de Valencia,39.51,0.2,54.9,Puertos del Estado · red de boyas REDEXT,https://portus.puertos.es/portussvr/api,1.05,1.5,7.62,4.06,41,104,24.85,,,,,,,,OK,87f12e6b2d7903a08984900e860f88c431ca3e9a
2026-10-04T02:00:00Z,2026-10-04T02:32:54Z,BOYA,2720,Boya de Tarragona,40.69,1.47,145.2,Puertos del Estado · red de boyas REDEXT,https://portus.puertos.es/portussvr/api,1.17,2.0,6.25,4.38,72,101,25.72,,,,,,,,OK,87f12e6b2d7903a08984900e860f88c431ca3e9a
2026-10-04T02:20:00Z,2026-10-04T02:32:54Z,VIENTO,4660,Estación Meteorológica de Castellón Mistral,39.97736,0.02505,1.0,Puertos del Estado · estaciones meteorológicas REMPOR,https://portus.puertos.es/portussvr/api,,,,,,,,,0.8,2.9,2.0,7.2,204,20.4,OK,87f12e6b2d7903a08984900e860f88c431ca3e9a
2026-10-04T02:31:00Z,2026-10-04T02:32:54Z,MAREOGRAFO,3655,Mareografo de Sagunto,39.63392,-0.20624,43.9,Puertos del Estado · mareógrafo,https://portus.puertos.es/portussvr/api,,,,,,,,0.097,,,,,,,OK,87f12e6b2d7903a08984900e860f88c431ca3e9a
2026-10-04T04:00:00Z,2026-10-04T05:16:07Z,BOYA,1712,Boya de Tarragona,41.07,1.19,155.5,Puertos del Estado · red de boyas REDEXT,https://portus.puertos.es/portussvr/api,0.97,1.52,7.7,5.4,110,,25.8,,,,,,,,OK,4997086eb34b0d826d49f079c1a68dc5561d4457
2026-10-04T05:00:00Z,2026-10-04T05:16:07Z,BOYA,2630,Boya de Valencia,39.51,0.2,54.9,Puertos del Estado · red de boyas REDEXT,https://portus.puertos.es/portussvr/api,1.05,1.5,7.62,4.06,43,93,24.61,,,,,,,,OK,4997086eb34b0d826d49f079c1a68dc5561d4457
2026-10-04T05:00:00Z,2026-10-04T05:16:07Z,BOYA,2720,Boya de Tarragona,40.69,1.47,145.2,Puertos del Estado · red de boyas REDEXT,https://portus.puertos.es/portussvr/api,1.29,1.94,7.81,5.16,79,96,25.68,,,,,,,,OK,4997086eb34b0d826d49f079c1a68dc5561d4457
2026-10-04T05:00:00Z,2026-10-04T05:16:07Z,VIENTO,4660,Estación Meteorológica de Castellón Mistral,39.97736,0.02505,1.0,Puertos del Estado · estaciones meteorológicas REMPOR,https://portus.puertos.es/portussvr/api,,,,,,,,,0.8,2.9,1.4,5.0,273,19.9,OK,4997086eb34b0d826d49f079c1a68dc5561d4457
2026-10-04T05:14:00Z,2026-10-04T05:16:07Z,MAREOGRAFO,3655,Mareografo de Sagunto,39.63392,-0.20624,43.9,Puertos del Estado · mareógrafo,https://portus.puertos.es/portussvr/api,,,,,,,,0.062,,,,,,,OK,4997086eb34b0d826d49f079c1a68dc5561d4457
2026-10-04T10:00:00Z,2026-10-04T11:35:28Z,BOYA,1712,Boya de Tarragona,41.07,1.19,155.5,Puertos del Estado · red de boyas REDEXT,https://portus.puertos.es/portussvr/api,1.06,1.6,7.9,5.5,114,,25.8,,,,,,,,OK,991a6ebc2a5e286a10fff374671419dac8ea93d5
2026-10-04T11:00:00Z,2026-10-04T11:35:28Z,BOYA,2630,Boya de Valencia,39.51,0.2,54.9,Puertos del Estado · red de boyas REDEXT,https://portus.puertos.es/portussvr/api,0.94,1.31,7.23,4.22,42,82,24.64,,,,,,,,OK,991a6ebc2a5e286a10fff374671419dac8ea93d5
2026-10-04T11:00:00Z,2026-10-04T11:35:28Z,BOYA,2720,Boya de Tarragona,40.69,1.47,145.2,Puertos del Estado · red de boyas REDEXT,https://portus.puertos.es/portussvr/api,1.05,1.75,7.81,5.31,79,96,25.69,,,,,,,,OK,991a6ebc2a5e286a10fff374671419dac8ea93d5
2026-10-04T11:20:00Z,2026-10-04T11:35:28Z,VIENTO,4660,Estación Meteorológica de Castellón Mistral,39.97736,0.02505,1.0,Puertos del Estado · estaciones meteorológicas REMPOR,https://portus.puertos.es/portussvr/api,,,,,,,,,2.7,9.7,4.5,16.2,113,24.1,OK,991a6ebc2a5e286a10fff374671419dac8ea93d5
2026-10-04T11:34:00Z,2026-10-04T11:35:28Z,MAREOGRAFO,3655,Mareografo de Sagunto,39.63392,-0.20624,43.9,Puertos del Estado · mareógrafo,https://portus.puertos.es/portussvr/api,,,,,,,,0.16,,,,,,,OK,991a6ebc2a5e286a10fff374671419dac8ea93d5
2026-10-04T17:00:00Z,2026-10-04T18:17:49Z,BOYA,1712,Boya de Tarragona,41.07,1.19,155.5,Puertos del Estado · red de boyas REDEXT,https://portus.puertos.es/portussvr/api,1.17,1.84,7.2,4.1,107,,26.0,,,,,,,,OK,e88863540a7a78293e8f78aeff1f2538d6ee0c0d
2026-10-04T18:00:00Z,2026-10-04T18:17:49Z,BOYA,2630,Boya de Valencia,39.51,0.2,54.9,Puertos del Estado · red de boyas REDEXT,https://portus.puertos.es/portussvr/api,0.7,1.06,7.23,4.69,70,70,24.71,,,,,,,,OK,e88863540a7a78293e8f78aeff1f2538d6ee0c0d
2026-10-04T18:00:00Z,2026-10-04T18:17:49Z,BOYA,2720,Boya de Tarragona,40.69,1.47,145.2,Puertos del Estado · red de boyas REDEXT,https://portus.puertos.es/portussvr/api,1.17,1.84,5.66,4.22,64,70,25.71,,,,,,,,OK,e88863540a7a78293e8f78aeff1f2538d6ee0c0d
2026-10-04T18:00:00Z,2026-10-04T18:17:49Z,VIENTO,4660,Estación Meteorológica de Castellón Mistral,39.97736,0.02505,1.0,Puertos del Estado · estaciones meteorológicas REMPOR,https://portus.puertos.es/portussvr/api,,,,,,,,,4.2,15.1,5.9,21.2,41,23.6,OK,e88863540a7a78293e8f78aeff1f2538d6ee0c0d
2026-10-04T18:16:00Z,2026-10-04T18:17:49Z,MAREOGRAFO,3655,Mareografo de Sagunto,39.63392,-0.20624,43.9,Puertos del Estado · mareógrafo,https://portus.puertos.es/portussvr/api,,,,,,,,0.166,,,,,,,OK,e88863540a7a78293e8f78aeff1f2538d6ee0c0d
2026-10-04T20:00:00Z,2026-10-04T21:24:28Z,BOYA,1712,Boya de Tarragona,41.07,1.19,155.5,Puertos del Estado · red de boyas REDEXT,https://portus.puertos.es/portussvr/api,1.51,2.49,5.6,4.4,106,,25.9,,,,,,,,OK,b0e9b99133edd76edb6617ae44a3b5bdaf22948d
2026-10-04T21:00:00Z,2026-10-04T22:21:21Z,BOYA,1712,Boya de Tarragona,41.07,1.19,155.5,Puertos del Estado · red de boyas REDEXT,https://portus.puertos.es/portussvr/api,1.54,2.71,6.3,4.7,106,,25.9,,,,,,,,OK,dd08509053bc79f87210df141705dc62ca8c4571
2026-10-04T21:00:00Z,2026-10-04T21:24:28Z,BOYA,2630,Boya de Valencia,39.51,0.2,54.9,Puertos del Estado · red de boyas REDEXT,https://portus.puertos.es/portussvr/api,0.7,1.09,8.01,5.0,76,101,24.8,,,,,,,,OK,b0e9b99133edd76edb6617ae44a3b5bdaf22948d
2026-10-04T21:00:00Z,2026-10-04T21:24:28Z,BOYA,2720,Boya de Tarragona,40.69,1.47,145.2,Puertos del Estado · red de boyas REDEXT,https://portus.puertos.es/portussvr/api,1.52,2.59,5.27,4.38,66,59,25.64,,,,,,,,OK,b0e9b99133edd76edb6617ae44a3b5bdaf22948d
2026-10-04T21:10:00Z,2026-10-04T21:24:28Z,VIENTO,4660,Estación Meteorológica de Castellón Mistral,39.97736,0.02505,1.0,Puertos del Estado · estaciones meteorológicas REMPOR,https://portus.puertos.es/portussvr/api,,,,,,,,,1.3,4.7,2.2,7.9,265,22.6,OK,b0e9b99133edd76edb6617ae44a3b5bdaf22948d
2026-10-04T21:23:00Z,2026-10-04T21:24:28Z,MAREOGRAFO,3655,Mareografo de Sagunto,39.63392,-0.20624,43.9,Puertos del Estado · mareógrafo,https://portus.puertos.es/portussvr/api,,,,,,,,0.132,,,,,,,OK,b0e9b99133edd76edb6617ae44a3b5bdaf22948d
2026-10-04T22:00:00Z,2026-10-04T23:20:22Z,BOYA,1712,Boya de Tarragona,41.07,1.19,155.5,Puertos del Estado · red de boyas REDEXT,https://portus.puertos.es/portussvr/api,1.39,2.34,6.2,4.7,104,,25.9,,,,,,,,OK,c5966e38aa3dd13e51b5c1f0206e64dd4d42c30c
2026-10-04T22:00:00Z,2026-10-04T22:21:21Z,BOYA,2630,Boya de Valencia,39.51,0.2,54.9,Puertos del Estado · red de boyas REDEXT,https://portus.puertos.es/portussvr/api,0.82,1.19,8.2,5.16,75,101,24.77,,,,,,,,OK,dd08509053bc79f87210df141705dc62ca8c4571
2026-10-04T22:00:00Z,2026-10-04T22:21:21Z,BOYA,2720,Boya de Tarragona,40.69,1.47,145.2,Puertos del Estado · red de boyas REDEXT,https://portus.puertos.es/portussvr/api,1.52,2.06,5.86,4.53,68,62,25.64,,,,,,,,OK,dd08509053bc79f87210df141705dc62ca8c4571
2026-10-04T22:10:00Z,2026-10-04T22:21:21Z,VIENTO,4660,Estación Meteorológica de Castellón Mistral,39.97736,0.02505,1.0,Puertos del Estado · estaciones meteorológicas REMPOR,https://portus.puertos.es/portussvr/api,,,,,,,,,1.3,4.7,2.0,7.2,272,21.8,OK,dd08509053bc79f87210df141705dc62ca8c4571
2026-10-04T22:20:00Z,2026-10-04T22:21:21Z,MAREOGRAFO,3655,Mareografo de Sagunto,39.63392,-0.20624,43.9,Puertos del Estado · mareógrafo,https://portus.puertos.es/portussvr/api,,,,,,,,0.105,,,,,,,OK,dd08509053bc79f87210df141705dc62ca8c4571
2026-10-04T23:00:00Z,2026-10-05T00:32:10Z,BOYA,1712,Boya de Tarragona,41.07,1.19,155.5,Puertos del Estado · red de boyas REDEXT,https://portus.puertos.es/portussvr/api,1.45,2.69,6.7,5.0,108,,25.8,,,,,,,,OK,6445de2cf14bb57464f5797a7f664f3d18e5724e
2026-10-04T23:00:00Z,2026-10-04T23:20:22Z,BOYA,2630,Boya de Valencia,39.51,0.2,54.9,Puertos del Estado · red de boyas REDEXT,https://portus.puertos.es/portussvr/api,0.82,1.25,7.81,5.31,78,93,24.8,,,,,,,,OK,c5966e38aa3dd13e51b5c1f0206e64dd4d42c30c
2026-10-04T23:00:00Z,2026-10-04T23:20:22Z,BOYA,2720,Boya de Tarragona,40.69,1.47,145.2,Puertos del Estado · red de boyas REDEXT,https://portus.puertos.es/portussvr/api,1.52,2.63,5.86,4.53,69,68,25.64,,,,,,,,OK,c5966e38aa3dd13e51b5c1f0206e64dd4d42c30c
2026-10-04T23:10:00Z,2026-10-04T23:20:22Z,VIENTO,4660,Estación Meteorológica de Castellón Mistral,39.97736,0.02505,1.0,Puertos del Estado · estaciones meteorológicas REMPOR,https://portus.puertos.es/portussvr/api,,,,,,,,,0.9,3.2,1.4,5.0,271,21.9,OK,c5966e38aa3dd13e51b5c1f0206e64dd4d42c30c
2026-10-04T23:19:00Z,2026-10-04T23:20:22Z,MAREOGRAFO,3655,Mareografo de Sagunto,39.63392,-0.20624,43.9,Puertos del Estado · mareógrafo,https://portus.puertos.es/portussvr/api,,,,,,,,0.073,,,,,,,OK,c5966e38aa3dd13e51b5c1f0206e64dd4d42c30c
2026-10-05T00:00:00Z,2026-10-05T01:22:14Z,BOYA,1712,Boya de Tarragona,41.07,1.19,155.5,Puertos del Estado · red de boyas REDEXT,https://portus.puertos.es/portussvr/api,1.27,2.15,8.3,5.1,107,,25.8,,,,,,,,OK,318f0971019f3d5291010d2b8f77ca6239112543
2026-10-05T00:00:00Z,2026-10-05T00:32:10Z,BOYA,2630,Boya de Valencia,39.51,0.2,54.9,Puertos del Estado · red de boyas REDEXT,https://portus.puertos.es/portussvr/api,0.94,1.78,8.2,5.47,78,93,24.75,,,,,,,,OK,6445de2cf14bb57464f5797a7f664f3d18e5724e
2026-10-05T00:00:00Z,2026-10-05T00:32:10Z,BOYA,2720,Boya de Tarragona,40.69,1.47,145.2,Puertos del Estado · red de boyas REDEXT,https://portus.puertos.es/portussvr/api,1.52,3.03,5.66,4.69,70,65,25.6,,,,,,,,OK,6445de2cf14bb57464f5797a7f664f3d18e5724e
2026-10-05T00:20:00Z,2026-10-05T00:32:10Z,VIENTO,4660,Estación Meteorológica de Castellón Mistral,39.97736,0.02505,1.0,Puertos del Estado · estaciones meteorológicas REMPOR,https://portus.puertos.es/portussvr/api,,,,,,,,,3.6,13.0,5.3,19.1,28,22.7,OK,6445de2cf14bb57464f5797a7f664f3d18e5724e
2026-10-05T00:31:00Z,2026-10-05T00:32:10Z,MAREOGRAFO,3655,Mareografo de Sagunto,39.63392,-0.20624,43.9,Puertos del Estado · mareógrafo,https://portus.puertos.es/portussvr/api,,,,,,,,0.131,,,,,,,OK,6445de2cf14bb57464f5797a7f664f3d18e5724e
2026-10-05T01:00:00Z,2026-10-05T02:22:56Z,BOYA,1712,Boya de Tarragona,41.07,1.19,155.5,Puertos del Estado · red de boyas REDEXT,https://portus.puertos.es/portussvr/api,1.11,1.71,7.2,5.0,111,,25.8,,,,,,,,OK,add72eec23cc500b473cab3e701d10c28689244a
2026-10-05T01:00:00Z,2026-10-05T01:22:14Z,BOYA,2630,Boya de Valencia,39.51,0.2,54.9,Puertos del Estado · red de boyas REDEXT,https://portus.puertos.es/portussvr/api,0.82,1.56,8.2,5.0,69,96,24.76,,,,,,,,OK,318f0971019f3d5291010d2b8f77ca6239112543
2026-10-05T01:00:00Z,2026-10-05T01:22:14Z,BOYA,2720,Boya de Tarragona,40.69,1.47,145.2,Puertos del Estado · red de boyas REDEXT,https://portus.puertos.es/portussvr/api,1.64,2.31,6.45,4.69,66,76,25.61,,,,,,,,OK,318f0971019f3d5291010d2b8f77ca6239112543
2026-10-05T01:10:00Z,2026-10-05T01:22:14Z,VIENTO,4660,Estación Meteorológica de Castellón Mistral,39.97736,0.02505,1.0,Puertos del Estado · estaciones meteorológicas REMPOR,https://portus.puertos.es/portussvr/api,,,,,,,,,1.4,5.0,2.0,7.2,268,21.4,OK,318f0971019f3d5291010d2b8f77ca6239112543
2026-10-05T01:21:00Z,2026-10-05T01:22:14Z,MAREOGRAFO,3655,Mareografo de Sagunto,39.63392,-0.20624,43.9,Puertos del Estado · mareógrafo,https://portus.puertos.es/portussvr/api,,,,,,,,0.084,,,,,,,OK,318f0971019f3d5291010d2b8f77ca6239112543
2026-10-05T02:00:00Z,2026-10-05T03:24:30Z,BOYA,1712,Boya de Tarragona,41.07,1.19,155.5,Puertos del Estado · red de boyas REDEXT,https://portus.puertos.es/portussvr/api,1.13,2.3,7.8,5.1,115,,25.8,,,,,,,,OK,9580a78973112af52674f9c8cf42ba714886daa8
2026-10-05T02:00:00Z,2026-10-05T02:22:56Z,BOYA,2630,Boya de Valencia,39.51,0.2,54.9,Puertos del Estado · red de boyas REDEXT,https://portus.puertos.es/portussvr/api,0.94,1.31,7.81,4.06,50,87,24.77,,,,,,,,OK,add72eec23cc500b473cab3e701d10c28689244a
2026-10-05T02:00:00Z,2026-10-05T02:22:56Z,BOYA,2720,Boya de Tarragona,40.69,1.47,145.2,Puertos del Estado · red de boyas REDEXT,https://portus.puertos.es/portussvr/api,1.52,2.41,6.45,4.53,68,73,25.61,,,,,,,,OK,add72eec23cc500b473cab3e701d10c28689244a
2026-10-05T02:10:00Z,2026-10-05T02:22:56Z,VIENTO,4660,Estación Meteorológica de Castellón Mistral,39.97736,0.02505,1.0,Puertos del Estado · estaciones meteorológicas REMPOR,https://portus.puertos.es/portussvr/api,,,,,,,,,1.6,5.8,2.2,7.9,253,21.2,OK,add72eec23cc500b473cab3e701d10c28689244a
2026-10-05T02:21:00Z,2026-10-05T02:22:56Z,MAREOGRAFO,3655,Mareografo de Sagunto,39.63392,-0.20624,43.9,Puertos del Estado · mareógrafo,https://portus.puertos.es/portussvr/api,,,,,,,,0.079,,,,,,,OK,add72eec23cc500b473cab3e701d10c28689244a
2026-10-05T03:00:00Z,2026-10-05T04:24:55Z,BOYA,1712,Boya de Tarragona,41.07,1.19,155.5,Puertos del Estado · red de boyas REDEXT,https://portus.puertos.es/portussvr/api,1.26,1.95,6.8,5.3,113,,25.8,,,,,,,,OK,e2ab375b662c3bfae417c222232d391c6543ba42
2026-10-05T03:00:00Z,2026-10-05T03:24:30Z,BOYA,2630,Boya de Valencia,39.51,0.2,54.9,Puertos del Estado · red de boyas REDEXT,https://portus.puertos.es/portussvr/api,0.82,1.28,7.81,4.06,37,76,24.78,,,,,,,,OK,9580a78973112af52674f9c8cf42ba714886daa8
2026-10-05T03:00:00Z,2026-10-05T03:24:30Z,BOYA,2720,Boya de Tarragona,40.69,1.47,145.2,Puertos del Estado · red de boyas REDEXT,https://portus.puertos.es/portussvr/api,1.64,2.22,5.86,4.53,63,65,25.53,,,,,,,,OK,9580a78973112af52674f9c8cf42ba714886daa8
2026-10-05T03:10:00Z,2026-10-05T03:24:30Z,VIENTO,4660,Estación Meteorológica de Castellón Mistral,39.97736,0.02505,1.0,Puertos del Estado · estaciones meteorológicas REMPOR,https://portus.puertos.es/portussvr/api,,,,,,,,,0.6,2.2,1.1,4.0,280,21.1,OK,9580a78973112af52674f9c8cf42ba714886daa8
2026-10-05T03:23:00Z,2026-10-05T03:24:30Z,MAREOGRAFO,3655,Mareografo de Sagunto,39.63392,-0.20624,43.9,Puertos del Estado · mareógrafo,https://portus.puertos.es/portussvr/api,,,,,,,,0.053,,,,,,,OK,9580a78973112af52674f9c8cf42ba714886daa8
2026-10-05T04:00:00Z,2026-10-05T05:27:06Z,BOYA,1712,Boya de Tarragona,41.07,1.19,155.5,Puertos del Estado · red de boyas REDEXT,https://portus.puertos.es/portussvr/api,1.09,1.95,7.3,5.1,115,,25.7,,,,,,,,OK,8a2cc7c93853e78485debad16a081b5fafded267
2026-10-05T04:00:00Z,2026-10-05T04:24:55Z,BOYA,2630,Boya de Valencia,39.51,0.2,54.9,Puertos del Estado · red de boyas REDEXT,https://portus.puertos.es/portussvr/api,0.82,1.31,8.2,4.06,42,82,24.65,,,,,,,,OK,e2ab375b662c3bfae417c222232d391c6543ba42
2026-10-05T04:00:00Z,2026-10-05T04:24:55Z,BOYA,2720,Boya de Tarragona,40.69,1.47,145.2,Puertos del Estado · red de boyas REDEXT,https://portus.puertos.es/portussvr/api,1.76,2.41,7.23,4.69,62,84,25.52,,,,,,,,OK,e2ab375b662c3bfae417c222232d391c6543ba42
2026-10-05T04:10:00Z,2026-10-05T04:24:55Z,VIENTO,4660,Estación Meteorológica de Castellón Mistral,39.97736,0.02505,1.0,Puertos del Estado · estaciones meteorológicas REMPOR,https://portus.puertos.es/portussvr/api,,,,,,,,,1.2,4.3,2.2,7.9,243,21.4,OK,e2ab375b662c3bfae417c222232d391c6543ba42
2026-10-05T04:23:00Z,2026-10-05T04:24:55Z,MAREOGRAFO,3655,Mareografo de Sagunto,39.63392,-0.20624,43.9,Puertos del Estado · mareógrafo,https://portus.puertos.es/portussvr/api,,,,,,,,0.108,,,,,,,OK,e2ab375b662c3bfae417c222232d391c6543ba42
2026-10-05T05:00:00Z,2026-10-05T06:32:57Z,BOYA,1712,Boya de Tarragona,41.07,1.19,155.5,Puertos del Estado · red de boyas REDEXT,https://portus.puertos.es/portussvr/api,1.18,1.88,7.2,5.2,114,,25.7,,,,,,,,OK,604b19c2e06c5c0875a4f7764b67ec99137a9961
2026-10-05T05:00:00Z,2026-10-05T05:27:06Z,BOYA,2630,Boya de Valencia,39.51,0.2,54.9,Puertos del Estado · red de boyas REDEXT,https://portus.puertos.es/portussvr/api,0.94,1.22,7.81,4.22,113,107,24.53,,,,,,,,OK,8a2cc7c93853e78485debad16a081b5fafded267
2026-10-05T05:00:00Z,2026-10-05T05:27:06Z,BOYA,2720,Boya de Tarragona,40.69,1.47,145.2,Puertos del Estado · red de boyas REDEXT,https://portus.puertos.es/portussvr/api,1.76,3.03,6.05,4.69,62,68,25.49,,,,,,,,OK,8a2cc7c93853e78485debad16a081b5fafded267
2026-10-05T05:10:00Z,2026-10-05T05:27:06Z,VIENTO,4660,Estación Meteorológica de Castellón Mistral,39.97736,0.02505,1.0,Puertos del Estado · estaciones meteorológicas REMPOR,https://portus.puertos.es/portussvr/api,,,,,,,,,0.2,0.7,3.4,12.2,128,21.6,OK,8a2cc7c93853e78485debad16a081b5fafded267
2026-10-05T05:26:00Z,2026-10-05T05:27:06Z,MAREOGRAFO,3655,Mareografo de Sagunto,39.63392,-0.20624,43.9,Puertos del Estado · mareógrafo,https://portus.puertos.es/portussvr/api,,,,,,,,0.043,,,,,,,OK,8a2cc7c93853e78485debad16a081b5fafded267
2026-10-05T06:00:00Z,2026-10-05T07:25:34Z,BOYA,1712,Boya de Tarragona,41.07,1.19,155.5,Puertos del Estado · red de boyas REDEXT,https://portus.puertos.es/portussvr/api,1.17,1.98,7.3,4.9,112,,25.8,,,,,,,,OK,277b2d58f45633741b5d263b5f73395331a67185
2026-10-05T06:00:00Z,2026-10-05T06:32:57Z,BOYA,2630,Boya de Valencia,39.51,0.2,54.9,Puertos del Estado · red de boyas REDEXT,https://portus.puertos.es/portussvr/api,0.94,1.25,5.86,4.22,113,152,24.49,,,,,,,,OK,604b19c2e06c5c0875a4f7764b67ec99137a9961
2026-10-05T06:20:00Z,2026-10-05T06:32:57Z,VIENTO,4660,Estación Meteorológica de Castellón Mistral,39.97736,0.02505,1.0,Puertos del Estado · estaciones meteorológicas REMPOR,https://portus.puertos.es/portussvr/api,,,,,,,,,1.4,5.0,2.5,9.0,252,20.8,OK,604b19c2e06c5c0875a4f7764b67ec99137a9961
2026-10-05T06:31:00Z,2026-10-05T06:32:57Z,MAREOGRAFO,3655,Mareografo de Sagunto,39.63392,-0.20624,43.9,Puertos del Estado · mareógrafo,https://portus.puertos.es/portussvr/api,,,,,,,,0.054,,,,,,,OK,604b19c2e06c5c0875a4f7764b67ec99137a9961
2026-10-05T07:00:00Z,2026-10-05T08:26:23Z,BOYA,1712,Boya de Tarragona,41.07,1.19,155.5,Puertos del Estado · red de boyas REDEXT,https://portus.puertos.es/portussvr/api,1.16,1.72,7.2,4.9,109,,25.7,,,,,,,,OK,9209e97346a341cad6e652ef17bab1eed01cd2f4
2026-10-05T07:00:00Z,2026-10-05T07:25:34Z,BOYA,2630,Boya de Valencia,39.51,0.2,54.9,Puertos del Estado · red de boyas REDEXT,https://portus.puertos.es/portussvr/api,0.94,1.44,6.25,4.38,107,166,24.46,,,,,,,,OK,277b2d58f45633741b5d263b5f73395331a67185
2026-10-05T07:00:00Z,2026-10-05T07:25:34Z,BOYA,2720,Boya de Tarragona,40.69,1.47,145.2,Puertos del Estado · red de boyas REDEXT,https://portus.puertos.es/portussvr/api,1.76,2.53,5.86,4.69,57,59,25.41,,,,,,,,OK,277b2d58f45633741b5d263b5f73395331a67185
2026-10-05T07:10:00Z,2026-10-05T07:25:34Z,VIENTO,4660,Estación Meteorológica de Castellón Mistral,39.97736,0.02505,1.0,Puertos del Estado · estaciones meteorológicas REMPOR,https://portus.puertos.es/portussvr/api,,,,,,,,,1.2,4.3,1.7,6.1,245,21.5,OK,277b2d58f45633741b5d263b5f73395331a67185
2026-10-05T07:24:00Z,2026-10-05T07:25:34Z,MAREOGRAFO,3655,Mareografo de Sagunto,39.63392,-0.20624,43.9,Puertos del Estado · mareógrafo,https://portus.puertos.es/portussvr/api,,,,,,,,0.068,,,,,,,OK,277b2d58f45633741b5d263b5f73395331a67185
2026-10-05T08:00:00Z,2026-10-05T09:26:50Z,BOYA,1712,Boya de Tarragona,41.07,1.19,155.5,Puertos del Estado · red de boyas REDEXT,https://portus.puertos.es/portussvr/api,1.2,2.71,6.9,5.1,111,,25.7,,,,,,,,OK,21bf8a26be1b4c879f34e1d44e18245302e0decd
2026-10-05T08:00:00Z,2026-10-05T08:26:23Z,BOYA,2630,Boya de Valencia,39.51,0.2,54.9,Puertos del Estado · red de boyas REDEXT,https://portus.puertos.es/portussvr/api,0.94,1.44,6.25,4.53,90,141,24.49,,,,,,,,OK,9209e97346a341cad6e652ef17bab1eed01cd2f4
2026-10-05T08:00:00Z,2026-10-05T08:26:23Z,BOYA,2720,Boya de Tarragona,40.69,1.47,145.2,Puertos del Estado · red de boyas REDEXT,https://portus.puertos.es/portussvr/api,1.52,2.69,6.05,4.69,53,56,25.42,,,,,,,,OK,9209e97346a341cad6e652ef17bab1eed01cd2f4
2026-10-05T08:10:00Z,2026-10-05T08:26:23Z,VIENTO,4660,Estación Meteorológica de Castellón Mistral,39.97736,0.02505,1.0,Puertos del Estado · estaciones meteorológicas REMPOR,https://portus.puertos.es/portussvr/api,,,,,,,,,1.0,3.6,1.7,6.1,173,23.2,OK,9209e97346a341cad6e652ef17bab1eed01cd2f4
2026-10-05T08:25:00Z,2026-10-05T08:26:23Z,MAREOGRAFO,3655,Mareografo de Sagunto,39.63392,-0.20624,43.9,Puertos del Estado · mareógrafo,https://portus.puertos.es/portussvr/api,,,,,,,,0.111,,,,,,,OK,9209e97346a341cad6e652ef17bab1eed01cd2f4
2026-10-05T09:00:00Z,2026-10-05T10:25:21Z,BOYA,1712,Boya de Tarragona,41.07,1.19,155.5,Puertos del Estado · red de boyas REDEXT,https://portus.puertos.es/portussvr/api,1.2,1.78,6.8,5.1,109,,25.7,,,,,,,,OK,55c4da2791836290e69c16a10393d184ccc9710e
2026-10-05T09:00:00Z,2026-10-05T09:26:50Z,BOYA,2630,Boya de Valencia,39.51,0.2,54.9,Puertos del Estado · red de boyas REDEXT,https://portus.puertos.es/portussvr/api,1.05,1.47,7.42,4.53,81,107,24.5,,,,,,,,OK,21bf8a26be1b4c879f34e1d44e18245302e0decd
2026-10-05T09:00:00Z,2026-10-05T09:26:50Z,BOYA,2720,Boya de Tarragona,40.69,1.47,145.2,Puertos del Estado · red de boyas REDEXT,https://portus.puertos.es/portussvr/api,1.41,2.09,6.64,4.53,53,65,25.43,,,,,,,,OK,21bf8a26be1b4c879f34e1d44e18245302e0decd
2026-10-05T09:10:00Z,2026-10-05T09:26:50Z,VIENTO,4660,Estación Meteorológica de Castellón Mistral,39.97736,0.02505,1.0,Puertos del Estado · estaciones meteorológicas REMPOR,https://portus.puertos.es/portussvr/api,,,,,,,,,1.6,5.8,2.8,10.1,154,24.3,OK,21bf8a26be1b4c879f34e1d44e18245302e0decd
2026-10-05T09:25:00Z,2026-10-05T09:26:50Z,MAREOGRAFO,3655,Mareografo de Sagunto,39.63392,-0.20624,43.9,Puertos del Estado · mareógrafo,https://portus.puertos.es/portussvr/api,,,,,,,,0.113,,,,,,,OK,21bf8a26be1b4c879f34e1d44e18245302e0decd
2026-10-05T10:00:00Z,2026-10-05T11:23:42Z,BOYA,1712,Boya de Tarragona,41.07,1.19,155.5,Puertos del Estado · red de boyas REDEXT,https://portus.puertos.es/portussvr/api,1.16,1.81,6.7,5.1,109,,25.7,,,,,,,,OK,1195bc17ef6a4acb42eecd0094c09058988dcb6d
2026-10-05T10:00:00Z,2026-10-05T10:25:21Z,BOYA,2630,Boya de Valencia,39.51,0.2,54.9,Puertos del Estado · red de boyas REDEXT,https://portus.puertos.es/portussvr/api,1.05,1.44,6.45,4.69,100,132,24.54,,,,,,,,OK,55c4da2791836290e69c16a10393d184ccc9710e
2026-10-05T10:00:00Z,2026-10-05T10:25:21Z,BOYA,2720,Boya de Tarragona,40.69,1.47,145.2,Puertos del Estado · red de boyas REDEXT,https://portus.puertos.es/portussvr/api,1.29,1.91,6.25,4.53,51,62,25.47,,,,,,,,OK,55c4da2791836290e69c16a10393d184ccc9710e
2026-10-05T10:10:00Z,2026-10-05T10:25:21Z,VIENTO,4660,Estación Meteorológica de Castellón Mistral,39.97736,0.02505,1.0,Puertos del Estado · estaciones meteorológicas REMPOR,https://portus.puertos.es/portussvr/api,,,,,,,,,2.6,9.4,3.6,13.0,132,24.1,OK,55c4da2791836290e69c16a10393d184ccc9710e
2026-10-05T10:24:00Z,2026-10-05T10:25:21Z,MAREOGRAFO,3655,Mareografo de Sagunto,39.63392,-0.20624,43.9,Puertos del Estado · mareógrafo,https://portus.puertos.es/portussvr/api,,,,,,,,0.137,,,,,,,OK,55c4da2791836290e69c16a10393d184ccc9710e
2026-10-05T11:00:00Z,2026-10-05T12:29:49Z,BOYA,1712,Boya de Tarragona,41.07,1.19,155.5,Puertos del Estado · red de boyas REDEXT,https://portus.puertos.es/portussvr/api,1.23,1.88,7.0,4.8,107,,25.8,,,,,,,,OK,32b95b395724e10cb70ed4537f24f5cf564e87a3
2026-10-05T11:00:00Z,2026-10-05T11:23:42Z,BOYA,2630,Boya de Valencia,39.51,0.2,54.9,Puertos del Estado · red de boyas REDEXT,https://portus.puertos.es/portussvr/api,0.94,1.84,5.86,4.84,103,146,24.54,,,,,,,,OK,1195bc17ef6a4acb42eecd0094c09058988dcb6d
2026-10-05T11:00:00Z,2026-10-05T11:23:42Z,BOYA,2720,Boya de Tarragona,40.69,1.47,145.2,Puertos del Estado · red de boyas REDEXT,https://portus.puertos.es/portussvr/api,1.29,2.03,6.84,4.53,54,65,25.51,,,,,,,,OK,1195bc17ef6a4acb42eecd0094c09058988dcb6d
2026-10-05T11:10:00Z,2026-10-05T11:23:42Z,VIENTO,4660,Estación Meteorológica de Castellón Mistral,39.97736,0.02505,1.0,Puertos del Estado · estaciones meteorológicas REMPOR,https://portus.puertos.es/portussvr/api,,,,,,,,,2.7,9.7,3.6,13.0,139,24.3,OK,1195bc17ef6a4acb42eecd0094c09058988dcb6d
2026-10-05T11:22:00Z,2026-10-05T11:23:42Z,MAREOGRAFO,3655,Mareografo de Sagunto,39.63392,-0.20624,43.9,Puertos del Estado · mareógrafo,https://portus.puertos.es/portussvr/api,,,,,,,,0.146,,,,,,,OK,1195bc17ef6a4acb42eecd0094c09058988dcb6d
2026-10-05T12:00:00Z,2026-10-05T13:28:18Z,BOYA,1712,Boya de Tarragona,41.07,1.19,155.5,Puertos del Estado · red de boyas REDEXT,https://portus.puertos.es/portussvr/api,1.06,1.76,6.5,4.6,108,,25.8,,,,,,,,OK,21c11141751a8e928f3aea0fdb948083041d1c47
2026-10-05T12:00:00Z,2026-10-05T12:29:49Z,BOYA,2630,Boya de Valencia,39.51,0.2,54.9,Puertos del Estado · red de boyas REDEXT,https://portus.puertos.es/portussvr/api,0.94,1.31,6.25,4.69,128,158,24.66,,,,,,,,OK,32b95b395724e10cb70ed4537f24f5cf564e87a3
2026-10-05T12:00:00Z,2026-10-05T12:29:49Z,BOYA,2720,Boya de Tarragona,40.69,1.47,145.2,Puertos del Estado · red de boyas REDEXT,https://portus.puertos.es/portussvr/api,1.17,1.75,6.05,4.53,56,62,25.53,,,,,,,,OK,32b95b395724e10cb70ed4537f24f5cf564e87a3
2026-10-05T12:10:00Z,2026-10-05T12:29:49Z,VIENTO,4660,Estación Meteorológica de Castellón Mistral,39.97736,0.02505,1.0,Puertos del Estado · estaciones meteorológicas REMPOR,https://portus.puertos.es/portussvr/api,,,,,,,,,2.1,7.6,3.9,14.0,104,24.6,OK,32b95b395724e10cb70ed4537f24f5cf564e87a3
2026-10-05T12:28:00Z,2026-10-05T12:29:49Z,MAREOGRAFO,3655,Mareografo de Sagunto,39.63392,-0.20624,43.9,Puertos del Estado · mareógrafo,https://portus.puertos.es/portussvr/api,,,,,,,,0.167,,,,,,,OK,32b95b395724e10cb70ed4537f24f5cf564e87a3
2026-10-05T13:00:00Z,2026-10-05T14:28:23Z,BOYA,1712,Boya de Tarragona,41.07,1.19,155.5,Puertos del Estado · red de boyas REDEXT,https://portus.puertos.es/portussvr/api,0.9,1.52,7.3,4.5,109,,25.9,,,,,,,,OK,88d9d45312eaaf16de4eb4e39a7a56fa40c05a1e
2026-10-05T13:00:00Z,2026-10-05T13:28:18Z,BOYA,2630,Boya de Valencia,39.51,0.2,54.9,Puertos del Estado · red de boyas REDEXT,https://portus.puertos.es/portussvr/api,0.94,1.41,6.64,4.69,153,166,24.77,,,,,,,,OK,21c11141751a8e928f3aea0fdb948083041d1c47
2026-10-05T13:00:00Z,2026-10-05T13:28:18Z,BOYA,2720,Boya de Tarragona,40.69,1.47,145.2,Puertos del Estado · red de boyas REDEXT,https://portus.puertos.es/portussvr/api,1.17,1.63,6.25,4.53,55,62,25.56,,,,,,,,OK,21c11141751a8e928f3aea0fdb948083041d1c47
2026-10-05T13:10:00Z,2026-10-05T13:28:18Z,VIENTO,4660,Estación Meteorológica de Castellón Mistral,39.97736,0.02505,1.0,Puertos del Estado · estaciones meteorológicas REMPOR,https://portus.puertos.es/portussvr/api,,,,,,,,,2.2,7.9,3.4,12.2,96,24.8,OK,21c11141751a8e928f3aea0fdb948083041d1c47
2026-10-05T13:27:00Z,2026-10-05T13:28:18Z,MAREOGRAFO,3655,Mareografo de Sagunto,39.63392,-0.20624,43.9,Puertos del Estado · mareógrafo,https://portus.puertos.es/portussvr/api,,,,,,,,0.2,,,,,,,OK,21c11141751a8e928f3aea0fdb948083041d1c47
2026-10-05T14:00:00Z,2026-10-05T15:25:45Z,BOYA,1712,Boya de Tarragona,41.07,1.19,155.5,Puertos del Estado · red de boyas REDEXT,https://portus.puertos.es/portussvr/api,0.88,1.28,7.4,4.4,112,,25.9,,,,,,,,OK,cb6961e415af8b18bade5662bfd14b4e70d3665e
2026-10-05T14:00:00Z,2026-10-05T14:28:23Z,BOYA,2630,Boya de Valencia,39.51,0.2,54.9,Puertos del Estado · red de boyas REDEXT,https://portus.puertos.es/portussvr/api,0.94,1.41,6.84,4.84,179,194,24.7,,,,,,,,OK,88d9d45312eaaf16de4eb4e39a7a56fa40c05a1e
2026-10-05T14:00:00Z,2026-10-05T14:28:23Z,BOYA,2720,Boya de Tarragona,40.69,1.47,145.2,Puertos del Estado · red de boyas REDEXT,https://portus.puertos.es/portussvr/api,1.17,1.94,6.25,4.53,57,76,25.57,,,,,,,,OK,88d9d45312eaaf16de4eb4e39a7a56fa40c05a1e
2026-10-05T14:10:00Z,2026-10-05T14:28:23Z,VIENTO,4660,Estación Meteorológica de Castellón Mistral,39.97736,0.02505,1.0,Puertos del Estado · estaciones meteorológicas REMPOR,https://portus.puertos.es/portussvr/api,,,,,,,,,1.8,6.5,3.1,11.2,116,24.6,OK,88d9d45312eaaf16de4eb4e39a7a56fa40c05a1e
2026-10-05T14:27:00Z,2026-10-05T14:28:23Z,MAREOGRAFO,3655,Mareografo de Sagunto,39.63392,-0.20624,43.9,Puertos del Estado · mareógrafo,https://portus.puertos.es/portussvr/api,,,,,,,,0.19,,,,,,,OK,88d9d45312eaaf16de4eb4e39a7a56fa40c05a1e
2026-10-05T15:00:00Z,2026-10-05T16:24:54Z,BOYA,1712,Boya de Tarragona,41.07,1.19,155.5,Puertos del Estado · red de boyas REDEXT,https://portus.puertos.es/portussvr/api,0.85,1.37,7.3,4.2,114,,25.9,,,,,,,,OK,15084e39d3a46f730ee20e67b2b2e6a217763ab4
2026-10-05T15:00:00Z,2026-10-05T15:25:45Z,BOYA,2630,Boya de Valencia,39.51,0.2,54.9,Puertos del Estado · red de boyas REDEXT,https://portus.puertos.es/portussvr/api,0.82,1.47,6.45,4.84,231,222,24.71,,,,,,,,OK,cb6961e415af8b18bade5662bfd14b4e70d3665e
2026-10-05T15:00:00Z,2026-10-05T15:25:45Z,BOYA,2720,Boya de Tarragona,40.69,1.47,145.2,Puertos del Estado · red de boyas REDEXT,https://portus.puertos.es/portussvr/api,1.17,1.72,5.86,4.53,59,65,25.58,,,,,,,,OK,cb6961e415af8b18bade5662bfd14b4e70d3665e
2026-10-05T15:10:00Z,2026-10-05T15:25:45Z,VIENTO,4660,Estación Meteorológica de Castellón Mistral,39.97736,0.02505,1.0,Puertos del Estado · estaciones meteorológicas REMPOR,https://portus.puertos.es/portussvr/api,,,,,,,,,1.1,4.0,3.1,11.2,57,25.2,OK,cb6961e415af8b18bade5662bfd14b4e70d3665e
2026-10-05T15:24:00Z,2026-10-05T15:25:45Z,MAREOGRAFO,3655,Mareografo de Sagunto,39.63392,-0.20624,43.9,Puertos del Estado · mareógrafo,https://portus.puertos.es/portussvr/api,,,,,,,,0.17,,,,,,,OK,cb6961e415af8b18bade5662bfd14b4e70d3665e
2026-10-05T16:00:00Z,2026-10-05T17:22:55Z,BOYA,1712,Boya de Tarragona,41.07,1.19,155.5,Puertos del Estado · red de boyas REDEXT,https://portus.puertos.es/portussvr/api,0.82,1.18,7.3,4.1,111,,25.9,,,,,,,,OK,944724e028a5ba3520a658305ffdb9c209026b6a
2026-10-05T16:00:00Z,2026-10-05T16:24:54Z,BOYA,2630,Boya de Valencia,39.51,0.2,54.9,Puertos del Estado · red de boyas REDEXT,https://portus.puertos.es/portussvr/api,0.82,1.22,7.03,4.69,306,208,24.82,,,,,,,,OK,15084e39d3a46f730ee20e67b2b2e6a217763ab4
2026-10-05T16:00:00Z,2026-10-05T16:24:54Z,BOYA,2720,Boya de Tarragona,40.69,1.47,145.2,Puertos del Estado · red de boyas REDEXT,https://portus.puertos.es/portussvr/api,1.05,1.63,6.45,4.38,59,59,25.56,,,,,,,,OK,15084e39d3a46f730ee20e67b2b2e6a217763ab4
2026-10-05T16:10:00Z,2026-10-05T16:24:54Z,VIENTO,4660,Estación Meteorológica de Castellón Mistral,39.97736,0.02505,1.0,Puertos del Estado · estaciones meteorológicas REMPOR,https://portus.puertos.es/portussvr/api,,,,,,,,,1.2,4.3,2.5,9.0,111,24.1,OK,15084e39d3a46f730ee20e67b2b2e6a217763ab4
2026-10-05T16:23:00Z,2026-10-05T16:24:54Z,MAREOGRAFO,3655,Mareografo de Sagunto,39.63392,-0.20624,43.9,Puertos del Estado · mareógrafo,https://portus.puertos.es/portussvr/api,,,,,,,,0.22,,,,,,,OK,15084e39d3a46f730ee20e67b2b2e6a217763ab4
2026-10-05T17:00:00Z,2026-10-05T18:28:06Z,BOYA,1712,Boya de Tarragona,41.07,1.19,155.5,Puertos del Estado · red de boyas REDEXT,https://portus.puertos.es/portussvr/api,0.65,1.13,6.6,3.7,111,,25.8,,,,,,,,OK,9ddf8c8c04ebe2637d5d82d9560e09044ca5e422
2026-10-05T17:00:00Z,2026-10-05T17:22:55Z,BOYA,2630,Boya de Valencia,39.51,0.2,54.9,Puertos del Estado · red de boyas REDEXT,https://portus.puertos.es/portussvr/api,0.82,1.97,6.45,4.69,39,48,24.79,,,,,,,,OK,944724e028a5ba3520a658305ffdb9c209026b6a
2026-10-05T17:00:00Z,2026-10-05T17:22:55Z,BOYA,2720,Boya de Tarragona,40.69,1.47,145.2,Puertos del Estado · red de boyas REDEXT,https://portus.puertos.es/portussvr/api,1.05,1.81,5.66,4.53,60,70,25.56,,,,,,,,OK,944724e028a5ba3520a658305ffdb9c209026b6a
2026-10-05T17:10:00Z,2026-10-05T17:22:55Z,VIENTO,4660,Estación Meteorológica de Castellón Mistral,39.97736,0.02505,1.0,Puertos del Estado · estaciones meteorológicas REMPOR,https://portus.puertos.es/portussvr/api,,,,,,,,,0.7,2.5,1.4,5.0,69,24.0,OK,944724e028a5ba3520a658305ffdb9c209026b6a
2026-10-05T17:21:00Z,2026-10-05T17:22:55Z,MAREOGRAFO,3655,Mareografo de Sagunto,39.63392,-0.20624,43.9,Puertos del Estado · mareógrafo,https://portus.puertos.es/portussvr/api,,,,,,,,0.21,,,,,,,OK,944724e028a5ba3520a658305ffdb9c209026b6a
2026-10-05T18:00:00Z,2026-10-05T18:28:06Z,BOYA,2630,Boya de Valencia,39.51,0.2,54.9,Puertos del Estado · red de boyas REDEXT,https://portus.puertos.es/portussvr/api,0.82,1.09,6.45,4.69,40,45,24.75,,,,,,,,OK,9ddf8c8c04ebe2637d5d82d9560e09044ca5e422
2026-10-05T18:00:00Z,2026-10-05T18:28:06Z,BOYA,2720,Boya de Tarragona,40.69,1.47,145.2,Puertos del Estado · red de boyas REDEXT,https://portus.puertos.es/portussvr/api,0.82,1.5,5.86,4.38,65,76,25.54,,,,,,,,OK,9ddf8c8c04ebe2637d5d82d9560e09044ca5e422
2026-10-05T18:10:00Z,2026-10-05T18:28:06Z,VIENTO,4660,Estación Meteorológica de Castellón Mistral,39.97736,0.02505,1.0,Puertos del Estado · estaciones meteorológicas REMPOR,https://portus.puertos.es/portussvr/api,,,,,,,,,0.7,2.5,2.0,7.2,57,23.8,OK,9ddf8c8c04ebe2637d5d82d9560e09044ca5e422
2026-10-05T18:26:00Z,2026-10-05T18:28:06Z,MAREOGRAFO,3655,Mareografo de Sagunto,39.63392,-0.20624,43.9,Puertos del Estado · mareógrafo,https://portus.puertos.es/portussvr/api,,,,,,,,0.171,,,,,,,OK,9ddf8c8c04ebe2637d5d82d9560e09044ca5e422
2026-10-05T20:00:00Z,2026-10-05T21:31:51Z,BOYA,1712,Boya de Tarragona,41.07,1.19,155.5,Puertos del Estado · red de boyas REDEXT,https://portus.puertos.es/portussvr/api,0.51,0.93,6.6,4.2,102,,25.8,,,,,,,,OK,548a9006c960b664b875561480bb1930663b6433
2026-10-05T21:00:00Z,2026-10-05T22:21:52Z,BOYA,1712,Boya de Tarragona,41.07,1.19,155.5,Puertos del Estado · red de boyas REDEXT,https://portus.puertos.es/portussvr/api,0.52,0.8,6.9,4.7,104,,25.7,,,,,,,,OK,4d2d79b50d36f9b315b6040af45110307389a18b
2026-10-05T21:00:00Z,2026-10-05T21:31:51Z,BOYA,2630,Boya de Valencia,39.51,0.2,54.9,Puertos del Estado · red de boyas REDEXT,https://portus.puertos.es/portussvr/api,0.59,0.94,6.25,4.38,42,68,24.89,,,,,,,,OK,548a9006c960b664b875561480bb1930663b6433
2026-10-05T21:00:00Z,2026-10-05T21:31:51Z,BOYA,2720,Boya de Tarragona,40.69,1.47,145.2,Puertos del Estado · red de boyas REDEXT,https://portus.puertos.es/portussvr/api,0.94,1.31,6.45,4.69,74,84,25.49,,,,,,,,OK,548a9006c960b664b875561480bb1930663b6433
2026-10-05T21:20:00Z,2026-10-05T21:31:51Z,VIENTO,4660,Estación Meteorológica de Castellón Mistral,39.97736,0.02505,1.0,Puertos del Estado · estaciones meteorológicas REMPOR,https://portus.puertos.es/portussvr/api,,,,,,,,,0.8,2.9,1.4,5.0,250,22.6,OK,548a9006c960b664b875561480bb1930663b6433
2026-10-05T21:30:00Z,2026-10-05T21:31:51Z,MAREOGRAFO,3655,Mareografo de Sagunto,39.63392,-0.20624,43.9,Puertos del Estado · mareógrafo,https://portus.puertos.es/portussvr/api,,,,,,,,0.143,,,,,,,OK,548a9006c960b664b875561480bb1930663b6433
2026-10-05T22:00:00Z,2026-10-05T23:19:45Z,BOYA,1712,Boya de Tarragona,41.07,1.19,155.5,Puertos del Estado · red de boyas REDEXT,https://portus.puertos.es/portussvr/api,0.57,0.86,7.1,5.0,107,,25.7,,,,,,,,OK,6bfa19d89a1979abe69700bea262d54dbf14b1d5
2026-10-05T22:00:00Z,2026-10-05T22:21:52Z,BOYA,2630,Boya de Valencia,39.51,0.2,54.9,Puertos del Estado · red de boyas REDEXT,https://portus.puertos.es/portussvr/api,0.59,0.91,6.64,4.53,41,48,24.88,,,,,,,,OK,4d2d79b50d36f9b315b6040af45110307389a18b
2026-10-05T22:00:00Z,2026-10-05T22:21:52Z,BOYA,2720,Boya de Tarragona,40.69,1.47,145.2,Puertos del Estado · red de boyas REDEXT,https://portus.puertos.es/portussvr/api,0.82,1.25,6.84,4.53,73,87,25.5,,,,,,,,OK,4d2d79b50d36f9b315b6040af45110307389a18b
2026-10-05T22:10:00Z,2026-10-05T22:21:52Z,VIENTO,4660,Estación Meteorológica de Castellón Mistral,39.97736,0.02505,1.0,Puertos del Estado · estaciones meteorológicas REMPOR,https://portus.puertos.es/portussvr/api,,,,,,,,,2.3,8.3,3.6,13.0,254,22.7,OK,4d2d79b50d36f9b315b6040af45110307389a18b
2026-10-05T22:20:00Z,2026-10-05T22:21:52Z,MAREOGRAFO,3655,Mareografo de Sagunto,39.63392,-0.20624,43.9,Puertos del Estado · mareógrafo,https://portus.puertos.es/portussvr/api,,,,,,,,0.125,,,,,,,OK,4d2d79b50d36f9b315b6040af45110307389a18b
2026-10-05T23:00:00Z,2026-10-06T00:32:54Z,BOYA,1712,Boya de Tarragona,41.07,1.19,155.5,Puertos del Estado · red de boyas REDEXT,https://portus.puertos.es/portussvr/api,0.64,1.08,6.9,5.2,108,,25.7,,,,,,,,OK,a64718de339b79827909571681c99eb0f76c8007
2026-10-05T23:00:00Z,2026-10-05T23:19:45Z,BOYA,2630,Boya de Valencia,39.51,0.2,54.9,Puertos del Estado · red de boyas REDEXT,https://portus.puertos.es/portussvr/api,0.59,0.94,5.86,4.69,42,48,24.94,,,,,,,,OK,6bfa19d89a1979abe69700bea262d54dbf14b1d5
2026-10-05T23:00:00Z,2026-10-05T23:19:45Z,BOYA,2720,Boya de Tarragona,40.69,1.47,145.2,Puertos del Estado · red de boyas REDEXT,https://portus.puertos.es/portussvr/api,0.7,1.06,5.86,4.53,77,82,25.49,,,,,,,,OK,6bfa19d89a1979abe69700bea262d54dbf14b1d5
2026-10-05T23:00:00Z,2026-10-05T23:19:45Z,VIENTO,4660,Estación Meteorológica de Castellón Mistral,39.97736,0.02505,1.0,Puertos del Estado · estaciones meteorológicas REMPOR,https://portus.puertos.es/portussvr/api,,,,,,,,,1.0,3.6,2.0,7.2,342,22.6,OK,6bfa19d89a1979abe69700bea262d54dbf14b1d5
2026-10-05T23:18:00Z,2026-10-05T23:19:45Z,MAREOGRAFO,3655,Mareografo de Sagunto,39.63392,-0.20624,43.9,Puertos del Estado · mareógrafo,https://portus.puertos.es/portussvr/api,,,,,,,,0.083,,,,,,,OK,6bfa19d89a1979abe69700bea262d54dbf14b1d5
2026-10-06T00:00:00Z,2026-10-06T01:22:34Z,BOYA,1712,Boya de Tarragona,41.07,1.19,155.5,Puertos del Estado · red de boyas REDEXT,https://portus.puertos.es/portussvr/api,0.62,1.29,7.0,5.2,112,,25.6,,,,,,,,OK,d1a45ba5dfae725a435b917e872b67895f5aeb81
2026-10-06T00:00:00Z,2026-10-06T00:32:54Z,BOYA,2630,Boya de Valencia,39.51,0.2,54.9,Puertos del Estado · red de boyas REDEXT,https://portus.puertos.es/portussvr/api,0.59,0.94,6.25,4.38,44,56,24.98,,,,,,,,OK,a64718de339b79827909571681c99eb0f76c8007
2026-10-06T00:00:00Z,2026-10-06T00:32:54Z,BOYA,2720,Boya de Tarragona,40.69,1.47,145.2,Puertos del Estado · red de boyas REDEXT,https://portus.puertos.es/portussvr/api,0.7,1.22,6.84,4.69,77,82,25.48,,,,,,,,OK,a64718de339b79827909571681c99eb0f76c8007
2026-10-06T00:20:00Z,2026-10-06T00:32:54Z,VIENTO,4660,Estación Meteorológica de Castellón Mistral,39.97736,0.02505,1.0,Puertos del Estado · estaciones meteorológicas REMPOR,https://portus.puertos.es/portussvr/api,,,,,,,,,0.0,0.0,0.3,1.1,163,22.5,OK,a64718de339b79827909571681c99eb0f76c8007
2026-10-06T00:31:00Z,2026-10-06T00:32:54Z,MAREOGRAFO,3655,Mareografo de Sagunto,39.63392,-0.20624,43.9,Puertos del Estado · mareógrafo,https://portus.puertos.es/portussvr/api,,,,,,,,0.05,,,,,,,OK,a64718de339b79827909571681c99eb0f76c8007
2026-10-06T01:00:00Z,2026-10-06T02:22:14Z,BOYA,1712,Boya de Tarragona,41.07,1.19,155.5,Puertos del Estado · red de boyas REDEXT,https://portus.puertos.es/portussvr/api,0.68,1.07,6.6,5.3,114,,25.6,,,,,,,,OK,90e8822f29f8796046a0c26f0c5909c3f3b7b0c7
2026-10-06T01:00:00Z,2026-10-06T01:22:34Z,BOYA,2630,Boya de Valencia,39.51,0.2,54.9,Puertos del Estado · red de boyas REDEXT,https://portus.puertos.es/portussvr/api,0.59,0.84,5.86,4.69,45,48,25.02,,,,,,,,OK,d1a45ba5dfae725a435b917e872b67895f5aeb81
2026-10-06T01:00:00Z,2026-10-06T01:22:34Z,BOYA,2720,Boya de Tarragona,40.69,1.47,145.2,Puertos del Estado · red de boyas REDEXT,https://portus.puertos.es/portussvr/api,0.7,1.13,6.84,4.69,77,87,25.49,,,,,,,,OK,d1a45ba5dfae725a435b917e872b67895f5aeb81
2026-10-06T01:10:00Z,2026-10-06T01:22:34Z,VIENTO,4660,Estación Meteorológica de Castellón Mistral,39.97736,0.02505,1.0,Puertos del Estado · estaciones meteorológicas REMPOR,https://portus.puertos.es/portussvr/api,,,,,,,,,1.1,4.0,2.0,7.2,252,21.6,OK,d1a45ba5dfae725a435b917e872b67895f5aeb81
2026-10-06T01:21:00Z,2026-10-06T01:22:34Z,MAREOGRAFO,3655,Mareografo de Sagunto,39.63392,-0.20624,43.9,Puertos del Estado · mareógrafo,https://portus.puertos.es/portussvr/api,,,,,,,,0.092,,,,,,,OK,d1a45ba5dfae725a435b917e872b67895f5aeb81
2026-10-06T02:00:00Z,2026-10-06T03:22:30Z,BOYA,1712,Boya de Tarragona,41.07,1.19,155.5,Puertos del Estado · red de boyas REDEXT,https://portus.puertos.es/portussvr/api,0.64,1.02,7.0,5.1,115,,25.6,,,,,,,,OK,499aca2b3c8975bc227296c4b3203986835b2d33
2026-10-06T02:00:00Z,2026-10-06T02:22:14Z,BOYA,2630,Boya de Valencia,39.51,0.2,54.9,Puertos del Estado · red de boyas REDEXT,https://portus.puertos.es/portussvr/api,0.47,0.75,6.45,4.69,42,56,25.07,,,,,,,,OK,90e8822f29f8796046a0c26f0c5909c3f3b7b0c7
2026-10-06T02:00:00Z,2026-10-06T02:22:14Z,BOYA,2720,Boya de Tarragona,40.69,1.47,145.2,Puertos del Estado · red de boyas REDEXT,https://portus.puertos.es/portussvr/api,0.7,1.16,6.64,4.84,77,79,25.47,,,,,,,,OK,90e8822f29f8796046a0c26f0c5909c3f3b7b0c7
2026-10-06T02:10:00Z,2026-10-06T02:22:14Z,VIENTO,4660,Estación Meteorológica de Castellón Mistral,39.97736,0.02505,1.0,Puertos del Estado · estaciones meteorológicas REMPOR,https://portus.puertos.es/portussvr/api,,,,,,,,,0.8,2.9,1.4,5.0,261,21.7,OK,90e8822f29f8796046a0c26f0c5909c3f3b7b0c7
2026-10-06T02:21:00Z,2026-10-06T02:22:14Z,MAREOGRAFO,3655,Mareografo de Sagunto,39.63392,-0.20624,43.9,Puertos del Estado · mareógrafo,https://portus.puertos.es/portussvr/api,,,,,,,,0.108,,,,,,,OK,90e8822f29f8796046a0c26f0c5909c3f3b7b0c7
2026-10-06T03:00:00Z,2026-10-06T04:23:47Z,BOYA,1712,Boya de Tarragona,41.07,1.19,155.5,Puertos del Estado · red de boyas REDEXT,https://portus.puertos.es/portussvr/api,0.58,0.94,6.4,4.9,111,,25.6,,,,,,,,OK,da00cd57f6a57ffb8cc110395bd274b480c4dc42
2026-10-06T03:00:00Z,2026-10-06T03:22:30Z,BOYA,2630,Boya de Valencia,39.51,0.2,54.9,Puertos del Estado · red de boyas REDEXT,https://portus.puertos.es/portussvr/api,0.47,0.84,6.25,4.84,48,56,25.1,,,,,,,,OK,499aca2b3c8975bc227296c4b3203986835b2d33
2026-10-06T03:00:00Z,2026-10-06T03:22:30Z,BOYA,2720,Boya de Tarragona,40.69,1.47,145.2,Puertos del Estado · red de boyas REDEXT,https://portus.puertos.es/portussvr/api,0.7,1.38,6.45,4.84,78,84,25.46,,,,,,,,OK,499aca2b3c8975bc227296c4b3203986835b2d33
2026-10-06T03:10:00Z,2026-10-06T03:22:30Z,VIENTO,4660,Estación Meteorológica de Castellón Mistral,39.97736,0.02505,1.0,Puertos del Estado · estaciones meteorológicas REMPOR,https://portus.puertos.es/portussvr/api,,,,,,,,,0.5,1.8,1.4,5.0,272,21.7,OK,499aca2b3c8975bc227296c4b3203986835b2d33
2026-10-06T03:21:00Z,2026-10-06T03:22:30Z,MAREOGRAFO,3655,Mareografo de Sagunto,39.63392,-0.20624,43.9,Puertos del Estado · mareógrafo,https://portus.puertos.es/portussvr/api,,,,,,,,0.101,,,,,,,OK,499aca2b3c8975bc227296c4b3203986835b2d33
2026-10-06T04:00:00Z,2026-10-06T05:22:51Z,BOYA,1712,Boya de Tarragona,41.07,1.19,155.5,Puertos del Estado · red de boyas REDEXT,https://portus.puertos.es/portussvr/api,0.61,1.12,6.5,5.1,111,,25.6,,,,,,,,OK,ef366be072ef3f957ae4360d9e81951a405451b7
2026-10-06T04:00:00Z,2026-10-06T04:23:47Z,BOYA,2630,Boya de Valencia,39.51,0.2,54.9,Puertos del Estado · red de boyas REDEXT,https://portus.puertos.es/portussvr/api,0.59,0.94,6.45,4.84,48,48,25.13,,,,,,,,OK,da00cd57f6a57ffb8cc110395bd274b480c4dc42
2026-10-06T04:00:00Z,2026-10-06T04:23:47Z,BOYA,2720,Boya de Tarragona,40.69,1.47,145.2,Puertos del Estado · red de boyas REDEXT,https://portus.puertos.es/portussvr/api,0.7,1.34,6.25,4.69,72,68,25.46,,,,,,,,OK,da00cd57f6a57ffb8cc110395bd274b480c4dc42
2026-10-06T04:10:00Z,2026-10-06T04:23:47Z,VIENTO,4660,Estación Meteorológica de Castellón Mistral,39.97736,0.02505,1.0,Puertos del Estado · estaciones meteorológicas REMPOR,https://portus.puertos.es/portussvr/api,,,,,,,,,0.0,0.0,0.0,0.0,308,21.9,OK,da00cd57f6a57ffb8cc110395bd274b480c4dc42
2026-10-06T04:22:00Z,2026-10-06T04:23:47Z,MAREOGRAFO,3655,Mareografo de Sagunto,39.63392,-0.20624,43.9,Puertos del Estado · mareógrafo,https://portus.puertos.es/portussvr/api,,,,,,,,0.084,,,,,,,OK,da00cd57f6a57ffb8cc110395bd274b480c4dc42
2026-10-06T05:00:00Z,2026-10-06T06:28:20Z,BOYA,1712,Boya de Tarragona,41.07,1.19,155.5,Puertos del Estado · red de boyas REDEXT,https://portus.puertos.es/portussvr/api,0.59,0.89,6.6,4.9,112,,25.6,,,,,,,,OK,7225b889d8104aa40f816616d115a4dd0598c5ec
2026-10-06T05:00:00Z,2026-10-06T05:22:51Z,BOYA,2630,Boya de Valencia,39.51,0.2,54.9,Puertos del Estado · red de boyas REDEXT,https://portus.puertos.es/portussvr/api,0.59,0.94,6.25,5.16,56,65,25.14,,,,,,,,OK,ef366be072ef3f957ae4360d9e81951a405451b7
2026-10-06T05:00:00Z,2026-10-06T05:22:51Z,BOYA,2720,Boya de Tarragona,40.69,1.47,145.2,Puertos del Estado · red de boyas REDEXT,https://portus.puertos.es/portussvr/api,0.7,0.97,7.03,4.69,72,87,25.45,,,,,,,,OK,ef366be072ef3f957ae4360d9e81951a405451b7
2026-10-06T05:10:00Z,2026-10-06T05:22:51Z,VIENTO,4660,Estación Meteorológica de Castellón Mistral,39.97736,0.02505,1.0,Puertos del Estado · estaciones meteorológicas REMPOR,https://portus.puertos.es/portussvr/api,,,,,,,,,1.0,3.6,1.7,6.1,145,22.9,OK,ef366be072ef3f957ae4360d9e81951a405451b7
2026-10-06T05:21:00Z,2026-10-06T05:22:51Z,MAREOGRAFO,3655,Mareografo de Sagunto,39.63392,-0.20624,43.9,Puertos del Estado · mareógrafo,https://portus.puertos.es/portussvr/api,,,,,,,,0.057,,,,,,,OK,ef366be072ef3f957ae4360d9e81951a405451b7
2026-10-06T06:00:00Z,2026-10-06T07:24:14Z,BOYA,1712,Boya de Tarragona,41.07,1.19,155.5,Puertos del Estado · red de boyas REDEXT,https://portus.puertos.es/portussvr/api,0.59,1.0,6.8,4.9,111,,25.6,,,,,,,,OK,44ee7482b422164711b1d8e43104aeb6285993c6
2026-10-06T06:00:00Z,2026-10-06T06:28:20Z,BOYA,2630,Boya de Valencia,39.51,0.2,54.9,Puertos del Estado · red de boyas REDEXT,https://portus.puertos.es/portussvr/api,0.47,0.78,6.84,5.0,64,70,25.16,,,,,,,,OK,7225b889d8104aa40f816616d115a4dd0598c5ec
2026-10-06T06:00:00Z,2026-10-06T06:28:20Z,BOYA,2720,Boya de Tarragona,40.69,1.47,145.2,Puertos del Estado · red de boyas REDEXT,https://portus.puertos.es/portussvr/api,0.7,0.97,7.23,4.53,76,101,25.45,,,,,,,,OK,7225b889d8104aa40f816616d115a4dd0598c5ec
2026-10-06T06:10:00Z,2026-10-06T06:28:20Z,VIENTO,4660,Estación Meteorológica de Castellón Mistral,39.97736,0.02505,1.0,Puertos del Estado · estaciones meteorológicas REMPOR,https://portus.puertos.es/portussvr/api,,,,,,,,,0.4,1.4,1.1,4.0,211,22.6,OK,7225b889d8104aa40f816616d115a4dd0598c5ec
2026-10-06T06:27:00Z,2026-10-06T06:28:20Z,MAREOGRAFO,3655,Mareografo de Sagunto,39.63392,-0.20624,43.9,Puertos del Estado · mareógrafo,https://portus.puertos.es/portussvr/api,,,,,,,,0.076,,,,,,,OK,7225b889d8104aa40f816616d115a4dd0598c5ec
2026-10-06T07:00:00Z,2026-10-06T08:24:48Z,BOYA,1712,Boya de Tarragona,41.07,1.19,155.5,Puertos del Estado · red de boyas REDEXT,https://portus.puertos.es/portussvr/api,0.55,0.89,6.3,4.6,109,,25.6,,,,,,,,OK,a244b48a9450f5d0f8b8482c99f439d5b7361042
2026-10-06T07:00:00Z,2026-10-06T07:24:14Z,BOYA,2630,Boya de Valencia,39.51,0.2,54.9,Puertos del Estado · red de boyas REDEXT,https://portus.puertos.es/portussvr/api,0.47,0.88,7.23,5.0,73,98,25.14,,,,,,,,OK,44ee7482b422164711b1d8e43104aeb6285993c6
2026-10-06T07:00:00Z,2026-10-06T07:24:14Z,BOYA,2720,Boya de Tarragona,40.69,1.47,145.2,Puertos del Estado · red de boyas REDEXT,https://portus.puertos.es/portussvr/api,0.7,1.13,6.05,4.53,75,84,25.45,,,,,,,,OK,44ee7482b422164711b1d8e43104aeb6285993c6
2026-10-06T07:10:00Z,2026-10-06T07:24:14Z,VIENTO,4660,Estación Meteorológica de Castellón Mistral,39.97736,0.02505,1.0,Puertos del Estado · estaciones meteorológicas REMPOR,https://portus.puertos.es/portussvr/api,,,,,,,,,1.0,3.6,1.4,5.0,291,22.2,OK,44ee7482b422164711b1d8e43104aeb6285993c6
2026-10-06T07:23:00Z,2026-10-06T07:24:14Z,MAREOGRAFO,3655,Mareografo de Sagunto,39.63392,-0.20624,43.9,Puertos del Estado · mareógrafo,https://portus.puertos.es/portussvr/api,,,,,,,,0.08,,,,,,,OK,44ee7482b422164711b1d8e43104aeb6285993c6
2026-10-06T08:00:00Z,2026-10-06T09:24:33Z,BOYA,1712,Boya de Tarragona,41.07,1.19,155.5,Puertos del Estado · red de boyas REDEXT,https://portus.puertos.es/portussvr/api,0.57,1.08,6.2,4.1,110,,25.6,,,,,,,,OK,72b9ddec9b3eff2dce1eff91189ddb6e989a8cc4
2026-10-06T08:00:00Z,2026-10-06T08:24:48Z,BOYA,2630,Boya de Valencia,39.51,0.2,54.9,Puertos del Estado · red de boyas REDEXT,https://portus.puertos.es/portussvr/api,0.47,0.81,7.03,4.69,106,107,25.12,,,,,,,,OK,a244b48a9450f5d0f8b8482c99f439d5b7361042
2026-10-06T08:00:00Z,2026-10-06T08:24:48Z,BOYA,2720,Boya de Tarragona,40.69,1.47,145.2,Puertos del Estado · red de boyas REDEXT,https://portus.puertos.es/portussvr/api,0.7,1.09,6.84,4.53,76,96,25.45,,,,,,,,OK,a244b48a9450f5d0f8b8482c99f439d5b7361042
2026-10-06T08:10:00Z,2026-10-06T08:24:48Z,VIENTO,4660,Estación Meteorológica de Castellón Mistral,39.97736,0.02505,1.0,Puertos del Estado · estaciones meteorológicas REMPOR,https://portus.puertos.es/portussvr/api,,,,,,,,,0.2,0.7,1.1,4.0,140,24.9,OK,a244b48a9450f5d0f8b8482c99f439d5b7361042
2026-10-06T08:23:00Z,2026-10-06T08:24:48Z,MAREOGRAFO,3655,Mareografo de Sagunto,39.63392,-0.20624,43.9,Puertos del Estado · mareógrafo,https://portus.puertos.es/portussvr/api,,,,,,,,0.101,,,,,,,OK,a244b48a9450f5d0f8b8482c99f439d5b7361042
2026-10-06T09:00:00Z,2026-10-06T10:23:31Z,BOYA,1712,Boya de Tarragona,41.07,1.19,155.5,Puertos del Estado · red de boyas REDEXT,https://portus.puertos.es/portussvr/api,0.6,0.95,6.2,3.7,118,,25.2,,,,,,,,OK,d442ffdc8c953d0e7e536f5371d20986478f82f8
2026-10-06T09:00:00Z,2026-10-06T09:24:33Z,BOYA,2630,Boya de Valencia,39.51,0.2,54.9,Puertos del Estado · red de boyas REDEXT,https://portus.puertos.es/portussvr/api,0.47,0.97,7.03,4.53,129,121,25.13,,,,,,,,OK,72b9ddec9b3eff2dce1eff91189ddb6e989a8cc4
2026-10-06T09:00:00Z,2026-10-06T09:24:33Z,BOYA,2720,Boya de Tarragona,40.69,1.47,145.2,Puertos del Estado · red de boyas REDEXT,https://portus.puertos.es/portussvr/api,0.7,1.09,6.84,4.53,83,104,25.45,,,,,,,,OK,72b9ddec9b3eff2dce1eff91189ddb6e989a8cc4
2026-10-06T09:10:00Z,2026-10-06T09:24:33Z,VIENTO,4660,Estación Meteorológica de Castellón Mistral,39.97736,0.02505,1.0,Puertos del Estado · estaciones meteorológicas REMPOR,https://portus.puertos.es/portussvr/api,,,,,,,,,1.7,6.1,2.8,10.1,157,24.1,OK,72b9ddec9b3eff2dce1eff91189ddb6e989a8cc4
2026-10-06T09:23:00Z,2026-10-06T09:24:33Z,MAREOGRAFO,3655,Mareografo de Sagunto,39.63392,-0.20624,43.9,Puertos del Estado · mareógrafo,https://portus.puertos.es/portussvr/api,,,,,,,,0.033,,,,,,,OK,72b9ddec9b3eff2dce1eff91189ddb6e989a8cc4
2026-10-06T10:00:00Z,2026-10-06T11:22:30Z,BOYA,1712,Boya de Tarragona,41.07,1.19,155.5,Puertos del Estado · red de boyas REDEXT,https://portus.puertos.es/portussvr/api,0.52,0.8,7.1,3.5,122,,24.9,,,,,,,,OK,776946d79967d2d82ae5670dc3c304203ad9fab3
2026-10-06T10:00:00Z,2026-10-06T10:23:31Z,BOYA,2630,Boya de Valencia,39.51,0.2,54.9,Puertos del Estado · red de boyas REDEXT,https://portus.puertos.es/portussvr/api,0.47,0.75,6.64,3.91,134,127,25.14,,,,,,,,OK,d442ffdc8c953d0e7e536f5371d20986478f82f8
2026-10-06T10:00:00Z,2026-10-06T10:23:31Z,BOYA,2720,Boya de Tarragona,40.69,1.47,145.2,Puertos del Estado · red de boyas REDEXT,https://portus.puertos.es/portussvr/api,0.59,0.88,5.86,4.38,80,82,25.46,,,,,,,,OK,d442ffdc8c953d0e7e536f5371d20986478f82f8
2026-10-06T10:10:00Z,2026-10-06T10:23:31Z,VIENTO,4660,Estación Meteorológica de Castellón Mistral,39.97736,0.02505,1.0,Puertos del Estado · estaciones meteorológicas REMPOR,https://portus.puertos.es/portussvr/api,,,,,,,,,2.5,9.0,3.4,12.2,154,24.1,OK,d442ffdc8c953d0e7e536f5371d20986478f82f8
2026-10-06T10:22:00Z,2026-10-06T10:23:31Z,MAREOGRAFO,3655,Mareografo de Sagunto,39.63392,-0.20624,43.9,Puertos del Estado · mareógrafo,https://portus.puertos.es/portussvr/api,,,,,,,,0.098,,,,,,,OK,d442ffdc8c953d0e7e536f5371d20986478f82f8
2026-10-06T11:00:00Z,2026-10-06T12:28:24Z,BOYA,1712,Boya de Tarragona,41.07,1.19,155.5,Puertos del Estado · red de boyas REDEXT,https://portus.puertos.es/portussvr/api,0.5,0.96,6.7,3.7,123,,24.7,,,,,,,,OK,e3501e6c381b39da91ea462963e118d00ff0138c
2026-10-06T11:00:00Z,2026-10-06T11:22:30Z,BOYA,2630,Boya de Valencia,39.51,0.2,54.9,Puertos del Estado · red de boyas REDEXT,https://portus.puertos.es/portussvr/api,0.47,0.69,6.45,4.22,104,101,25.16,,,,,,,,OK,776946d79967d2d82ae5670dc3c304203ad9fab3
2026-10-06T11:00:00Z,2026-10-06T11:22:30Z,BOYA,2720,Boya de Tarragona,40.69,1.47,145.2,Puertos del Estado · red de boyas REDEXT,https://portus.puertos.es/portussvr/api,0.7,1.0,6.84,4.38,83,104,25.48,,,,,,,,OK,776946d79967d2d82ae5670dc3c304203ad9fab3
2026-10-06T11:10:00Z,2026-10-06T11:22:30Z,VIENTO,4660,Estación Meteorológica de Castellón Mistral,39.97736,0.02505,1.0,Puertos del Estado · estaciones meteorológicas REMPOR,https://portus.puertos.es/portussvr/api,,,,,,,,,0.6,2.2,2.0,7.2,197,25.4,OK,776946d79967d2d82ae5670dc3c304203ad9fab3
2026-10-06T11:21:00Z,2026-10-06T11:22:30Z,MAREOGRAFO,3655,Mareografo de Sagunto,39.63392,-0.20624,43.9,Puertos del Estado · mareógrafo,https://portus.puertos.es/portussvr/api,,,,,,,,0.113,,,,,,,OK,776946d79967d2d82ae5670dc3c304203ad9fab3
2026-10-06T12:00:00Z,2026-10-06T13:24:48Z,BOYA,1712,Boya de Tarragona,41.07,1.19,155.5,Puertos del Estado · red de boyas REDEXT,https://portus.puertos.es/portussvr/api,0.58,0.94,6.2,3.3,121,,24.9,,,,,,,,OK,1044cb60b7699aa5493ec1eb2c16a009f627b829
2026-10-06T12:00:00Z,2026-10-06T12:28:24Z,BOYA,2630,Boya de Valencia,39.51,0.2,54.9,Puertos del Estado · red de boyas REDEXT,https://portus.puertos.es/portussvr/api,0.47,0.63,6.64,4.38,94,98,25.21,,,,,,,,OK,e3501e6c381b39da91ea462963e118d00ff0138c
2026-10-06T12:00:00Z,2026-10-06T12:28:24Z,BOYA,2720,Boya de Tarragona,40.69,1.47,145.2,Puertos del Estado · red de boyas REDEXT,https://portus.puertos.es/portussvr/api,0.59,0.91,6.64,3.91,84,107,25.49,,,,,,,,OK,e3501e6c381b39da91ea462963e118d00ff0138c
2026-10-06T12:10:00Z,2026-10-06T12:28:24Z,VIENTO,4660,Estación Meteorológica de Castellón Mistral,39.97736,0.02505,1.0,Puertos del Estado · estaciones meteorológicas REMPOR,https://portus.puertos.es/portussvr/api,,,,,,,,,2.4,8.6,3.6,13.0,152,25.1,OK,e3501e6c381b39da91ea462963e118d00ff0138c
2026-10-06T12:27:00Z,2026-10-06T12:28:24Z,MAREOGRAFO,3655,Mareografo de Sagunto,39.63392,-0.20624,43.9,Puertos del Estado · mareógrafo,https://portus.puertos.es/portussvr/api,,,,,,,,0.168,,,,,,,OK,e3501e6c381b39da91ea462963e118d00ff0138c
2026-10-06T13:00:00Z,2026-10-06T14:24:45Z,BOYA,1712,Boya de Tarragona,41.07,1.19,155.5,Puertos del Estado · red de boyas REDEXT,https://portus.puertos.es/portussvr/api,0.49,0.83,6.6,3.3,118,,25.0,,,,,,,,OK,52772c725a97f60537d0a691d185f703cf2f535c
2026-10-06T13:00:00Z,2026-10-06T13:24:48Z,BOYA,2630,Boya de Valencia,39.51,0.2,54.9,Puertos del Estado · red de boyas REDEXT,https://portus.puertos.es/portussvr/api,0.47,0.63,6.64,4.69,131,146,25.26,,,,,,,,OK,1044cb60b7699aa5493ec1eb2c16a009f627b829
2026-10-06T13:00:00Z,2026-10-06T13:24:48Z,BOYA,2720,Boya de Tarragona,40.69,1.47,145.2,Puertos del Estado · red de boyas REDEXT,https://portus.puertos.es/portussvr/api,0.59,0.81,6.64,3.75,95,104,25.51,,,,,,,,OK,1044cb60b7699aa5493ec1eb2c16a009f627b829
2026-10-06T13:10:00Z,2026-10-06T13:24:48Z,VIENTO,4660,Estación Meteorológica de Castellón Mistral,39.97736,0.02505,1.0,Puertos del Estado · estaciones meteorológicas REMPOR,https://portus.puertos.es/portussvr/api,,,,,,,,,4.0,14.4,5.9,21.2,160,25.0,OK,1044cb60b7699aa5493ec1eb2c16a009f627b829
2026-10-06T13:23:00Z,2026-10-06T13:24:48Z,MAREOGRAFO,3655,Mareografo de Sagunto,39.63392,-0.20624,43.9,Puertos del Estado · mareógrafo,https://portus.puertos.es/portussvr/api,,,,,,,,0.194,,,,,,,OK,1044cb60b7699aa5493ec1eb2c16a009f627b829
2026-10-06T14:00:00Z,2026-10-06T15:23:12Z,BOYA,1712,Boya de Tarragona,41.07,1.19,155.5,Puertos del Estado · red de boyas REDEXT,https://portus.puertos.es/portussvr/api,0.45,0.79,6.7,3.8,122,,25.0,,,,,,,,OK,5dd806e2c62e8a72ba5534cae33be32f598bcb88
2026-10-06T14:00:00Z,2026-10-06T14:24:45Z,BOYA,2630,Boya de Valencia,39.51,0.2,54.9,Puertos del Estado · red de boyas REDEXT,https://portus.puertos.es/portussvr/api,0.47,0.78,6.64,4.53,123,158,25.31,,,,,,,,OK,52772c725a97f60537d0a691d185f703cf2f535c
2026-10-06T14:00:00Z,2026-10-06T14:24:45Z,BOYA,2720,Boya de Tarragona,40.69,1.47,145.2,Puertos del Estado · red de boyas REDEXT,https://portus.puertos.es/portussvr/api,0.59,0.97,6.64,3.75,79,98,25.53,,,,,,,,OK,52772c725a97f60537d0a691d185f703cf2f535c
2026-10-06T14:10:00Z,2026-10-06T14:24:45Z,VIENTO,4660,Estación Meteorológica de Castellón Mistral,39.97736,0.02505,1.0,Puertos del Estado · estaciones meteorológicas REMPOR,https://portus.puertos.es/portussvr/api,,,,,,,,,5.0,18.0,7.6,27.4,161,24.9,OK,52772c725a97f60537d0a691d185f703cf2f535c
2026-10-06T14:23:00Z,2026-10-06T14:24:45Z,MAREOGRAFO,3655,Mareografo de Sagunto,39.63392,-0.20624,43.9,Puertos del Estado · mareógrafo,https://portus.puertos.es/portussvr/api,,,,,,,,0.186,,,,,,,OK,52772c725a97f60537d0a691d185f703cf2f535c
2026-10-06T15:00:00Z,2026-10-06T16:25:28Z,BOYA,1712,Boya de Tarragona,41.07,1.19,155.5,Puertos del Estado · red de boyas REDEXT,https://portus.puertos.es/portussvr/api,0.5,0.79,5.9,3.8,120,,25.0,,,,,,,,OK,66e9c571dd26bcce2721f54281d935b5e3b26c4d
2026-10-06T15:00:00Z,2026-10-06T15:23:12Z,BOYA,2630,Boya de Valencia,39.51,0.2,54.9,Puertos del Estado · red de boyas REDEXT,https://portus.puertos.es/portussvr/api,0.47,0.59,6.84,3.75,148,118,25.26,,,,,,,,OK,5dd806e2c62e8a72ba5534cae33be32f598bcb88
2026-10-06T15:00:00Z,2026-10-06T15:23:12Z,BOYA,2720,Boya de Tarragona,40.69,1.47,145.2,Puertos del Estado · red de boyas REDEXT,https://portus.puertos.es/portussvr/api,0.59,0.78,6.45,3.59,66,90,25.53,,,,,,,,OK,5dd806e2c62e8a72ba5534cae33be32f598bcb88
2026-10-06T15:10:00Z,2026-10-06T15:23:12Z,VIENTO,4660,Estación Meteorológica de Castellón Mistral,39.97736,0.02505,1.0,Puertos del Estado · estaciones meteorológicas REMPOR,https://portus.puertos.es/portussvr/api,,,,,,,,,4.9,17.6,8.1,29.2,161,25.3,OK,5dd806e2c62e8a72ba5534cae33be32f598bcb88
2026-10-06T15:22:00Z,2026-10-06T15:23:12Z,MAREOGRAFO,3655,Mareografo de Sagunto,39.63392,-0.20624,43.9,Puertos del Estado · mareógrafo,https://portus.puertos.es/portussvr/api,,,,,,,,0.162,,,,,,,OK,5dd806e2c62e8a72ba5534cae33be32f598bcb88
2026-10-06T16:00:00Z,2026-10-06T17:20:53Z,BOYA,1712,Boya de Tarragona,41.07,1.19,155.5,Puertos del Estado · red de boyas REDEXT,https://portus.puertos.es/portussvr/api,0.54,0.97,6.1,3.1,112,,24.9,,,,,,,,OK,249a1a2da177b41370b8077a663716f4f631cdd1
2026-10-06T16:00:00Z,2026-10-06T16:25:28Z,BOYA,2630,Boya de Valencia,39.51,0.2,54.9,Puertos del Estado · red de boyas REDEXT,https://portus.puertos.es/portussvr/api,0.59,0.72,6.84,3.28,181,101,25.15,,,,,,,,OK,66e9c571dd26bcce2721f54281d935b5e3b26c4d
2026-10-06T16:00:00Z,2026-10-06T16:25:28Z,BOYA,2720,Boya de Tarragona,40.69,1.47,145.2,Puertos del Estado · red de boyas REDEXT,https://portus.puertos.es/portussvr/api,0.47,0.69,6.25,3.75,71,93,25.52,,,,,,,,OK,66e9c571dd26bcce2721f54281d935b5e3b26c4d
2026-10-06T16:10:00Z,2026-10-06T16:25:28Z,VIENTO,4660,Estación Meteorológica de Castellón Mistral,39.97736,0.02505,1.0,Puertos del Estado · estaciones meteorológicas REMPOR,https://portus.puertos.es/portussvr/api,,,,,,,,,5.3,19.1,7.0,25.2,160,25.6,OK,66e9c571dd26bcce2721f54281d935b5e3b26c4d
2026-10-06T16:24:00Z,2026-10-06T16:25:28Z,MAREOGRAFO,3655,Mareografo de Sagunto,39.63392,-0.20624,43.9,Puertos del Estado · mareógrafo,https://portus.puertos.es/portussvr/api,,,,,,,,0.183,,,,,,,OK,66e9c571dd26bcce2721f54281d935b5e3b26c4d
2026-10-06T17:00:00Z,2026-10-06T18:24:58Z,BOYA,1712,Boya de Tarragona,41.07,1.19,155.5,Puertos del Estado · red de boyas REDEXT,https://portus.puertos.es/portussvr/api,0.52,0.84,6.4,3.1,109,,24.8,,,,,,,,OK,f07569f133d0afa9c5c7886d8d0492c5e351b2e9
2026-10-06T17:00:00Z,2026-10-06T17:20:53Z,BOYA,2630,Boya de Valencia,39.51,0.2,54.9,Puertos del Estado · red de boyas REDEXT,https://portus.puertos.es/portussvr/api,0.59,1.0,6.05,3.44,224,87,25.07,,,,,,,,OK,249a1a2da177b41370b8077a663716f4f631cdd1
2026-10-06T17:00:00Z,2026-10-06T17:20:53Z,BOYA,2720,Boya de Tarragona,40.69,1.47,145.2,Puertos del Estado · red de boyas REDEXT,https://portus.puertos.es/portussvr/api,0.59,0.78,5.08,3.28,118,79,25.5,,,,,,,,OK,249a1a2da177b41370b8077a663716f4f631cdd1
2026-10-06T17:10:00Z,2026-10-06T17:20:53Z,VIENTO,4660,Estación Meteorológica de Castellón Mistral,39.97736,0.02505,1.0,Puertos del Estado · estaciones meteorológicas REMPOR,https://portus.puertos.es/portussvr/api,,,,,,,,,1.6,5.8,3.4,12.2,162,25.4,OK,249a1a2da177b41370b8077a663716f4f631cdd1
2026-10-06T17:19:00Z,2026-10-06T17:20:53Z,MAREOGRAFO,3655,Mareografo de Sagunto,39.63392,-0.20624,43.9,Puertos del Estado · mareógrafo,https://portus.puertos.es/portussvr/api,,,,,,,,0.222,,,,,,,OK,249a1a2da177b41370b8077a663716f4f631cdd1
2026-10-06T18:00:00Z,2026-10-06T19:21:14Z,BOYA,1712,Boya de Tarragona,41.07,1.19,155.5,Puertos del Estado · red de boyas REDEXT,https://portus.puertos.es/portussvr/api,0.45,0.63,5.9,3.5,129,,24.7,,,,,,,,OK,266e52ce2d21a650e1fc31530d10c9821a06f81c
2026-10-06T18:00:00Z,2026-10-06T18:24:58Z,BOYA,2630,Boya de Valencia,39.51,0.2,54.9,Puertos del Estado · red de boyas REDEXT,https://portus.puertos.es/portussvr/api,0.47,0.75,6.84,3.44,232,76,24.94,,,,,,,,OK,f07569f133d0afa9c5c7886d8d0492c5e351b2e9
2026-10-06T18:00:00Z,2026-10-06T18:24:58Z,BOYA,2720,Boya de Tarragona,40.69,1.47,145.2,Puertos del Estado · red de boyas REDEXT,https://portus.puertos.es/portussvr/api,0.7,1.0,3.13,3.13,159,180,25.49,,,,,,,,OK,f07569f133d0afa9c5c7886d8d0492c5e351b2e9
2026-10-06T18:10:00Z,2026-10-06T18:24:58Z,VIENTO,4660,Estación Meteorológica de Castellón Mistral,39.97736,0.02505,1.0,Puertos del Estado · estaciones meteorológicas REMPOR,https://portus.puertos.es/portussvr/api,,,,,,,,,4.1,14.8,5.6,20.2,161,24.6,OK,f07569f133d0afa9c5c7886d8d0492c5e351b2e9
2026-10-06T18:21:00Z,2026-10-06T18:24:58Z,MAREOGRAFO,3655,Mareografo de Sagunto,39.63392,-0.20624,43.9,Puertos del Estado · mareógrafo,https://portus.puertos.es/portussvr/api,,,,,,,,0.163,,,,,,,OK,f07569f133d0afa9c5c7886d8d0492c5e351b2e9
2026-10-06T19:00:00Z,2026-10-06T20:23:26Z,BOYA,1712,Boya de Tarragona,41.07,1.19,155.5,Puertos del Estado · red de boyas REDEXT,https://portus.puertos.es/portussvr/api,0.4,0.68,5.6,3.4,119,,24.6,,,,,,,,OK,2fce32311cdf9dbd372e007c9033143afeac7440
2026-10-06T19:00:00Z,2026-10-06T19:21:14Z,BOYA,2630,Boya de Valencia,39.51,0.2,54.9,Puertos del Estado · red de boyas REDEXT,https://portus.puertos.es/portussvr/api,0.47,0.72,6.64,3.28,206,76,24.76,,,,,,,,OK,266e52ce2d21a650e1fc31530d10c9821a06f81c
2026-10-06T19:00:00Z,2026-10-06T19:21:14Z,BOYA,2720,Boya de Tarragona,40.69,1.47,145.2,Puertos del Estado · red de boyas REDEXT,https://portus.puertos.es/portussvr/api,0.82,1.03,3.52,3.28,166,174,25.48,,,,,,,,OK,266e52ce2d21a650e1fc31530d10c9821a06f81c
2026-10-06T19:10:00Z,2026-10-06T19:21:14Z,VIENTO,4660,Estación Meteorológica de Castellón Mistral,39.97736,0.02505,1.0,Puertos del Estado · estaciones meteorológicas REMPOR,https://portus.puertos.es/portussvr/api,,,,,,,,,3.2,11.5,4.5,16.2,161,24.3,OK,266e52ce2d21a650e1fc31530d10c9821a06f81c
2026-10-06T19:20:00Z,2026-10-06T19:21:14Z,MAREOGRAFO,3655,Mareografo de Sagunto,39.63392,-0.20624,43.9,Puertos del Estado · mareógrafo,https://portus.puertos.es/portussvr/api,,,,,,,,0.131,,,,,,,OK,266e52ce2d21a650e1fc31530d10c9821a06f81c
2026-10-06T20:00:00Z,2026-10-06T21:21:32Z,BOYA,1712,Boya de Tarragona,41.07,1.19,155.5,Puertos del Estado · red de boyas REDEXT,https://portus.puertos.es/portussvr/api,0.43,0.75,4.1,3.4,148,,24.5,,,,,,,,OK,94b852b2b7ec588f0cf82654adcd41bf9877b906
2026-10-06T20:00:00Z,2026-10-06T20:23:26Z,BOYA,2630,Boya de Valencia,39.51,0.2,54.9,Puertos del Estado · red de boyas REDEXT,https://portus.puertos.es/portussvr/api,0.47,0.63,6.64,3.28,170,68,24.73,,,,,,,,OK,2fce32311cdf9dbd372e007c9033143afeac7440
2026-10-06T20:00:00Z,2026-10-06T20:23:26Z,BOYA,2720,Boya de Tarragona,40.69,1.47,145.2,Puertos del Estado · red de boyas REDEXT,https://portus.puertos.es/portussvr/api,0.7,1.13,3.71,3.28,194,186,25.47,,,,,,,,OK,2fce32311cdf9dbd372e007c9033143afeac7440
2026-10-06T20:10:00Z,2026-10-06T20:23:26Z,VIENTO,4660,Estación Meteorológica de Castellón Mistral,39.97736,0.02505,1.0,Puertos del Estado · estaciones meteorológicas REMPOR,https://portus.puertos.es/portussvr/api,,,,,,,,,0.5,1.8,1.7,6.1,190,23.9,OK,2fce32311cdf9dbd372e007c9033143afeac7440
2026-10-06T20:22:00Z,2026-10-06T20:23:26Z,MAREOGRAFO,3655,Mareografo de Sagunto,39.63392,-0.20624,43.9,Puertos del Estado · mareógrafo,https://portus.puertos.es/portussvr/api,,,,,,,,0.164,,,,,,,OK,2fce32311cdf9dbd372e007c9033143afeac7440
2026-10-06T21:00:00Z,2026-10-06T22:22:02Z,BOYA,1712,Boya de Tarragona,41.07,1.19,155.5,Puertos del Estado · red de boyas REDEXT,https://portus.puertos.es/portussvr/api,0.47,0.9,4.1,3.6,145,,23.8,,,,,,,,OK,f5b8d99134b6af0707104b5d45772507972e6fd2
2026-10-06T21:00:00Z,2026-10-06T21:21:32Z,BOYA,2630,Boya de Valencia,39.51,0.2,54.9,Puertos del Estado · red de boyas REDEXT,https://portus.puertos.es/portussvr/api,0.35,0.56,6.64,3.44,145,82,24.73,,,,,,,,OK,94b852b2b7ec588f0cf82654adcd41bf9877b906
2026-10-06T21:00:00Z,2026-10-06T21:21:32Z,BOYA,2720,Boya de Tarragona,40.69,1.47,145.2,Puertos del Estado · red de boyas REDEXT,https://portus.puertos.es/portussvr/api,0.7,1.0,3.91,3.44,234,186,25.48,,,,,,,,OK,94b852b2b7ec588f0cf82654adcd41bf9877b906
2026-10-06T21:10:00Z,2026-10-06T21:21:32Z,VIENTO,4660,Estación Meteorológica de Castellón Mistral,39.97736,0.02505,1.0,Puertos del Estado · estaciones meteorológicas REMPOR,https://portus.puertos.es/portussvr/api,,,,,,,,,1.2,4.3,2.5,9.0,274,23.2,OK,94b852b2b7ec588f0cf82654adcd41bf9877b906
2026-10-06T21:20:00Z,2026-10-06T21:21:32Z,MAREOGRAFO,3655,Mareografo de Sagunto,39.63392,-0.20624,43.9,Puertos del Estado · mareógrafo,https://portus.puertos.es/portussvr/api,,,,,,,,0.158,,,,,,,OK,94b852b2b7ec588f0cf82654adcd41bf9877b906
2026-10-06T22:00:00Z,2026-10-06T23:21:16Z,BOYA,1712,Boya de Tarragona,41.07,1.19,155.5,Puertos del Estado · red de boyas REDEXT,https://portus.puertos.es/portussvr/api,0.45,0.76,4.1,3.7,141,,23.9,,,,,,,,OK,4db52c491aaad444248249117095b8e848277b67
2026-10-06T22:00:00Z,2026-10-06T22:22:02Z,BOYA,2630,Boya de Valencia,39.51,0.2,54.9,Puertos del Estado · red de boyas REDEXT,https://portus.puertos.es/portussvr/api,0.35,0.5,6.45,3.44,137,87,24.72,,,,,,,,OK,f5b8d99134b6af0707104b5d45772507972e6fd2
2026-10-06T22:00:00Z,2026-10-06T22:22:02Z,BOYA,2720,Boya de Tarragona,40.69,1.47,145.2,Puertos del Estado · red de boyas REDEXT,https://portus.puertos.es/portussvr/api,0.7,1.34,4.1,3.44,189,172,25.45,,,,,,,,OK,f5b8d99134b6af0707104b5d45772507972e6fd2
2026-10-06T22:10:00Z,2026-10-06T22:22:02Z,VIENTO,4660,Estación Meteorológica de Castellón Mistral,39.97736,0.02505,1.0,Puertos del Estado · estaciones meteorológicas REMPOR,https://portus.puertos.es/portussvr/api,,,,,,,,,0.5,1.8,0.8,2.9,258,21.9,OK,f5b8d99134b6af0707104b5d45772507972e6fd2
2026-10-06T22:20:00Z,2026-10-06T22:22:02Z,MAREOGRAFO,3655,Mareografo de Sagunto,39.63392,-0.20624,43.9,Puertos del Estado · mareógrafo,https://portus.puertos.es/portussvr/api,,,,,,,,0.129,,,,,,,OK,f5b8d99134b6af0707104b5d45772507972e6fd2
2026-10-06T23:00:00Z,2026-10-07T00:33:28Z,BOYA,1712,Boya de Tarragona,41.07,1.19,155.5,Puertos del Estado · red de boyas REDEXT,https://portus.puertos.es/portussvr/api,0.45,0.74,4.1,3.7,145,,24.1,,,,,,,,OK,16f2a876ef537e980b3813f8ad6f2defa84ac13c
2026-10-06T23:00:00Z,2026-10-06T23:21:16Z,BOYA,2630,Boya de Valencia,39.51,0.2,54.9,Puertos del Estado · red de boyas REDEXT,https://portus.puertos.es/portussvr/api,0.35,0.56,6.45,3.75,141,96,24.71,,,,,,,,OK,4db52c491aaad444248249117095b8e848277b67
2026-10-06T23:00:00Z,2026-10-06T23:21:16Z,BOYA,2720,Boya de Tarragona,40.69,1.47,145.2,Puertos del Estado · red de boyas REDEXT,https://portus.puertos.es/portussvr/api,0.59,0.88,3.71,3.44,168,174,25.46,,,,,,,,OK,4db52c491aaad444248249117095b8e848277b67
2026-10-06T23:10:00Z,2026-10-06T23:21:16Z,VIENTO,4660,Estación Meteorológica de Castellón Mistral,39.97736,0.02505,1.0,Puertos del Estado · estaciones meteorológicas REMPOR,https://portus.puertos.es/portussvr/api,,,,,,,,,0.2,0.7,0.8,2.9,194,22.3,OK,4db52c491aaad444248249117095b8e848277b67
2026-10-06T23:20:00Z,2026-10-06T23:21:16Z,MAREOGRAFO,3655,Mareografo de Sagunto,39.63392,-0.20624,43.9,Puertos del Estado · mareógrafo,https://portus.puertos.es/portussvr/api,,,,,,,,0.106,,,,,,,OK,4db52c491aaad444248249117095b8e848277b67
2026-10-07T00:00:00Z,2026-10-07T01:22:56Z,BOYA,1712,Boya de Tarragona,41.07,1.19,155.5,Puertos del Estado · red de boyas REDEXT,https://portus.puertos.es/portussvr/api,0.44,0.67,4.1,3.7,153,,23.7,,,,,,,,OK,53db3edec5e73f901bd061fe24471e7d7764faef
2026-10-07T00:00:00Z,2026-10-07T00:33:28Z,BOYA,2630,Boya de Valencia,39.51,0.2,54.9,Puertos del Estado · red de boyas REDEXT,https://portus.puertos.es/portussvr/api,0.35,0.44,6.05,3.59,146,70,24.78,,,,,,,,OK,16f2a876ef537e980b3813f8ad6f2defa84ac13c
2026-10-07T00:00:00Z,2026-10-07T00:33:28Z,BOYA,2720,Boya de Tarragona,40.69,1.47,145.2,Puertos del Estado · red de boyas REDEXT,https://portus.puertos.es/portussvr/api,0.59,0.81,3.91,3.59,175,163,25.46,,,,,,,,OK,16f2a876ef537e980b3813f8ad6f2defa84ac13c
2026-10-07T00:20:00Z,2026-10-07T00:33:28Z,VIENTO,4660,Estación Meteorológica de Castellón Mistral,39.97736,0.02505,1.0,Puertos del Estado · estaciones meteorológicas REMPOR,https://portus.puertos.es/portussvr/api,,,,,,,,,0.7,2.5,1.1,4.0,299,21.9,OK,16f2a876ef537e980b3813f8ad6f2defa84ac13c
2026-10-07T00:32:00Z,2026-10-07T00:33:28Z,MAREOGRAFO,3655,Mareografo de Sagunto,39.63392,-0.20624,43.9,Puertos del Estado · mareógrafo,https://portus.puertos.es/portussvr/api,,,,,,,,0.094,,,,,,,OK,16f2a876ef537e980b3813f8ad6f2defa84ac13c
2026-10-07T01:00:00Z,2026-10-07T02:23:02Z,BOYA,1712,Boya de Tarragona,41.07,1.19,155.5,Puertos del Estado · red de boyas REDEXT,https://portus.puertos.es/portussvr/api,0.45,0.89,4.1,3.7,151,,23.8,,,,,,,,OK,8bb5c8817c5244539d038ff7410968a5d4e87220
2026-10-07T01:00:00Z,2026-10-07T01:22:56Z,BOYA,2630,Boya de Valencia,39.51,0.2,54.9,Puertos del Estado · red de boyas REDEXT,https://portus.puertos.es/portussvr/api,0.35,0.53,6.25,3.28,151,79,24.7,,,,,,,,OK,53db3edec5e73f901bd061fe24471e7d7764faef
2026-10-07T01:00:00Z,2026-10-07T01:22:56Z,BOYA,2720,Boya de Tarragona,40.69,1.47,145.2,Puertos del Estado · red de boyas REDEXT,https://portus.puertos.es/portussvr/api,0.94,1.78,4.69,4.22,194,200,25.45,,,,,,,,OK,53db3edec5e73f901bd061fe24471e7d7764faef
2026-10-07T01:10:00Z,2026-10-07T01:22:56Z,VIENTO,4660,Estación Meteorológica de Castellón Mistral,39.97736,0.02505,1.0,Puertos del Estado · estaciones meteorológicas REMPOR,https://portus.puertos.es/portussvr/api,,,,,,,,,2.2,7.9,3.1,11.2,251,20.8,OK,53db3edec5e73f901bd061fe24471e7d7764faef
2026-10-07T01:21:00Z,2026-10-07T01:22:56Z,MAREOGRAFO,3655,Mareografo de Sagunto,39.63392,-0.20624,43.9,Puertos del Estado · mareógrafo,https://portus.puertos.es/portussvr/api,,,,,,,,0.094,,,,,,,OK,53db3edec5e73f901bd061fe24471e7d7764faef
2026-10-07T02:00:00Z,2026-10-07T03:23:50Z,BOYA,1712,Boya de Tarragona,41.07,1.19,155.5,Puertos del Estado · red de boyas REDEXT,https://portus.puertos.es/portussvr/api,0.63,0.92,4.9,4.1,177,,23.8,,,,,,,,OK,9f8ebc49f33245246e5d3cd4347b5358a948889f
2026-10-07T02:00:00Z,2026-10-07T02:23:02Z,BOYA,2630,Boya de Valencia,39.51,0.2,54.9,Puertos del Estado · red de boyas REDEXT,https://portus.puertos.es/portussvr/api,0.47,0.63,4.1,3.13,177,149,24.69,,,,,,,,OK,8bb5c8817c5244539d038ff7410968a5d4e87220
2026-10-07T02:00:00Z,2026-10-07T02:23:02Z,BOYA,2720,Boya de Tarragona,40.69,1.47,145.2,Puertos del Estado · red de boyas REDEXT,https://portus.puertos.es/portussvr/api,0.82,1.28,5.08,4.06,192,214,25.4,,,,,,,,OK,8bb5c8817c5244539d038ff7410968a5d4e87220
2026-10-07T02:10:00Z,2026-10-07T02:23:02Z,VIENTO,4660,Estación Meteorológica de Castellón Mistral,39.97736,0.02505,1.0,Puertos del Estado · estaciones meteorológicas REMPOR,https://portus.puertos.es/portussvr/api,,,,,,,,,1.5,5.4,2.8,10.1,252,22.0,OK,8bb5c8817c5244539d038ff7410968a5d4e87220
2026-10-07T02:21:00Z,2026-10-07T02:23:02Z,MAREOGRAFO,3655,Mareografo de Sagunto,39.63392,-0.20624,43.9,Puertos del Estado · mareógrafo,https://portus.puertos.es/portussvr/api,,,,,,,,0.12,,,,,,,OK,8bb5c8817c5244539d038ff7410968a5d4e87220
2026-10-07T03:00:00Z,2026-10-07T04:24:01Z,BOYA,1712,Boya de Tarragona,41.07,1.19,155.5,Puertos del Estado · red de boyas REDEXT,https://portus.puertos.es/portussvr/api,0.62,1.05,5.3,4.3,180,,24.2,,,,,,,,OK,4406729b67c491845f08d5b525226e2b53f68cff
2026-10-07T03:00:00Z,2026-10-07T03:23:50Z,BOYA,2630,Boya de Valencia,39.51,0.2,54.9,Puertos del Estado · red de boyas REDEXT,https://portus.puertos.es/portussvr/api,0.47,0.72,2.73,2.97,197,231,24.69,,,,,,,,OK,9f8ebc49f33245246e5d3cd4347b5358a948889f
2026-10-07T03:00:00Z,2026-10-07T03:23:50Z,BOYA,2720,Boya de Tarragona,40.69,1.47,145.2,Puertos del Estado · red de boyas REDEXT,https://portus.puertos.es/portussvr/api,0.82,1.06,5.08,3.91,185,203,25.39,,,,,,,,OK,9f8ebc49f33245246e5d3cd4347b5358a948889f
2026-10-07T03:10:00Z,2026-10-07T03:23:50Z,VIENTO,4660,Estación Meteorológica de Castellón Mistral,39.97736,0.02505,1.0,Puertos del Estado · estaciones meteorológicas REMPOR,https://portus.puertos.es/portussvr/api,,,,,,,,,1.9,6.8,3.1,11.2,268,20.9,OK,9f8ebc49f33245246e5d3cd4347b5358a948889f
2026-10-07T03:22:00Z,2026-10-07T03:23:50Z,MAREOGRAFO,3655,Mareografo de Sagunto,39.63392,-0.20624,43.9,Puertos del Estado · mareógrafo,https://portus.puertos.es/portussvr/api,,,,,,,,0.121,,,,,,,OK,9f8ebc49f33245246e5d3cd4347b5358a948889f
2026-10-07T04:00:00Z,2026-10-07T05:23:39Z,BOYA,1712,Boya de Tarragona,41.07,1.19,155.5,Puertos del Estado · red de boyas REDEXT,https://portus.puertos.es/portussvr/api,0.55,0.84,5.1,4.1,170,,24.3,,,,,,,,OK,f6668aca008df14ddc6a6165054b987e1fba130d
2026-10-07T04:00:00Z,2026-10-07T04:24:01Z,BOYA,2630,Boya de Valencia,39.51,0.2,54.9,Puertos del Estado · red de boyas REDEXT,https://portus.puertos.es/portussvr/api,0.47,0.63,2.93,3.13,196,233,24.68,,,,,,,,OK,4406729b67c491845f08d5b525226e2b53f68cff
2026-10-07T04:00:00Z,2026-10-07T04:24:01Z,BOYA,2720,Boya de Tarragona,40.69,1.47,145.2,Puertos del Estado · red de boyas REDEXT,https://portus.puertos.es/portussvr/api,0.7,1.13,4.88,3.91,187,191,25.39,,,,,,,,OK,4406729b67c491845f08d5b525226e2b53f68cff
2026-10-07T04:10:00Z,2026-10-07T04:24:01Z,VIENTO,4660,Estación Meteorológica de Castellón Mistral,39.97736,0.02505,1.0,Puertos del Estado · estaciones meteorológicas REMPOR,https://portus.puertos.es/portussvr/api,,,,,,,,,3.4,12.2,5.0,18.0,256,21.0,OK,4406729b67c491845f08d5b525226e2b53f68cff
2026-10-07T04:22:00Z,2026-10-07T04:24:01Z,MAREOGRAFO,3655,Mareografo de Sagunto,39.63392,-0.20624,43.9,Puertos del Estado · mareógrafo,https://portus.puertos.es/portussvr/api,,,,,,,,0.12,,,,,,,OK,4406729b67c491845f08d5b525226e2b53f68cff
2026-10-07T05:00:00Z,2026-10-07T06:27:44Z,BOYA,1712,Boya de Tarragona,41.07,1.19,155.5,Puertos del Estado · red de boyas REDEXT,https://portus.puertos.es/portussvr/api,0.56,1.08,4.9,4.3,169,,24.1,,,,,,,,OK,747237746bf296d676530ef4313b6d5aae9c3528
2026-10-07T05:00:00Z,2026-10-07T05:23:39Z,BOYA,2630,Boya de Valencia,39.51,0.2,54.9,Puertos del Estado · red de boyas REDEXT,https://portus.puertos.es/portussvr/api,0.59,0.72,3.52,3.28,241,242,24.6,,,,,,,,OK,f6668aca008df14ddc6a6165054b987e1fba130d
2026-10-07T05:00:00Z,2026-10-07T05:23:39Z,BOYA,2720,Boya de Tarragona,40.69,1.47,145.2,Puertos del Estado · red de boyas REDEXT,https://portus.puertos.es/portussvr/api,0.7,1.22,4.49,3.75,179,188,25.38,,,,,,,,OK,f6668aca008df14ddc6a6165054b987e1fba130d
2026-10-07T05:10:00Z,2026-10-07T05:23:39Z,VIENTO,4660,Estación Meteorológica de Castellón Mistral,39.97736,0.02505,1.0,Puertos del Estado · estaciones meteorológicas REMPOR,https://portus.puertos.es/portussvr/api,,,,,,,,,2.0,7.2,3.4,12.2,254,20.4,OK,f6668aca008df14ddc6a6165054b987e1fba130d
2026-10-07T05:22:00Z,2026-10-07T05:23:39Z,MAREOGRAFO,3655,Mareografo de Sagunto,39.63392,-0.20624,43.9,Puertos del Estado · mareógrafo,https://portus.puertos.es/portussvr/api,,,,,,,,0.11,,,,,,,OK,f6668aca008df14ddc6a6165054b987e1fba130d
2026-10-07T06:00:00Z,2026-10-07T07:25:18Z,BOYA,1712,Boya de Tarragona,41.07,1.19,155.5,Puertos del Estado · red de boyas REDEXT,https://portus.puertos.es/portussvr/api,0.51,0.94,4.7,4.0,164,,24.1,,,,,,,,OK,aeef2e2da697e7d6f6cdb259e95a5cf068f67f4d
2026-10-07T06:00:00Z,2026-10-07T06:27:44Z,BOYA,2630,Boya de Valencia,39.51,0.2,54.9,Puertos del Estado · red de boyas REDEXT,https://portus.puertos.es/portussvr/api,0.7,1.25,3.91,3.28,249,248,24.6,,,,,,,,OK,747237746bf296d676530ef4313b6d5aae9c3528
2026-10-07T06:00:00Z,2026-10-07T06:27:44Z,BOYA,2720,Boya de Tarragona,40.69,1.47,145.2,Puertos del Estado · red de boyas REDEXT,https://portus.puertos.es/portussvr/api,0.7,1.06,4.49,3.75,183,183,25.37,,,,,,,,OK,747237746bf296d676530ef4313b6d5aae9c3528
2026-10-07T06:10:00Z,2026-10-07T06:27:44Z,VIENTO,4660,Estación Meteorológica de Castellón Mistral,39.97736,0.02505,1.0,Puertos del Estado · estaciones meteorológicas REMPOR,https://portus.puertos.es/portussvr/api,,,,,,,,,1.5,5.4,3.4,12.2,235,20.6,OK,747237746bf296d676530ef4313b6d5aae9c3528
2026-10-07T06:26:00Z,2026-10-07T06:27:44Z,MAREOGRAFO,3655,Mareografo de Sagunto,39.63392,-0.20624,43.9,Puertos del Estado · mareógrafo,https://portus.puertos.es/portussvr/api,,,,,,,,0.106,,,,,,,OK,747237746bf296d676530ef4313b6d5aae9c3528
2026-10-07T07:00:00Z,2026-10-07T08:25:51Z,BOYA,1712,Boya de Tarragona,41.07,1.19,155.5,Puertos del Estado · red de boyas REDEXT,https://portus.puertos.es/portussvr/api,0.49,0.74,4.7,4.1,159,,23.9,,,,,,,,OK,af8edd35fc19a5b4aa6464990707cecba8fba99a
2026-10-07T07:00:00Z,2026-10-07T07:25:18Z,BOYA,2630,Boya de Valencia,39.51,0.2,54.9,Puertos del Estado · red de boyas REDEXT,https://portus.puertos.es/portussvr/api,0.7,0.97,3.71,3.44,255,256,24.62,,,,,,,,OK,aeef2e2da697e7d6f6cdb259e95a5cf068f67f4d
2026-10-07T07:00:00Z,2026-10-07T07:25:18Z,BOYA,2720,Boya de Tarragona,40.69,1.47,145.2,Puertos del Estado · red de boyas REDEXT,https://portus.puertos.es/portussvr/api,0.82,1.19,4.69,4.06,180,186,25.36,,,,,,,,OK,aeef2e2da697e7d6f6cdb259e95a5cf068f67f4d
2026-10-07T07:10:00Z,2026-10-07T07:25:18Z,VIENTO,4660,Estación Meteorológica de Castellón Mistral,39.97736,0.02505,1.0,Puertos del Estado · estaciones meteorológicas REMPOR,https://portus.puertos.es/portussvr/api,,,,,,,,,1.4,5.0,2.0,7.2,162,20.5,OK,aeef2e2da697e7d6f6cdb259e95a5cf068f67f4d
2026-10-07T07:24:00Z,2026-10-07T07:25:18Z,MAREOGRAFO,3655,Mareografo de Sagunto,39.63392,-0.20624,43.9,Puertos del Estado · mareógrafo,https://portus.puertos.es/portussvr/api,,,,,,,,0.082,,,,,,,OK,aeef2e2da697e7d6f6cdb259e95a5cf068f67f4d
2026-10-07T08:00:00Z,2026-10-07T09:24:29Z,BOYA,1712,Boya de Tarragona,41.07,1.19,155.5,Puertos del Estado · red de boyas REDEXT,https://portus.puertos.es/portussvr/api,0.53,0.9,4.6,4.1,163,,24.1,,,,,,,,OK,a053ac5360ccc94117058cdbd93fcfada9154f88
2026-10-07T08:00:00Z,2026-10-07T08:25:51Z,BOYA,2630,Boya de Valencia,39.51,0.2,54.9,Puertos del Estado · red de boyas REDEXT,https://portus.puertos.es/portussvr/api,0.7,0.91,3.91,3.44,253,264,24.64,,,,,,,,OK,af8edd35fc19a5b4aa6464990707cecba8fba99a
2026-10-07T08:00:00Z,2026-10-07T08:25:51Z,BOYA,2720,Boya de Tarragona,40.69,1.47,145.2,Puertos del Estado · red de boyas REDEXT,https://portus.puertos.es/portussvr/api,0.82,1.38,4.69,4.22,178,174,25.37,,,,,,,,OK,af8edd35fc19a5b4aa6464990707cecba8fba99a
2026-10-07T08:10:00Z,2026-10-07T08:25:51Z,VIENTO,4660,Estación Meteorológica de Castellón Mistral,39.97736,0.02505,1.0,Puertos del Estado · estaciones meteorológicas REMPOR,https://portus.puertos.es/portussvr/api,,,,,,,,,1.2,4.3,3.6,13.0,173,22.4,OK,af8edd35fc19a5b4aa6464990707cecba8fba99a
2026-10-07T08:24:00Z,2026-10-07T08:25:51Z,MAREOGRAFO,3655,Mareografo de Sagunto,39.63392,-0.20624,43.9,Puertos del Estado · mareógrafo,https://portus.puertos.es/portussvr/api,,,,,,,,0.117,,,,,,,OK,af8edd35fc19a5b4aa6464990707cecba8fba99a
2026-10-07T09:00:00Z,2026-10-07T10:24:08Z,BOYA,1712,Boya de Tarragona,41.07,1.19,155.5,Puertos del Estado · red de boyas REDEXT,https://portus.puertos.es/portussvr/api,0.57,0.9,4.8,4.3,156,,24.1,,,,,,,,OK,f197934b10a6780bf3fe22df52403897bc2dfdcd
2026-10-07T09:00:00Z,2026-10-07T09:24:29Z,BOYA,2630,Boya de Valencia,39.51,0.2,54.9,Puertos del Estado · red de boyas REDEXT,https://portus.puertos.es/portussvr/api,0.7,0.97,3.71,3.44,248,256,24.65,,,,,,,,OK,a053ac5360ccc94117058cdbd93fcfada9154f88
2026-10-07T09:00:00Z,2026-10-07T09:24:29Z,BOYA,2720,Boya de Tarragona,40.69,1.47,145.2,Puertos del Estado · red de boyas REDEXT,https://portus.puertos.es/portussvr/api,0.94,1.5,5.86,4.53,184,177,25.38,,,,,,,,OK,a053ac5360ccc94117058cdbd93fcfada9154f88
2026-10-07T09:10:00Z,2026-10-07T09:24:29Z,VIENTO,4660,Estación Meteorológica de Castellón Mistral,39.97736,0.02505,1.0,Puertos del Estado · estaciones meteorológicas REMPOR,https://portus.puertos.es/portussvr/api,,,,,,,,,0.7,2.5,2.2,7.9,261,26.2,OK,a053ac5360ccc94117058cdbd93fcfada9154f88
2026-10-07T09:23:00Z,2026-10-07T09:24:29Z,MAREOGRAFO,3655,Mareografo de Sagunto,39.63392,-0.20624,43.9,Puertos del Estado · mareógrafo,https://portus.puertos.es/portussvr/api,,,,,,,,0.078,,,,,,,OK,a053ac5360ccc94117058cdbd93fcfada9154f88
2026-10-07T10:00:00Z,2026-10-07T11:23:02Z,BOYA,1712,Boya de Tarragona,41.07,1.19,155.5,Puertos del Estado · red de boyas REDEXT,https://portus.puertos.es/portussvr/api,0.66,1.29,5.1,4.6,167,,24.4,,,,,,,,OK,e3c856ee4acfca23824c69718cfc3978203c18ac
2026-10-07T10:00:00Z,2026-10-07T10:24:08Z,BOYA,2630,Boya de Valencia,39.51,0.2,54.9,Puertos del Estado · red de boyas REDEXT,https://portus.puertos.es/portussvr/api,0.7,1.0,3.71,3.28,253,262,24.74,,,,,,,,OK,f197934b10a6780bf3fe22df52403897bc2dfdcd
2026-10-07T10:00:00Z,2026-10-07T10:24:08Z,BOYA,2720,Boya de Tarragona,40.69,1.47,145.2,Puertos del Estado · red de boyas REDEXT,https://portus.puertos.es/portussvr/api,0.82,1.22,5.86,4.22,191,174,25.39,,,,,,,,OK,f197934b10a6780bf3fe22df52403897bc2dfdcd
2026-10-07T10:10:00Z,2026-10-07T10:24:08Z,VIENTO,4660,Estación Meteorológica de Castellón Mistral,39.97736,0.02505,1.0,Puertos del Estado · estaciones meteorológicas REMPOR,https://portus.puertos.es/portussvr/api,,,,,,,,,2.4,8.6,5.3,19.1,161,26.2,OK,f197934b10a6780bf3fe22df52403897bc2dfdcd
2026-10-07T10:23:00Z,2026-10-07T10:24:08Z,MAREOGRAFO,3655,Mareografo de Sagunto,39.63392,-0.20624,43.9,Puertos del Estado · mareógrafo,https://portus.puertos.es/portussvr/api,,,,,,,,0.078,,,,,,,OK,f197934b10a6780bf3fe22df52403897bc2dfdcd
2026-10-07T11:00:00Z,2026-10-07T12:30:52Z,BOYA,1712,Boya de Tarragona,41.07,1.19,155.5,Puertos del Estado · red de boyas REDEXT,https://portus.puertos.es/portussvr/api,0.67,1.14,5.5,4.8,164,,24.7,,,,,,,,OK,4db68d76b952eb24124a2459d7012315c18156cd
2026-10-07T11:00:00Z,2026-10-07T11:23:02Z,BOYA,2630,Boya de Valencia,39.51,0.2,54.9,Puertos del Estado · red de boyas REDEXT,https://portus.puertos.es/portussvr/api,0.7,0.97,3.52,3.28,253,259,24.81,,,,,,,,OK,e3c856ee4acfca23824c69718cfc3978203c18ac
2026-10-07T11:00:00Z,2026-10-07T11:23:02Z,BOYA,2720,Boya de Tarragona,40.69,1.47,145.2,Puertos del Estado · red de boyas REDEXT,https://portus.puertos.es/portussvr/api,0.82,1.25,5.27,4.06,191,180,25.4,,,,,,,,OK,e3c856ee4acfca23824c69718cfc3978203c18ac
2026-10-07T11:10:00Z,2026-10-07T11:23:02Z,VIENTO,4660,Estación Meteorológica de Castellón Mistral,39.97736,0.02505,1.0,Puertos del Estado · estaciones meteorológicas REMPOR,https://portus.puertos.es/portussvr/api,,,,,,,,,4.1,14.8,5.9,21.2,158,25.5,OK,e3c856ee4acfca23824c69718cfc3978203c18ac
2026-10-07T11:21:00Z,2026-10-07T11:23:02Z,MAREOGRAFO,3655,Mareografo de Sagunto,39.63392,-0.20624,43.9,Puertos del Estado · mareógrafo,https://portus.puertos.es/portussvr/api,,,,,,,,0.119,,,,,,,OK,e3c856ee4acfca23824c69718cfc3978203c18ac
2026-10-07T12:00:00Z,2026-10-07T13:25:55Z,BOYA,1712,Boya de Tarragona,41.07,1.19,155.5,Puertos del Estado · red de boyas REDEXT,https://portus.puertos.es/portussvr/api,0.62,1.1,5.7,4.7,161,,25.0,,,,,,,,OK,425e9cb0ed0d72b2a859e34e1827c96774804769
2026-10-07T12:00:00Z,2026-10-07T12:30:52Z,BOYA,2630,Boya de Valencia,39.51,0.2,54.9,Puertos del Estado · red de boyas REDEXT,https://portus.puertos.es/portussvr/api,0.7,0.91,3.91,3.28,250,264,24.86,,,,,,,,OK,4db68d76b952eb24124a2459d7012315c18156cd
2026-10-07T12:00:00Z,2026-10-07T12:30:52Z,BOYA,2720,Boya de Tarragona,40.69,1.47,145.2,Puertos del Estado · red de boyas REDEXT,https://portus.puertos.es/portussvr/api,0.82,1.34,5.86,3.91,199,183,25.41,,,,,,,,OK,4db68d76b952eb24124a2459d7012315c18156cd
2026-10-07T12:20:00Z,2026-10-07T12:30:52Z,VIENTO,4660,Estación Meteorológica de Castellón Mistral,39.97736,0.02505,1.0,Puertos del Estado · estaciones meteorológicas REMPOR,https://portus.puertos.es/portussvr/api,,,,,,,,,4.8,17.3,7.8,28.1,157,25.9,OK,4db68d76b952eb24124a2459d7012315c18156cd
2026-10-07T12:29:00Z,2026-10-07T12:30:52Z,MAREOGRAFO,3655,Mareografo de Sagunto,39.63392,-0.20624,43.9,Puertos del Estado · mareógrafo,https://portus.puertos.es/portussvr/api,,,,,,,,0.158,,,,,,,OK,4db68d76b952eb24124a2459d7012315c18156cd
2026-10-07T13:00:00Z,2026-10-07T14:25:07Z,BOYA,1712,Boya de Tarragona,41.07,1.19,155.5,Puertos del Estado · red de boyas REDEXT,https://portus.puertos.es/portussvr/api,0.56,0.84,5.7,4.5,163,,25.1,,,,,,,,OK,c2ff0da6a8809aa0f9fd63424027d8a1b6660c6a
2026-10-07T13:00:00Z,2026-10-07T13:25:55Z,BOYA,2630,Boya de Valencia,39.51,0.2,54.9,Puertos del Estado · red de boyas REDEXT,https://portus.puertos.es/portussvr/api,0.7,1.06,3.52,3.28,240,250,24.86,,,,,,,,OK,425e9cb0ed0d72b2a859e34e1827c96774804769
2026-10-07T13:00:00Z,2026-10-07T13:25:55Z,BOYA,2720,Boya de Tarragona,40.69,1.47,145.2,Puertos del Estado · red de boyas REDEXT,https://portus.puertos.es/portussvr/api,0.82,1.16,5.27,4.06,194,183,25.42,,,,,,,,OK,425e9cb0ed0d72b2a859e34e1827c96774804769
2026-10-07T13:10:00Z,2026-10-07T13:25:55Z,VIENTO,4660,Estación Meteorológica de Castellón Mistral,39.97736,0.02505,1.0,Puertos del Estado · estaciones meteorológicas REMPOR,https://portus.puertos.es/portussvr/api,,,,,,,,,3.2,11.5,4.8,17.3,155,26.2,OK,425e9cb0ed0d72b2a859e34e1827c96774804769
2026-10-07T13:24:00Z,2026-10-07T13:25:55Z,MAREOGRAFO,3655,Mareografo de Sagunto,39.63392,-0.20624,43.9,Puertos del Estado · mareógrafo,https://portus.puertos.es/portussvr/api,,,,,,,,0.145,,,,,,,OK,425e9cb0ed0d72b2a859e34e1827c96774804769
2026-10-07T14:00:00Z,2026-10-07T15:34:33Z,BOYA,1712,Boya de Tarragona,41.07,1.19,155.5,Puertos del Estado · red de boyas REDEXT,https://portus.puertos.es/portussvr/api,0.52,0.82,5.7,4.5,162,,25.1,,,,,,,,OK,147b5f0cd1a563c446c30e7fca805b9ccaf7c227
2026-10-07T14:00:00Z,2026-10-07T14:25:07Z,BOYA,2630,Boya de Valencia,39.51,0.2,54.9,Puertos del Estado · red de boyas REDEXT,https://portus.puertos.es/portussvr/api,0.82,1.09,3.71,3.44,233,236,24.86,,,,,,,,OK,c2ff0da6a8809aa0f9fd63424027d8a1b6660c6a
2026-10-07T14:00:00Z,2026-10-07T14:25:07Z,BOYA,2720,Boya de Tarragona,40.69,1.47,145.2,Puertos del Estado · red de boyas REDEXT,https://portus.puertos.es/portussvr/api,0.82,1.28,5.66,4.06,194,169,25.42,,,,,,,,OK,c2ff0da6a8809aa0f9fd63424027d8a1b6660c6a
2026-10-07T14:10:00Z,2026-10-07T14:25:07Z,VIENTO,4660,Estación Meteorológica de Castellón Mistral,39.97736,0.02505,1.0,Puertos del Estado · estaciones meteorológicas REMPOR,https://portus.puertos.es/portussvr/api,,,,,,,,,3.1,11.2,4.5,16.2,126,26.0,OK,c2ff0da6a8809aa0f9fd63424027d8a1b6660c6a
2026-10-07T14:23:00Z,2026-10-07T14:25:07Z,MAREOGRAFO,3655,Mareografo de Sagunto,39.63392,-0.20624,43.9,Puertos del Estado · mareógrafo,https://portus.puertos.es/portussvr/api,,,,,,,,0.205,,,,,,,OK,c2ff0da6a8809aa0f9fd63424027d8a1b6660c6a
2026-10-07T15:00:00Z,2026-10-07T16:26:03Z,BOYA,1712,Boya de Tarragona,41.07,1.19,155.5,Puertos del Estado · red de boyas REDEXT,https://portus.puertos.es/portussvr/api,0.55,0.99,5.5,4.6,167,,25.1,,,,,,,,OK,afa5cec479a618b7b190c54d88ec7164ec74076b
2026-10-07T15:00:00Z,2026-10-07T15:34:33Z,BOYA,2630,Boya de Valencia,39.51,0.2,54.9,Puertos del Estado · red de boyas REDEXT,https://portus.puertos.es/portussvr/api,0.59,0.94,3.71,3.28,220,225,24.91,,,,,,,,OK,147b5f0cd1a563c446c30e7fca805b9ccaf7c227
2026-10-07T15:00:00Z,2026-10-07T15:34:33Z,BOYA,2720,Boya de Tarragona,40.69,1.47,145.2,Puertos del Estado · red de boyas REDEXT,https://portus.puertos.es/portussvr/api,0.82,1.09,5.47,4.22,191,177,25.47,,,,,,,,OK,147b5f0cd1a563c446c30e7fca805b9ccaf7c227
2026-10-07T15:20:00Z,2026-10-07T15:34:33Z,VIENTO,4660,Estación Meteorológica de Castellón Mistral,39.97736,0.02505,1.0,Puertos del Estado · estaciones meteorológicas REMPOR,https://portus.puertos.es/portussvr/api,,,,,,,,,1.8,6.5,4.5,16.2,93,26.1,OK,147b5f0cd1a563c446c30e7fca805b9ccaf7c227
2026-10-07T15:25:00Z,2026-10-07T15:34:33Z,MAREOGRAFO,3655,Mareografo de Sagunto,39.63392,-0.20624,43.9,Puertos del Estado · mareógrafo,https://portus.puertos.es/portussvr/api,,,,,,,,0.215,,,,,,,OK,147b5f0cd1a563c446c30e7fca805b9ccaf7c227
2026-10-07T16:00:00Z,2026-10-07T17:25:09Z,BOYA,1712,Boya de Tarragona,41.07,1.19,155.5,Puertos del Estado · red de boyas REDEXT,https://portus.puertos.es/portussvr/api,0.54,0.89,5.3,4.3,171,,25.1,,,,,,,,OK,8979eeaf6fe957a4d6394a20694f4f78c2a11186
2026-10-07T16:00:00Z,2026-10-07T16:26:03Z,BOYA,2630,Boya de Valencia,39.51,0.2,54.9,Puertos del Estado · red de boyas REDEXT,https://portus.puertos.es/portussvr/api,0.7,0.97,3.91,3.44,219,222,24.88,,,,,,,,OK,afa5cec479a618b7b190c54d88ec7164ec74076b
2026-10-07T16:00:00Z,2026-10-07T16:26:03Z,BOYA,2720,Boya de Tarragona,40.69,1.47,145.2,Puertos del Estado · red de boyas REDEXT,https://portus.puertos.es/portussvr/api,0.94,1.63,5.47,4.38,191,186,25.52,,,,,,,,OK,afa5cec479a618b7b190c54d88ec7164ec74076b
2026-10-07T16:10:00Z,2026-10-07T16:26:03Z,VIENTO,4660,Estación Meteorológica de Castellón Mistral,39.97736,0.02505,1.0,Puertos del Estado · estaciones meteorológicas REMPOR,https://portus.puertos.es/portussvr/api,,,,,,,,,1.6,5.8,4.5,16.2,53,26.3,OK,afa5cec479a618b7b190c54d88ec7164ec74076b
2026-10-07T16:24:00Z,2026-10-07T16:26:03Z,MAREOGRAFO,3655,Mareografo de Sagunto,39.63392,-0.20624,43.9,Puertos del Estado · mareógrafo,https://portus.puertos.es/portussvr/api,,,,,,,,0.204,,,,,,,OK,afa5cec479a618b7b190c54d88ec7164ec74076b
2026-10-07T17:00:00Z,2026-10-07T18:27:27Z,BOYA,1712,Boya de Tarragona,41.07,1.19,155.5,Puertos del Estado · red de boyas REDEXT,https://portus.puertos.es/portussvr/api,0.69,1.17,5.4,4.3,175,,25.1,,,,,,,,OK,87691e7056337ba4550b63fe551ec17e3d8e36e1
2026-10-07T17:00:00Z,2026-10-07T17:25:09Z,BOYA,2630,Boya de Valencia,39.51,0.2,54.9,Puertos del Estado · red de boyas REDEXT,https://portus.puertos.es/portussvr/api,0.7,0.94,3.91,3.44,218,222,24.89,,,,,,,,OK,8979eeaf6fe957a4d6394a20694f4f78c2a11186
2026-10-07T17:00:00Z,2026-10-07T17:25:09Z,BOYA,2720,Boya de Tarragona,40.69,1.47,145.2,Puertos del Estado · red de boyas REDEXT,https://portus.puertos.es/portussvr/api,0.94,1.38,5.86,4.38,191,186,25.42,,,,,,,,OK,8979eeaf6fe957a4d6394a20694f4f78c2a11186
2026-10-07T17:10:00Z,2026-10-07T17:25:09Z,VIENTO,4660,Estación Meteorológica de Castellón Mistral,39.97736,0.02505,1.0,Puertos del Estado · estaciones meteorológicas REMPOR,https://portus.puertos.es/portussvr/api,,,,,,,,,3.6,13.0,5.3,19.1,34,25.2,OK,8979eeaf6fe957a4d6394a20694f4f78c2a11186
2026-10-07T17:23:00Z,2026-10-07T17:25:09Z,MAREOGRAFO,3655,Mareografo de Sagunto,39.63392,-0.20624,43.9,Puertos del Estado · mareógrafo,https://portus.puertos.es/portussvr/api,,,,,,,,0.192,,,,,,,OK,8979eeaf6fe957a4d6394a20694f4f78c2a11186
2026-10-07T18:00:00Z,2026-10-07T19:23:33Z,BOYA,1712,Boya de Tarragona,41.07,1.19,155.5,Puertos del Estado · red de boyas REDEXT,https://portus.puertos.es/portussvr/api,0.75,1.11,5.6,3.9,178,,25.1,,,,,,,,OK,b0d2a2b2b2921df4511d2bc3add6e6f0dcd7aeb4
2026-10-07T18:00:00Z,2026-10-07T18:27:27Z,BOYA,2630,Boya de Valencia,39.51,0.2,54.9,Puertos del Estado · red de boyas REDEXT,https://portus.puertos.es/portussvr/api,0.7,1.0,4.1,3.44,216,228,24.85,,,,,,,,OK,87691e7056337ba4550b63fe551ec17e3d8e36e1
2026-10-07T18:00:00Z,2026-10-07T18:27:27Z,BOYA,2720,Boya de Tarragona,40.69,1.47,145.2,Puertos del Estado · red de boyas REDEXT,https://portus.puertos.es/portussvr/api,0.94,1.5,5.47,4.06,194,194,25.39,,,,,,,,OK,87691e7056337ba4550b63fe551ec17e3d8e36e1
2026-10-07T18:10:00Z,2026-10-07T18:27:27Z,VIENTO,4660,Estación Meteorológica de Castellón Mistral,39.97736,0.02505,1.0,Puertos del Estado · estaciones meteorológicas REMPOR,https://portus.puertos.es/portussvr/api,,,,,,,,,2.8,10.1,5.0,18.0,352,24.5,OK,87691e7056337ba4550b63fe551ec17e3d8e36e1
2026-10-07T18:26:00Z,2026-10-07T18:27:27Z,MAREOGRAFO,3655,Mareografo de Sagunto,39.63392,-0.20624,43.9,Puertos del Estado · mareógrafo,https://portus.puertos.es/portussvr/api,,,,,,,,0.167,,,,,,,OK,87691e7056337ba4550b63fe551ec17e3d8e36e1
2026-10-07T19:00:00Z,2026-10-07T20:23:46Z,BOYA,1712,Boya de Tarragona,41.07,1.19,155.5,Puertos del Estado · red de boyas REDEXT,https://portus.puertos.es/portussvr/api,0.7,1.27,5.2,3.7,180,,25.1,,,,,,,,OK,5ad2bb91fa94846cd24605d4d6fa78f742cdde46
2026-10-07T19:00:00Z,2026-10-07T19:23:33Z,BOYA,2630,Boya de Valencia,39.51,0.2,54.9,Puertos del Estado · red de boyas REDEXT,https://portus.puertos.es/portussvr/api,0.59,0.97,3.71,3.28,213,233,24.86,,,,,,,,OK,b0d2a2b2b2921df4511d2bc3add6e6f0dcd7aeb4
2026-10-07T19:00:00Z,2026-10-07T19:23:33Z,BOYA,2720,Boya de Tarragona,40.69,1.47,145.2,Puertos del Estado · red de boyas REDEXT,https://portus.puertos.es/portussvr/api,0.82,1.19,5.27,3.75,187,197,25.41,,,,,,,,OK,b0d2a2b2b2921df4511d2bc3add6e6f0dcd7aeb4
2026-10-07T19:10:00Z,2026-10-07T19:23:33Z,VIENTO,4660,Estación Meteorológica de Castellón Mistral,39.97736,0.02505,1.0,Puertos del Estado · estaciones meteorológicas REMPOR,https://portus.puertos.es/portussvr/api,,,,,,,,,1.1,4.0,2.2,7.9,282,22.9,OK,b0d2a2b2b2921df4511d2bc3add6e6f0dcd7aeb4
2026-10-07T19:22:00Z,2026-10-07T19:23:33Z,MAREOGRAFO,3655,Mareografo de Sagunto,39.63392,-0.20624,43.9,Puertos del Estado · mareógrafo,https://portus.puertos.es/portussvr/api,,,,,,,,0.171,,,,,,,OK,b0d2a2b2b2921df4511d2bc3add6e6f0dcd7aeb4
2026-10-07T20:00:00Z,2026-10-07T21:23:28Z,BOYA,1712,Boya de Tarragona,41.07,1.19,155.5,Puertos del Estado · red de boyas REDEXT,https://portus.puertos.es/portussvr/api,0.65,1.06,5.4,3.9,182,,25.1,,,,,,,,OK,47dfa16817f0e5229c0885152963ff68db13e584
2026-10-07T20:00:00Z,2026-10-07T20:23:46Z,BOYA,2630,Boya de Valencia,39.51,0.2,54.9,Puertos del Estado · red de boyas REDEXT,https://portus.puertos.es/portussvr/api,0.82,1.38,3.91,3.44,227,236,24.86,,,,,,,,OK,5ad2bb91fa94846cd24605d4d6fa78f742cdde46
2026-10-07T20:00:00Z,2026-10-07T20:23:46Z,BOYA,2720,Boya de Tarragona,40.69,1.47,145.2,Puertos del Estado · red de boyas REDEXT,https://portus.puertos.es/portussvr/api,0.7,1.31,5.08,3.75,190,186,25.41,,,,,,,,OK,5ad2bb91fa94846cd24605d4d6fa78f742cdde46
2026-10-07T20:10:00Z,2026-10-07T20:23:46Z,VIENTO,4660,Estación Meteorológica de Castellón Mistral,39.97736,0.02505,1.0,Puertos del Estado · estaciones meteorológicas REMPOR,https://portus.puertos.es/portussvr/api,,,,,,,,,1.3,4.7,2.0,7.2,266,22.8,OK,5ad2bb91fa94846cd24605d4d6fa78f742cdde46
2026-10-07T20:22:00Z,2026-10-07T20:23:46Z,MAREOGRAFO,3655,Mareografo de Sagunto,39.63392,-0.20624,43.9,Puertos del Estado · mareógrafo,https://portus.puertos.es/portussvr/api,,,,,,,,0.138,,,,,,,OK,5ad2bb91fa94846cd24605d4d6fa78f742cdde46
2026-10-07T21:00:00Z,2026-10-07T22:20:41Z,BOYA,1712,Boya de Tarragona,41.07,1.19,155.5,Puertos del Estado · red de boyas REDEXT,https://portus.puertos.es/portussvr/api,0.59,1.11,5.0,3.9,174,,25.1,,,,,,,,OK,e6aadc1405c523b627f275943e5ad6bd1487c6fd
2026-10-07T21:00:00Z,2026-10-07T21:23:28Z,BOYA,2630,Boya de Valencia,39.51,0.2,54.9,Puertos del Estado · red de boyas REDEXT,https://portus.puertos.es/portussvr/api,0.82,1.47,4.1,3.59,226,231,24.9,,,,,,,,OK,47dfa16817f0e5229c0885152963ff68db13e584
2026-10-07T21:00:00Z,2026-10-07T21:23:28Z,BOYA,2720,Boya de Tarragona,40.69,1.47,145.2,Puertos del Estado · red de boyas REDEXT,https://portus.puertos.es/portussvr/api,0.7,1.09,5.08,3.91,197,191,25.43,,,,,,,,OK,47dfa16817f0e5229c0885152963ff68db13e584
2026-10-07T21:10:00Z,2026-10-07T21:23:28Z,VIENTO,4660,Estación Meteorológica de Castellón Mistral,39.97736,0.02505,1.0,Puertos del Estado · estaciones meteorológicas REMPOR,https://portus.puertos.es/portussvr/api,,,,,,,,,0.3,1.1,1.7,6.1,139,23.2,OK,47dfa16817f0e5229c0885152963ff68db13e584
2026-10-07T21:22:00Z,2026-10-07T21:23:28Z,MAREOGRAFO,3655,Mareografo de Sagunto,39.63392,-0.20624,43.9,Puertos del Estado · mareógrafo,https://portus.puertos.es/portussvr/api,,,,,,,,0.14,,,,,,,OK,47dfa16817f0e5229c0885152963ff68db13e584
2026-10-07T22:00:00Z,2026-10-07T23:19:27Z,BOYA,1712,Boya de Tarragona,41.07,1.19,155.5,Puertos del Estado · red de boyas REDEXT,https://portus.puertos.es/portussvr/api,0.48,0.83,4.5,3.6,177,,25.1,,,,,,,,OK,d825a76bd288fedcad8341098dfb7b66d13444bd
2026-10-07T22:00:00Z,2026-10-07T22:20:41Z,BOYA,2630,Boya de Valencia,39.51,0.2,54.9,Puertos del Estado · red de boyas REDEXT,https://portus.puertos.es/portussvr/api,0.7,0.97,4.1,3.28,238,208,24.87,,,,,,,,OK,e6aadc1405c523b627f275943e5ad6bd1487c6fd
2026-10-07T22:00:00Z,2026-10-07T22:20:41Z,BOYA,2720,Boya de Tarragona,40.69,1.47,145.2,Puertos del Estado · red de boyas REDEXT,https://portus.puertos.es/portussvr/api,0.7,1.16,5.47,3.75,216,197,25.35,,,,,,,,OK,e6aadc1405c523b627f275943e5ad6bd1487c6fd
2026-10-07T22:10:00Z,2026-10-07T22:20:41Z,VIENTO,4660,Estación Meteorológica de Castellón Mistral,39.97736,0.02505,1.0,Puertos del Estado · estaciones meteorológicas REMPOR,https://portus.puertos.es/portussvr/api,,,,,,,,,0.4,1.4,1.1,4.0,254,21.9,OK,e6aadc1405c523b627f275943e5ad6bd1487c6fd
2026-10-07T22:19:00Z,2026-10-07T22:20:41Z,MAREOGRAFO,3655,Mareografo de Sagunto,39.63392,-0.20624,43.9,Puertos del Estado · mareógrafo,https://portus.puertos.es/portussvr/api,,,,,,,,0.106,,,,,,,OK,e6aadc1405c523b627f275943e5ad6bd1487c6fd
2026-10-07T23:00:00Z,2026-10-08T00:32:15Z,BOYA,1712,Boya de Tarragona,41.07,1.19,155.5,Puertos del Estado · red de boyas REDEXT,https://portus.puertos.es/portussvr/api,0.51,0.82,5.3,3.7,181,,25.0,,,,,,,,OK,dbda1e7502fea06a6ca93ad2f14b1d063741f376
2026-10-07T23:00:00Z,2026-10-07T23:19:27Z,BOYA,2630,Boya de Valencia,39.51,0.2,54.9,Puertos del Estado · red de boyas REDEXT,https://portus.puertos.es/portussvr/api,0.82,1.19,3.91,3.44,266,245,24.87,,,,,,,,OK,d825a76bd288fedcad8341098dfb7b66d13444bd
2026-10-07T23:00:00Z,2026-10-07T23:19:27Z,BOYA,2720,Boya de Tarragona,40.69,1.47,145.2,Puertos del Estado · red de boyas REDEXT,https://portus.puertos.es/portussvr/api,0.82,1.0,5.08,3.59,235,194,25.28,,,,,,,,OK,d825a76bd288fedcad8341098dfb7b66d13444bd
2026-10-07T23:00:00Z,2026-10-07T23:19:27Z,VIENTO,4660,Estación Meteorológica de Castellón Mistral,39.97736,0.02505,1.0,Puertos del Estado · estaciones meteorológicas REMPOR,https://portus.puertos.es/portussvr/api,,,,,,,,,1.2,4.3,2.5,9.0,238,22.0,OK,d825a76bd288fedcad8341098dfb7b66d13444bd
2026-10-07T23:18:00Z,2026-10-07T23:19:27Z,MAREOGRAFO,3655,Mareografo de Sagunto,39.63392,-0.20624,43.9,Puertos del Estado · mareógrafo,https://portus.puertos.es/portussvr/api,,,,,,,,0.109,,,,,,,OK,d825a76bd288fedcad8341098dfb7b66d13444bd
2026-10-08T00:00:00Z,2026-10-08T01:23:15Z,BOYA,1712,Boya de Tarragona,41.07,1.19,155.5,Puertos del Estado · red de boyas REDEXT,https://portus.puertos.es/portussvr/api,0.42,0.78,5.5,3.6,181,,24.8,,,,,,,,OK,3ad0c3f5d245a032d3b5ce909679d7d952d39e25
2026-10-08T00:00:00Z,2026-10-08T00:32:15Z,BOYA,2630,Boya de Valencia,39.51,0.2,54.9,Puertos del Estado · red de boyas REDEXT,https://portus.puertos.es/portussvr/api,0.7,0.97,3.52,3.44,265,323,24.87,,,,,,,,OK,dbda1e7502fea06a6ca93ad2f14b1d063741f376
2026-10-08T00:00:00Z,2026-10-08T00:32:15Z,BOYA,2720,Boya de Tarragona,40.69,1.47,145.2,Puertos del Estado · red de boyas REDEXT,https://portus.puertos.es/portussvr/api,1.05,1.47,3.91,3.59,270,273,25.28,,,,,,,,OK,dbda1e7502fea06a6ca93ad2f14b1d063741f376
2026-10-08T00:20:00Z,2026-10-08T00:32:15Z,VIENTO,4660,Estación Meteorológica de Castellón Mistral,39.97736,0.02505,1.0,Puertos del Estado · estaciones meteorológicas REMPOR,https://portus.puertos.es/portussvr/api,,,,,,,,,0.0,0.0,0.3,1.1,258,21.4,OK,dbda1e7502fea06a6ca93ad2f14b1d063741f376
2026-10-08T00:31:00Z,2026-10-08T00:32:15Z,MAREOGRAFO,3655,Mareografo de Sagunto,39.63392,-0.20624,43.9,Puertos del Estado · mareógrafo,https://portus.puertos.es/portussvr/api,,,,,,,,0.082,,,,,,,OK,dbda1e7502fea06a6ca93ad2f14b1d063741f376
2026-10-08T01:00:00Z,2026-10-08T02:21:56Z,BOYA,1712,Boya de Tarragona,41.07,1.19,155.5,Puertos del Estado · red de boyas REDEXT,https://portus.puertos.es/portussvr/api,0.38,0.59,5.3,3.7,186,,24.7,,,,,,,,OK,be91ce1edc795d3983a55f10606cd3ecebe2d2cc
2026-10-08T01:00:00Z,2026-10-08T01:23:15Z,BOYA,2630,Boya de Valencia,39.51,0.2,54.9,Puertos del Estado · red de boyas REDEXT,https://portus.puertos.es/portussvr/api,0.7,0.97,6.84,3.59,249,141,24.85,,,,,,,,OK,3ad0c3f5d245a032d3b5ce909679d7d952d39e25
2026-10-08T01:00:00Z,2026-10-08T01:23:15Z,BOYA,2720,Boya de Tarragona,40.69,1.47,145.2,Puertos del Estado · red de boyas REDEXT,https://portus.puertos.es/portussvr/api,1.29,2.16,4.88,3.91,284,276,25.33,,,,,,,,OK,3ad0c3f5d245a032d3b5ce909679d7d952d39e25
2026-10-08T01:10:00Z,2026-10-08T01:23:15Z,VIENTO,4660,Estación Meteorológica de Castellón Mistral,39.97736,0.02505,1.0,Puertos del Estado · estaciones meteorológicas REMPOR,https://portus.puertos.es/portussvr/api,,,,,,,,,1.7,6.1,2.2,7.9,255,20.3,OK,3ad0c3f5d245a032d3b5ce909679d7d952d39e25
2026-10-08T01:22:00Z,2026-10-08T01:23:15Z,MAREOGRAFO,3655,Mareografo de Sagunto,39.63392,-0.20624,43.9,Puertos del Estado · mareógrafo,https://portus.puertos.es/portussvr/api,,,,,,,,0.119,,,,,,,OK,3ad0c3f5d245a032d3b5ce909679d7d952d39e25
2026-10-08T02:00:00Z,2026-10-08T03:23:55Z,BOYA,1712,Boya de Tarragona,41.07,1.19,155.5,Puertos del Estado · red de boyas REDEXT,https://portus.puertos.es/portussvr/api,0.35,0.59,5.1,3.3,192,,24.8,,,,,,,,OK,ec39b27eeaa91291d7333fb7a8f09a81871f7684
2026-10-08T02:00:00Z,2026-10-08T02:21:56Z,BOYA,2630,Boya de Valencia,39.51,0.2,54.9,Puertos del Estado · red de boyas REDEXT,https://portus.puertos.es/portussvr/api,0.7,0.91,6.64,3.59,234,166,24.8,,,,,,,,OK,be91ce1edc795d3983a55f10606cd3ecebe2d2cc
2026-10-08T02:00:00Z,2026-10-08T02:21:56Z,BOYA,2720,Boya de Tarragona,40.69,1.47,145.2,Puertos del Estado · red de boyas REDEXT,https://portus.puertos.es/portussvr/api,1.29,2.0,4.69,3.91,286,281,25.36,,,,,,,,OK,be91ce1edc795d3983a55f10606cd3ecebe2d2cc
2026-10-08T02:10:00Z,2026-10-08T02:21:56Z,VIENTO,4660,Estación Meteorológica de Castellón Mistral,39.97736,0.02505,1.0,Puertos del Estado · estaciones meteorológicas REMPOR,https://portus.puertos.es/portussvr/api,,,,,,,,,1.3,4.7,2.0,7.2,247,21.0,OK,be91ce1edc795d3983a55f10606cd3ecebe2d2cc
2026-10-08T02:20:00Z,2026-10-08T02:21:56Z,MAREOGRAFO,3655,Mareografo de Sagunto,39.63392,-0.20624,43.9,Puertos del Estado · mareógrafo,https://portus.puertos.es/portussvr/api,,,,,,,,0.097,,,,,,,OK,be91ce1edc795d3983a55f10606cd3ecebe2d2cc
2026-10-08T03:00:00Z,2026-10-08T04:24:03Z,BOYA,1712,Boya de Tarragona,41.07,1.19,155.5,Puertos del Estado · red de boyas REDEXT,https://portus.puertos.es/portussvr/api,0.28,0.51,5.3,3.3,193,,24.8,,,,,,,,OK,d0fa859b8859c1625d10b91b3b1948b68f3bbc77
2026-10-08T03:00:00Z,2026-10-08T03:23:55Z,BOYA,2630,Boya de Valencia,39.51,0.2,54.9,Puertos del Estado · red de boyas REDEXT,https://portus.puertos.es/portussvr/api,0.7,0.91,3.71,3.44,264,248,24.75,,,,,,,,OK,ec39b27eeaa91291d7333fb7a8f09a81871f7684
2026-10-08T03:00:00Z,2026-10-08T03:23:55Z,BOYA,2720,Boya de Tarragona,40.69,1.47,145.2,Puertos del Estado · red de boyas REDEXT,https://portus.puertos.es/portussvr/api,1.29,1.72,4.69,3.91,288,284,25.45,,,,,,,,OK,ec39b27eeaa91291d7333fb7a8f09a81871f7684
2026-10-08T03:10:00Z,2026-10-08T03:23:55Z,VIENTO,4660,Estación Meteorológica de Castellón Mistral,39.97736,0.02505,1.0,Puertos del Estado · estaciones meteorológicas REMPOR,https://portus.puertos.es/portussvr/api,,,,,,,,,1.3,4.7,2.5,9.0,251,20.2,OK,ec39b27eeaa91291d7333fb7a8f09a81871f7684
2026-10-08T03:22:00Z,2026-10-08T03:23:55Z,MAREOGRAFO,3655,Mareografo de Sagunto,39.63392,-0.20624,43.9,Puertos del Estado · mareógrafo,https://portus.puertos.es/portussvr/api,,,,,,,,0.118,,,,,,,OK,ec39b27eeaa91291d7333fb7a8f09a81871f7684
2026-10-08T04:00:00Z,2026-10-08T05:23:39Z,BOYA,1712,Boya de Tarragona,41.07,1.19,155.5,Puertos del Estado · red de boyas REDEXT,https://portus.puertos.es/portussvr/api,0.38,0.59,5.1,3.1,200,,24.8,,,,,,,,OK,b782fa0fa1b120ae95712bb683a2e73836319c4e
2026-10-08T04:00:00Z,2026-10-08T04:24:03Z,BOYA,2630,Boya de Valencia,39.51,0.2,54.9,Puertos del Estado · red de boyas REDEXT,https://portus.puertos.es/portussvr/api,0.7,0.84,3.71,3.44,272,225,24.67,,,,,,,,OK,d0fa859b8859c1625d10b91b3b1948b68f3bbc77
2026-10-08T04:00:00Z,2026-10-08T04:24:03Z,BOYA,2720,Boya de Tarragona,40.69,1.47,145.2,Puertos del Estado · red de boyas REDEXT,https://portus.puertos.es/portussvr/api,1.41,2.0,4.88,4.06,294,298,25.45,,,,,,,,OK,d0fa859b8859c1625d10b91b3b1948b68f3bbc77
2026-10-08T04:10:00Z,2026-10-08T04:24:03Z,VIENTO,4660,Estación Meteorológica de Castellón Mistral,39.97736,0.02505,1.0,Puertos del Estado · estaciones meteorológicas REMPOR,https://portus.puertos.es/portussvr/api,,,,,,,,,1.1,4.0,2.2,7.9,258,19.4,OK,d0fa859b8859c1625d10b91b3b1948b68f3bbc77
2026-10-08T04:22:00Z,2026-10-08T04:24:03Z,MAREOGRAFO,3655,Mareografo de Sagunto,39.63392,-0.20624,43.9,Puertos del Estado · mareógrafo,https://portus.puertos.es/portussvr/api,,,,,,,,0.068,,,,,,,OK,d0fa859b8859c1625d10b91b3b1948b68f3bbc77
2026-10-08T05:00:00Z,2026-10-08T06:30:33Z,BOYA,1712,Boya de Tarragona,41.07,1.19,155.5,Puertos del Estado · red de boyas REDEXT,https://portus.puertos.es/portussvr/api,0.29,0.44,5.2,3.0,204,,24.9,,,,,,,,OK,c5644f1a52762e81de3a78dc243e4df29eab4558
2026-10-08T05:00:00Z,2026-10-08T05:23:39Z,BOYA,2630,Boya de Valencia,39.51,0.2,54.9,Puertos del Estado · red de boyas REDEXT,https://portus.puertos.es/portussvr/api,0.59,0.97,3.52,3.28,276,248,24.5,,,,,,,,OK,b782fa0fa1b120ae95712bb683a2e73836319c4e
2026-10-08T05:00:00Z,2026-10-08T05:23:39Z,BOYA,2720,Boya de Tarragona,40.69,1.47,145.2,Puertos del Estado · red de boyas REDEXT,https://portus.puertos.es/portussvr/api,1.41,2.38,5.08,4.06,294,290,25.46,,,,,,,,OK,b782fa0fa1b120ae95712bb683a2e73836319c4e
2026-10-08T05:10:00Z,2026-10-08T05:23:39Z,VIENTO,4660,Estación Meteorológica de Castellón Mistral,39.97736,0.02505,1.0,Puertos del Estado · estaciones meteorológicas REMPOR,https://portus.puertos.es/portussvr/api,,,,,,,,,1.5,5.4,3.6,13.0,287,20.2,OK,b782fa0fa1b120ae95712bb683a2e73836319c4e
2026-10-08T05:22:00Z,2026-10-08T05:23:39Z,MAREOGRAFO,3655,Mareografo de Sagunto,39.63392,-0.20624,43.9,Puertos del Estado · mareógrafo,https://portus.puertos.es/portussvr/api,,,,,,,,0.094,,,,,,,OK,b782fa0fa1b120ae95712bb683a2e73836319c4e
2026-10-08T06:00:00Z,2026-10-08T07:25:18Z,BOYA,1712,Boya de Tarragona,41.07,1.19,155.5,Puertos del Estado · red de boyas REDEXT,https://portus.puertos.es/portussvr/api,0.29,0.56,22.8,2.7,252,,24.8,,,,,,,,OK,8e59402b5ba9c08d676eec08cabf701904a5c476
2026-10-08T06:00:00Z,2026-10-08T06:30:33Z,BOYA,2630,Boya de Valencia,39.51,0.2,54.9,Puertos del Estado · red de boyas REDEXT,https://portus.puertos.es/portussvr/api,0.59,0.72,6.05,3.28,333,160,24.38,,,,,,,,OK,c5644f1a52762e81de3a78dc243e4df29eab4558
2026-10-08T06:00:00Z,2026-10-08T06:30:33Z,BOYA,2720,Boya de Tarragona,40.69,1.47,145.2,Puertos del Estado · red de boyas REDEXT,https://portus.puertos.es/portussvr/api,1.41,2.13,5.47,4.22,289,281,25.28,,,,,,,,OK,c5644f1a52762e81de3a78dc243e4df29eab4558
2026-10-08T06:20:00Z,2026-10-08T06:30:33Z,VIENTO,4660,Estación Meteorológica de Castellón Mistral,39.97736,0.02505,1.0,Puertos del Estado · estaciones meteorológicas REMPOR,https://portus.puertos.es/portussvr/api,,,,,,,,,1.2,4.3,2.0,7.2,273,20.8,OK,c5644f1a52762e81de3a78dc243e4df29eab4558
2026-10-08T06:29:00Z,2026-10-08T06:30:33Z,MAREOGRAFO,3655,Mareografo de Sagunto,39.63392,-0.20624,43.9,Puertos del Estado · mareógrafo,https://portus.puertos.es/portussvr/api,,,,,,,,0.105,,,,,,,OK,c5644f1a52762e81de3a78dc243e4df29eab4558
2026-10-08T07:00:00Z,2026-10-08T08:25:38Z,BOYA,1712,Boya de Tarragona,41.07,1.19,155.5,Puertos del Estado · red de boyas REDEXT,https://portus.puertos.es/portussvr/api,0.37,0.57,6.4,2.3,280,,25.0,,,,,,,,OK,f78dba256cb26391779a4d3f1f5b9e6421c30bfa
2026-10-08T07:00:00Z,2026-10-08T07:25:18Z,BOYA,2630,Boya de Valencia,39.51,0.2,54.9,Puertos del Estado · red de boyas REDEXT,https://portus.puertos.es/portussvr/api,0.59,0.75,3.32,3.28,349,343,24.32,,,,,,,,OK,8e59402b5ba9c08d676eec08cabf701904a5c476
2026-10-08T07:00:00Z,2026-10-08T07:25:18Z,BOYA,2720,Boya de Tarragona,40.69,1.47,145.2,Puertos del Estado · red de boyas REDEXT,https://portus.puertos.es/portussvr/api,1.64,2.34,5.47,4.38,287,284,25.16,,,,,,,,OK,8e59402b5ba9c08d676eec08cabf701904a5c476
2026-10-08T07:00:00Z,2026-10-08T07:25:18Z,VIENTO,4660,Estación Meteorológica de Castellón Mistral,39.97736,0.02505,1.0,Puertos del Estado · estaciones meteorológicas REMPOR,https://portus.puertos.es/portussvr/api,,,,,,,,,1.4,5.0,5.3,19.1,301,21.6,OK,8e59402b5ba9c08d676eec08cabf701904a5c476
2026-10-08T07:24:00Z,2026-10-08T07:25:18Z,MAREOGRAFO,3655,Mareografo de Sagunto,39.63392,-0.20624,43.9,Puertos del Estado · mareógrafo,https://portus.puertos.es/portussvr/api,,,,,,,,0.054,,,,,,,OK,8e59402b5ba9c08d676eec08cabf701904a5c476
2026-10-08T08:00:00Z,2026-10-08T09:24:46Z,BOYA,1712,Boya de Tarragona,41.07,1.19,155.5,Puertos del Estado · red de boyas REDEXT,https://portus.puertos.es/portussvr/api,0.33,0.58,18.6,2.4,284,,24.9,,,,,,,,OK,1d510720a7e0b25ca70bcffc785e2ed6c3c95cac
2026-10-08T08:00:00Z,2026-10-08T08:25:38Z,BOYA,2630,Boya de Valencia,39.51,0.2,54.9,Puertos del Estado · red de boyas REDEXT,https://portus.puertos.es/portussvr/api,0.82,1.06,4.1,3.28,12,23,24.26,,,,,,,,OK,f78dba256cb26391779a4d3f1f5b9e6421c30bfa
2026-10-08T08:00:00Z,2026-10-08T08:25:38Z,BOYA,2720,Boya de Tarragona,40.69,1.47,145.2,Puertos del Estado · red de boyas REDEXT,https://portus.puertos.es/portussvr/api,1.64,2.38,5.66,4.38,293,284,25.29,,,,,,,,OK,f78dba256cb26391779a4d3f1f5b9e6421c30bfa
2026-10-08T08:10:00Z,2026-10-08T08:25:38Z,VIENTO,4660,Estación Meteorológica de Castellón Mistral,39.97736,0.02505,1.0,Puertos del Estado · estaciones meteorológicas REMPOR,https://portus.puertos.es/portussvr/api,,,,,,,,,2.2,7.9,6.7,24.1,303,22.7,OK,f78dba256cb26391779a4d3f1f5b9e6421c30bfa
2026-10-08T08:24:00Z,2026-10-08T08:25:38Z,MAREOGRAFO,3655,Mareografo de Sagunto,39.63392,-0.20624,43.9,Puertos del Estado · mareógrafo,https://portus.puertos.es/portussvr/api,,,,,,,,0.058,,,,,,,OK,f78dba256cb26391779a4d3f1f5b9e6421c30bfa
2026-10-08T09:00:00Z,2026-10-08T10:25:20Z,BOYA,1712,Boya de Tarragona,41.07,1.19,155.5,Puertos del Estado · red de boyas REDEXT,https://portus.puertos.es/portussvr/api,0.34,0.54,5.2,2.4,270,,24.7,,,,,,,,OK,b47a2c441875c25734b5fe4b00f785b7aa215ce6
2026-10-08T09:00:00Z,2026-10-08T09:24:46Z,BOYA,2630,Boya de Valencia,39.51,0.2,54.9,Puertos del Estado · red de boyas REDEXT,https://portus.puertos.es/portussvr/api,0.82,1.22,3.71,3.28,13,23,24.3,,,,,,,,OK,1d510720a7e0b25ca70bcffc785e2ed6c3c95cac
2026-10-08T09:00:00Z,2026-10-08T09:24:46Z,BOYA,2720,Boya de Tarragona,40.69,1.47,145.2,Puertos del Estado · red de boyas REDEXT,https://portus.puertos.es/portussvr/api,1.99,3.41,6.64,4.84,294,270,25.25,,,,,,,,OK,1d510720a7e0b25ca70bcffc785e2ed6c3c95cac
2026-10-08T09:10:00Z,2026-10-08T09:24:46Z,VIENTO,4660,Estación Meteorológica de Castellón Mistral,39.97736,0.02505,1.0,Puertos del Estado · estaciones meteorológicas REMPOR,https://portus.puertos.es/portussvr/api,,,,,,,,,1.8,6.5,4.2,15.1,295,23.9,OK,1d510720a7e0b25ca70bcffc785e2ed6c3c95cac
2026-10-08T09:23:00Z,2026-10-08T09:24:46Z,MAREOGRAFO,3655,Mareografo de Sagunto,39.63392,-0.20624,43.9,Puertos del Estado · mareógrafo,https://portus.puertos.es/portussvr/api,,,,,,,,0.053,,,,,,,OK,1d510720a7e0b25ca70bcffc785e2ed6c3c95cac
2026-10-08T10:00:00Z,2026-10-08T11:24:01Z,BOYA,1712,Boya de Tarragona,41.07,1.19,155.5,Puertos del Estado · red de boyas REDEXT,https://portus.puertos.es/portussvr/api,0.25,0.5,17.7,3.0,221,,24.4,,,,,,,,OK,2f462c44bcfe0cbc6e8a5cf3508c0aa3ea046d1e
2026-10-08T10:00:00Z,2026-10-08T10:25:20Z,BOYA,2630,Boya de Valencia,39.51,0.2,54.9,Puertos del Estado · red de boyas REDEXT,https://portus.puertos.es/portussvr/api,0.82,1.25,4.88,3.44,10,34,24.4,,,,,,,,OK,b47a2c441875c25734b5fe4b00f785b7aa215ce6
2026-10-08T10:00:00Z,2026-10-08T10:25:20Z,BOYA,2720,Boya de Tarragona,40.69,1.47,145.2,Puertos del Estado · red de boyas REDEXT,https://portus.puertos.es/portussvr/api,1.76,2.59,6.05,4.69,297,290,25.11,,,,,,,,OK,b47a2c441875c25734b5fe4b00f785b7aa215ce6
2026-10-08T10:10:00Z,2026-10-08T10:25:20Z,VIENTO,4660,Estación Meteorológica de Castellón Mistral,39.97736,0.02505,1.0,Puertos del Estado · estaciones meteorológicas REMPOR,https://portus.puertos.es/portussvr/api,,,,,,,,,3.1,11.2,5.3,19.1,269,24.9,OK,b47a2c441875c25734b5fe4b00f785b7aa215ce6
2026-10-08T10:24:00Z,2026-10-08T10:25:20Z,MAREOGRAFO,3655,Mareografo de Sagunto,39.63392,-0.20624,43.9,Puertos del Estado · mareógrafo,https://portus.puertos.es/portussvr/api,,,,,,,,0.062,,,,,,,OK,b47a2c441875c25734b5fe4b00f785b7aa215ce6
2026-10-08T11:00:00Z,2026-10-08T12:30:34Z,BOYA,1712,Boya de Tarragona,41.07,1.19,155.5,Puertos del Estado · red de boyas REDEXT,https://portus.puertos.es/portussvr/api,0.26,0.47,11.4,2.8,221,,24.3,,,,,,,,OK,046d401e7180a060b017489a9f7f29a394fd0555
2026-10-08T11:00:00Z,2026-10-08T11:24:01Z,BOYA,2630,Boya de Valencia,39.51,0.2,54.9,Puertos del Estado · red de boyas REDEXT,https://portus.puertos.es/portussvr/api,0.82,1.09,4.88,3.59,355,37,24.61,,,,,,,,OK,2f462c44bcfe0cbc6e8a5cf3508c0aa3ea046d1e
2026-10-08T11:00:00Z,2026-10-08T11:24:01Z,BOYA,2720,Boya de Tarragona,40.69,1.47,145.2,Puertos del Estado · red de boyas REDEXT,https://portus.puertos.es/portussvr/api,1.52,3.03,6.45,4.53,295,273,24.95,,,,,,,,OK,2f462c44bcfe0cbc6e8a5cf3508c0aa3ea046d1e
2026-10-08T11:10:00Z,2026-10-08T11:24:01Z,VIENTO,4660,Estación Meteorológica de Castellón Mistral,39.97736,0.02505,1.0,Puertos del Estado · estaciones meteorológicas REMPOR,https://portus.puertos.es/portussvr/api,,,,,,,,,2.3,8.3,4.2,15.1,358,26.0,OK,2f462c44bcfe0cbc6e8a5cf3508c0aa3ea046d1e
2026-10-08T11:23:00Z,2026-10-08T11:24:01Z,MAREOGRAFO,3655,Mareografo de Sagunto,39.63392,-0.20624,43.9,Puertos del Estado · mareógrafo,https://portus.puertos.es/portussvr/api,,,,,,,,0.051,,,,,,,OK,2f462c44bcfe0cbc6e8a5cf3508c0aa3ea046d1e
2026-10-08T12:00:00Z,2026-10-08T13:26:57Z,BOYA,1712,Boya de Tarragona,41.07,1.19,155.5,Puertos del Estado · red de boyas REDEXT,https://portus.puertos.es/portussvr/api,0.29,0.57,22.8,2.5,250,,24.2,,,,,,,,OK,c807422cd0aed2b4cef0b832300e278121d67577
2026-10-08T12:00:00Z,2026-10-08T12:30:34Z,BOYA,2630,Boya de Valencia,39.51,0.2,54.9,Puertos del Estado · red de boyas REDEXT,https://portus.puertos.es/portussvr/api,0.82,1.06,4.49,3.75,7,23,24.54,,,,,,,,OK,046d401e7180a060b017489a9f7f29a394fd0555
2026-10-08T12:00:00Z,2026-10-08T12:30:34Z,BOYA,2720,Boya de Tarragona,40.69,1.47,145.2,Puertos del Estado · red de boyas REDEXT,https://portus.puertos.es/portussvr/api,1.41,2.13,5.66,4.38,294,293,24.81,,,,,,,,OK,046d401e7180a060b017489a9f7f29a394fd0555
2026-10-08T12:20:00Z,2026-10-08T12:30:34Z,VIENTO,4660,Estación Meteorológica de Castellón Mistral,39.97736,0.02505,1.0,Puertos del Estado · estaciones meteorológicas REMPOR,https://portus.puertos.es/portussvr/api,,,,,,,,,2.5,9.0,5.3,19.1,337,26.5,OK,046d401e7180a060b017489a9f7f29a394fd0555
2026-10-08T12:29:00Z,2026-10-08T12:30:34Z,MAREOGRAFO,3655,Mareografo de Sagunto,39.63392,-0.20624,43.9,Puertos del Estado · mareógrafo,https://portus.puertos.es/portussvr/api,,,,,,,,0.09,,,,,,,OK,046d401e7180a060b017489a9f7f29a394fd0555
2026-10-08T13:00:00Z,2026-10-08T14:26:29Z,BOYA,1712,Boya de Tarragona,41.07,1.19,155.5,Puertos del Estado · red de boyas REDEXT,https://portus.puertos.es/portussvr/api,0.29,0.55,19.0,2.4,242,,24.2,,,,,,,,OK,906f424517ef0764e4d4cc108155467a8ac4f4de
2026-10-08T13:00:00Z,2026-10-08T13:26:57Z,BOYA,2630,Boya de Valencia,39.51,0.2,54.9,Puertos del Estado · red de boyas REDEXT,https://portus.puertos.es/portussvr/api,0.7,1.09,4.3,3.59,1,8,24.43,,,,,,,,OK,c807422cd0aed2b4cef0b832300e278121d67577
2026-10-08T13:00:00Z,2026-10-08T13:26:57Z,BOYA,2720,Boya de Tarragona,40.69,1.47,145.2,Puertos del Estado · red de boyas REDEXT,https://portus.puertos.es/portussvr/api,1.29,2.06,5.66,4.22,297,295,24.78,,,,,,,,OK,c807422cd0aed2b4cef0b832300e278121d67577
2026-10-08T13:10:00Z,2026-10-08T13:26:57Z,VIENTO,4660,Estación Meteorológica de Castellón Mistral,39.97736,0.02505,1.0,Puertos del Estado · estaciones meteorológicas REMPOR,https://portus.puertos.es/portussvr/api,,,,,,,,,2.8,10.1,5.9,21.2,352,26.4,OK,c807422cd0aed2b4cef0b832300e278121d67577
2026-10-08T13:25:00Z,2026-10-08T13:26:57Z,MAREOGRAFO,3655,Mareografo de Sagunto,39.63392,-0.20624,43.9,Puertos del Estado · mareógrafo,https://portus.puertos.es/portussvr/api,,,,,,,,0.078,,,,,,,OK,c807422cd0aed2b4cef0b832300e278121d67577
2026-10-08T14:00:00Z,2026-10-08T15:25:14Z,BOYA,1712,Boya de Tarragona,41.07,1.19,155.5,Puertos del Estado · red de boyas REDEXT,https://portus.puertos.es/portussvr/api,0.29,0.44,8.5,2.5,238,,24.1,,,,,,,,OK,5228a5f205be766bee08b1c551fdbaee0e114801
2026-10-08T14:00:00Z,2026-10-08T14:26:29Z,BOYA,2630,Boya de Valencia,39.51,0.2,54.9,Puertos del Estado · red de boyas REDEXT,https://portus.puertos.es/portussvr/api,0.82,1.22,4.69,3.75,346,8,24.45,,,,,,,,OK,906f424517ef0764e4d4cc108155467a8ac4f4de
2026-10-08T14:00:00Z,2026-10-08T14:26:29Z,BOYA,2720,Boya de Tarragona,40.69,1.47,145.2,Puertos del Estado · red de boyas REDEXT,https://portus.puertos.es/portussvr/api,1.41,1.94,5.66,4.22,294,293,24.76,,,,,,,,OK,906f424517ef0764e4d4cc108155467a8ac4f4de
2026-10-08T14:10:00Z,2026-10-08T14:26:29Z,VIENTO,4660,Estación Meteorológica de Castellón Mistral,39.97736,0.02505,1.0,Puertos del Estado · estaciones meteorológicas REMPOR,https://portus.puertos.es/portussvr/api,,,,,,,,,2.4,8.6,5.9,21.2,327,26.6,OK,906f424517ef0764e4d4cc108155467a8ac4f4de
2026-10-08T14:25:00Z,2026-10-08T14:26:29Z,MAREOGRAFO,3655,Mareografo de Sagunto,39.63392,-0.20624,43.9,Puertos del Estado · mareógrafo,https://portus.puertos.es/portussvr/api,,,,,,,,0.136,,,,,,,OK,906f424517ef0764e4d4cc108155467a8ac4f4de
2026-10-08T15:00:00Z,2026-10-08T15:25:14Z,BOYA,2630,Boya de Valencia,39.51,0.2,54.9,Puertos del Estado · red de boyas REDEXT,https://portus.puertos.es/portussvr/api,0.7,1.22,4.49,3.75,4,8,24.38,,,,,,,,OK,5228a5f205be766bee08b1c551fdbaee0e114801
2026-10-08T15:00:00Z,2026-10-08T15:25:14Z,BOYA,2720,Boya de Tarragona,40.69,1.47,145.2,Puertos del Estado · red de boyas REDEXT,https://portus.puertos.es/portussvr/api,1.52,2.38,5.47,4.38,295,290,24.73,,,,,,,,OK,5228a5f205be766bee08b1c551fdbaee0e114801
2026-10-08T15:10:00Z,2026-10-08T15:25:14Z,VIENTO,4660,Estación Meteorológica de Castellón Mistral,39.97736,0.02505,1.0,Puertos del Estado · estaciones meteorológicas REMPOR,https://portus.puertos.es/portussvr/api,,,,,,,,,4.7,16.9,6.7,24.1,25,25.2,OK,5228a5f205be766bee08b1c551fdbaee0e114801
2026-10-08T15:24:00Z,2026-10-08T15:25:14Z,MAREOGRAFO,3655,Mareografo de Sagunto,39.63392,-0.20624,43.9,Puertos del Estado · mareógrafo,https://portus.puertos.es/portussvr/api,,,,,,,,0.152,,,,,,,OK,5228a5f205be766bee08b1c551fdbaee0e114801
2026-10-09T12:00:00Z,2026-10-09T13:07:12Z,BOYA,1712,Boya de Tarragona,41.07,1.19,155.5,Puertos del Estado · red de boyas REDEXT,https://portus.puertos.es/portussvr/api,0.47,0.72,8.7,5.3,140,,24.5,,,,,,,,OK,58b8d06ffa468afd1c40db37ce10f865216ed129
2026-10-09T12:50:00Z,2026-10-09T13:07:12Z,VIENTO,4660,Estación Meteorológica de Castellón Mistral,39.97736,0.02505,1.0,Puertos del Estado · estaciones meteorológicas REMPOR,https://portus.puertos.es/portussvr/api,,,,,,,,,3.2,11.5,5.0,18.0,145,20.4,OK,58b8d06ffa468afd1c40db37ce10f865216ed129
2026-10-09T13:00:00Z,2026-10-09T13:07:12Z,BOYA,2630,Boya de Valencia,39.51,0.2,54.9,Puertos del Estado · red de boyas REDEXT,https://portus.puertos.es/portussvr/api,0.94,1.28,7.23,4.84,41,56,23.39,,,,,,,,OK,58b8d06ffa468afd1c40db37ce10f865216ed129
2026-10-09T13:00:00Z,2026-10-09T13:07:12Z,BOYA,2720,Boya de Tarragona,40.69,1.47,145.2,Puertos del Estado · red de boyas REDEXT,https://portus.puertos.es/portussvr/api,1.05,1.59,4.49,4.22,325,304,24.72,,,,,,,,OK,58b8d06ffa468afd1c40db37ce10f865216ed129
2026-10-09T13:06:00Z,2026-10-09T13:07:12Z,MAREOGRAFO,3655,Mareografo de Sagunto,39.63392,-0.20624,43.9,Puertos del Estado · mareógrafo,https://portus.puertos.es/portussvr/api,,,,,,,,0.061,,,,,,,OK,58b8d06ffa468afd1c40db37ce10f865216ed129
2026-10-09T18:00:00Z,2026-10-09T18:46:00Z,BOYA,1712,Boya de Tarragona,41.07,1.19,155.5,Puertos del Estado · red de boyas REDEXT,https://portus.puertos.es/portussvr/api,0.47,0.67,8.0,3.7,166,,24.7,,,,,,,,OK,757542de7fb05b50af4973aad93f15c4f15c7f29
2026-10-09T18:00:00Z,2026-10-09T18:46:00Z,BOYA,2630,Boya de Valencia,39.51,0.2,54.9,Puertos del Estado · red de boyas REDEXT,https://portus.puertos.es/portussvr/api,0.7,1.31,6.64,5.31,65,39,23.39,,,,,,,,OK,757542de7fb05b50af4973aad93f15c4f15c7f29
2026-10-09T18:00:00Z,2026-10-09T18:46:00Z,BOYA,2720,Boya de Tarragona,40.69,1.47,145.2,Puertos del Estado · red de boyas REDEXT,https://portus.puertos.es/portussvr/api,0.7,0.88,5.47,4.69,90,79,24.72,,,,,,,,OK,757542de7fb05b50af4973aad93f15c4f15c7f29
2026-10-09T18:30:00Z,2026-10-09T18:46:00Z,VIENTO,4660,Estación Meteorológica de Castellón Mistral,39.97736,0.02505,1.0,Puertos del Estado · estaciones meteorológicas REMPOR,https://portus.puertos.es/portussvr/api,,,,,,,,,0.0,0.0,0.0,0.0,267,18.6,OK,757542de7fb05b50af4973aad93f15c4f15c7f29
2026-10-09T18:44:00Z,2026-10-09T18:46:00Z,MAREOGRAFO,3655,Mareografo de Sagunto,39.63392,-0.20624,43.9,Puertos del Estado · mareógrafo,https://portus.puertos.es/portussvr/api,,,,,,,,0.108,,,,,,,OK,757542de7fb05b50af4973aad93f15c4f15c7f29
2026-10-09T22:00:00Z,2026-10-09T23:10:42Z,BOYA,1712,Boya de Tarragona,41.07,1.19,155.5,Puertos del Estado · red de boyas REDEXT,https://portus.puertos.es/portussvr/api,0.45,0.75,7.5,4.1,161,,24.4,,,,,,,,OK,9963e643c67db6d6519b22a53c48cf3669d546f0
2026-10-09T23:00:00Z,2026-10-09T23:10:42Z,BOYA,2630,Boya de Valencia,39.51,0.2,54.9,Puertos del Estado · red de boyas REDEXT,https://portus.puertos.es/portussvr/api,0.59,0.97,5.86,4.84,67,56,23.26,,,,,,,,OK,9963e643c67db6d6519b22a53c48cf3669d546f0
2026-10-09T23:00:00Z,2026-10-09T23:10:42Z,BOYA,2720,Boya de Tarragona,40.69,1.47,145.2,Puertos del Estado · red de boyas REDEXT,https://portus.puertos.es/portussvr/api,0.59,0.94,7.62,4.06,99,65,24.61,,,,,,,,OK,9963e643c67db6d6519b22a53c48cf3669d546f0
2026-10-09T23:00:00Z,2026-10-09T23:10:42Z,VIENTO,4660,Estación Meteorológica de Castellón Mistral,39.97736,0.02505,1.0,Puertos del Estado · estaciones meteorológicas REMPOR,https://portus.puertos.es/portussvr/api,,,,,,,,,0.3,1.1,1.7,6.1,255,15.6,OK,9963e643c67db6d6519b22a53c48cf3669d546f0
2026-10-09T23:09:00Z,2026-10-09T23:10:42Z,MAREOGRAFO,3655,Mareografo de Sagunto,39.63392,-0.20624,43.9,Puertos del Estado · mareógrafo,https://portus.puertos.es/portussvr/api,,,,,,,,0.069,,,,,,,OK,9963e643c67db6d6519b22a53c48cf3669d546f0
2026-10-10T01:00:00Z,2026-10-10T02:17:29Z,BOYA,1712,Boya de Tarragona,41.07,1.19,155.5,Puertos del Estado · red de boyas REDEXT,https://portus.puertos.es/portussvr/api,0.35,0.52,7.4,4.4,148,,24.3,,,,,,,,OK,507e78cd77f07b2eac45051d7311a8dede32ad86
2026-10-10T02:00:00Z,2026-10-10T02:17:29Z,BOYA,2630,Boya de Valencia,39.51,0.2,54.9,Puertos del Estado · red de boyas REDEXT,https://portus.puertos.es/portussvr/api,0.59,1.0,5.27,4.84,69,70,23.26,,,,,,,,OK,507e78cd77f07b2eac45051d7311a8dede32ad86
2026-10-10T02:00:00Z,2026-10-10T02:17:29Z,BOYA,2720,Boya de Tarragona,40.69,1.47,145.2,Puertos del Estado · red de boyas REDEXT,https://portus.puertos.es/portussvr/api,0.7,0.94,3.32,3.59,84,284,24.6,,,,,,,,OK,507e78cd77f07b2eac45051d7311a8dede32ad86
2026-10-10T02:00:00Z,2026-10-10T02:17:29Z,VIENTO,4660,Estación Meteorológica de Castellón Mistral,39.97736,0.02505,1.0,Puertos del Estado · estaciones meteorológicas REMPOR,https://portus.puertos.es/portussvr/api,,,,,,,,,2.0,7.2,2.8,10.1,249,16.4,OK,507e78cd77f07b2eac45051d7311a8dede32ad86
2026-10-10T02:16:00Z,2026-10-10T02:17:29Z,MAREOGRAFO,3655,Mareografo de Sagunto,39.63392,-0.20624,43.9,Puertos del Estado · mareógrafo,https://portus.puertos.es/portussvr/api,,,,,,,,0.055,,,,,,,OK,507e78cd77f07b2eac45051d7311a8dede32ad86
2026-10-10T09:00:00Z,2026-10-10T09:43:34Z,BOYA,1712,Boya de Tarragona,41.07,1.19,155.5,Puertos del Estado · red de boyas REDEXT,https://portus.puertos.es/portussvr/api,0.24,0.45,7.8,4.6,147,,24.2,,,,,,,,OK,6fd5e0e07304d72ba12154702af9dd9ce770cb0e
2026-10-10T09:00:00Z,2026-10-10T09:43:34Z,BOYA,2630,Boya de Valencia,39.51,0.2,54.9,Puertos del Estado · red de boyas REDEXT,https://portus.puertos.es/portussvr/api,0.47,0.78,3.13,3.75,102,219,23.18,,,,,,,,OK,6fd5e0e07304d72ba12154702af9dd9ce770cb0e
2026-10-10T09:00:00Z,2026-10-10T09:43:34Z,BOYA,2720,Boya de Tarragona,40.69,1.47,145.2,Puertos del Estado · red de boyas REDEXT,https://portus.puertos.es/portussvr/api,0.59,0.97,4.3,3.59,301,293,24.47,,,,,,,,OK,6fd5e0e07304d72ba12154702af9dd9ce770cb0e
2026-10-10T09:30:00Z,2026-10-10T09:43:34Z,VIENTO,4660,Estación Meteorológica de Castellón Mistral,39.97736,0.02505,1.0,Puertos del Estado · estaciones meteorológicas REMPOR,https://portus.puertos.es/portussvr/api,,,,,,,,,0.5,1.8,1.4,5.0,87,22.3,OK,6fd5e0e07304d72ba12154702af9dd9ce770cb0e
2026-10-10T09:42:00Z,2026-10-10T09:43:34Z,MAREOGRAFO,3655,Mareografo de Sagunto,39.63392,-0.20624,43.9,Puertos del Estado · mareógrafo,https://portus.puertos.es/portussvr/api,,,,,,,,0.042,,,,,,,OK,6fd5e0e07304d72ba12154702af9dd9ce770cb0e
